ISO-10303-21;
HEADER;
FILE_DESCRIPTION (( 'STEP AP214' ),
    '1' );
FILE_NAME ('ADXL335.STEP',
    '2023-11-09T03:35:06',
    ( '' ),
    ( '' ),
    'SwSTEP 2.0',
    'SolidWorks 2021',
    '' );
FILE_SCHEMA (( 'AUTOMOTIVE_DESIGN' ));
ENDSEC;

DATA;
#1 = CARTESIAN_POINT ( 'NONE',  ( -0.1750000000000006828, 0.08999999999999999667, -1.924999999999999600 ) ) ;
#2 = CARTESIAN_POINT ( 'NONE',  ( -1.125000000000000666, 0.08999999999999999667, -1.999999999999999556 ) ) ;
#3 = DIRECTION ( 'NONE',  ( 0.000000000000000000, -1.000000000000000000, 0.000000000000000000 ) ) ;
#4 = DIRECTION ( 'NONE',  ( 0.000000000000000000, 0.000000000000000000, 1.000000000000000000 ) ) ;
#5 = CARTESIAN_POINT ( 'NONE',  ( 0.4750000000000005884, 0.1499999999999999667, 1.924999999999998934 ) ) ;
#6 = DIRECTION ( 'NONE',  ( 1.445602896647339706E-15, 0.000000000000000000, 1.000000000000000000 ) ) ;
#7 = ADVANCED_FACE ( 'NONE', ( #5759 ), #1252, .T. ) ;
#8 = ORIENTED_EDGE ( 'NONE', *, *, #635, .T. ) ;
#9 = DIRECTION ( 'NONE',  ( 1.192004691317674036E-14, 0.000000000000000000, 1.000000000000000000 ) ) ;
#10 = VERTEX_POINT ( 'NONE', #7291 ) ;
#11 = ORIENTED_EDGE ( 'NONE', *, *, #7576, .F. ) ;
#12 = CARTESIAN_POINT ( 'NONE',  ( -0.1749999999999993783, 0.1499999999999999667, 1.925000000000000933 ) ) ;
#13 = AXIS2_PLACEMENT_3D ( 'NONE', #2082, #7381, #6642 ) ;
#14 = DIRECTION ( 'NONE',  ( -1.000000000000000000, 0.000000000000000000, 1.445602896647339706E-15 ) ) ;
#15 = CARTESIAN_POINT ( 'NONE',  ( -2.000000000000004441, 0.08999999999999999667, -0.4749999999999783840 ) ) ;
#16 = CARTESIAN_POINT ( 'NONE',  ( -0.4749999999999997558, 0.1499999999999999944, 1.650000000000000577 ) ) ;
#17 = AXIS2_PLACEMENT_3D ( 'NONE', #2782, #8019, #8670 ) ;
#18 = EDGE_LOOP ( 'NONE', ( #4085, #6777, #2749, #7166 ) ) ;
#19 = FILL_AREA_STYLE_COLOUR ( '', #194 ) ;
#20 = EDGE_CURVE ( 'NONE', #7454, #5326, #7889, .T. ) ;
#21 = ORIENTED_EDGE ( 'NONE', *, *, #4050, .T. ) ;
#22 = EDGE_CURVE ( 'NONE', #176, #6679, #3350, .T. ) ;
#23 = VECTOR ( 'NONE', #8675, 1000.000000000000000 ) ;
#24 = ORIENTED_EDGE ( 'NONE', *, *, #6227, .T. ) ;
#25 = EDGE_LOOP ( 'NONE', ( #6731, #1863, #8712, #7261 ) ) ;
#26 = EDGE_CURVE ( 'NONE', #715, #167, #6555, .T. ) ;
#27 = VECTOR ( 'NONE', #7030, 1000.000000000000000 ) ;
#28 = CARTESIAN_POINT ( 'NONE',  ( 1.125000000000000666, 0.1499999999999999944, 1.925000000000000933 ) ) ;
#29 = PLANE ( 'NONE',  #4403 ) ;
#30 = FACE_BOUND ( 'NONE', #1889, .T. ) ;
#31 = AXIS2_PLACEMENT_3D ( 'NONE', #4443, #5277, #1561 ) ;
#32 = DIRECTION ( 'NONE',  ( 0.000000000000000000, -1.000000000000000000, 0.000000000000000000 ) ) ;
#33 = FACE_OUTER_BOUND ( 'NONE', #646, .T. ) ;
#34 = ORIENTED_EDGE ( 'NONE', *, *, #7848, .T. ) ;
#35 = VECTOR ( 'NONE', #6233, 1000.000000000000000 ) ;
#36 = AXIS2_PLACEMENT_3D ( 'NONE', #6391, #5743, #4952 ) ;
#37 = ORIENTED_EDGE ( 'NONE', *, *, #6446, .T. ) ;
#38 = VERTEX_POINT ( 'NONE', #2053 ) ;
#39 =( GEOMETRIC_REPRESENTATION_CONTEXT ( 3 ) GLOBAL_UNCERTAINTY_ASSIGNED_CONTEXT ( ( #2710 ) ) GLOBAL_UNIT_ASSIGNED_CONTEXT ( ( #3201, #3849, #2503 ) ) REPRESENTATION_CONTEXT ( 'NONE', 'WORKASPACE' ) );
#40 = ADVANCED_FACE ( 'NONE', ( #8841 ), #5061, .F. ) ;
#41 = ADVANCED_FACE ( 'NONE', ( #2244 ), #3696, .F. ) ;
#42 = CLOSED_SHELL ( 'NONE', ( #5833, #6162, #5523, #2105, #5281, #1592 ) ) ;
#43 = VECTOR ( 'NONE', #8864, 1000.000000000000000 ) ;
#44 = LINE ( 'NONE', #8112, #1455 ) ;
#45 = AXIS2_PLACEMENT_3D ( 'NONE', #7864, #1079, #347 ) ;
#46 = LINE ( 'NONE', #8359, #6782 ) ;
#47 = CARTESIAN_POINT ( 'NONE',  ( -1.100000000000000089, 0.1499999999999999667, 1.199999999999999734 ) ) ;
#48 = CARTESIAN_POINT ( 'NONE',  ( -0.3249999999999997891, 0.1499999999999999944, 1.500000000000000888 ) ) ;
#49 = EDGE_CURVE ( 'NONE', #8179, #1695, #9087, .T. ) ;
#51 = CARTESIAN_POINT ( 'NONE',  ( -0.1749999999999993783, 0.1499999999999999944, 1.925000000000000933 ) ) ;
#50 = CARTESIAN_POINT ( 'NONE',  ( -1.924999999999999156, 0.1499999999999999667, -0.8249999999999998446 ) ) ;
#52 = ORIENTED_EDGE ( 'NONE', *, *, #8620, .T. ) ;
#53 = CARTESIAN_POINT ( 'NONE',  ( 1.999999999999996669, 0.08999999999999999667, -0.8250000000000076161 ) ) ;
#54 = ORIENTED_EDGE ( 'NONE', *, *, #8760, .F. ) ;
#55 = CARTESIAN_POINT ( 'NONE',  ( -1.124999999999999334, 0.08999999999999999667, 1.999999999999999556 ) ) ;
#56 = EDGE_CURVE ( 'NONE', #5195, #1638, #647, .T. ) ;
#57 = AXIS2_PLACEMENT_3D ( 'NONE', #8295, #718, #4487 ) ;
#58 = DIRECTION ( 'NONE',  ( 0.000000000000000000, 0.000000000000000000, 1.000000000000000000 ) ) ;
#59 = FACE_OUTER_BOUND ( 'NONE', #3325, .T. ) ;
#60 = LINE ( 'NONE', #6896, #1389 ) ;
#61 = CARTESIAN_POINT ( 'NONE',  ( 1.924999999999999156, 0.1499999999999999667, 0.4750000000000000333 ) ) ;
#62 = CARTESIAN_POINT ( 'NONE',  ( -1.924999999999994049, 0.08999999999999999667, 0.4750000000000207390 ) ) ;
#63 = DIRECTION ( 'NONE',  ( -0.000000000000000000, -1.000000000000000000, 0.000000000000000000 ) ) ;
#64 = ORIENTED_EDGE ( 'NONE', *, *, #6942, .F. ) ;
#65 = DIRECTION ( 'NONE',  ( -0.000000000000000000, -1.000000000000000000, -0.000000000000000000 ) ) ;
#66 = ORIENTED_EDGE ( 'NONE', *, *, #8017, .F. ) ;
#67 = VECTOR ( 'NONE', #4740, 1000.000000000000000 ) ;
#68 = ORIENTED_EDGE ( 'NONE', *, *, #5537, .T. ) ;
#69 = LINE ( 'NONE', #7001, #1990 ) ;
#70 = DIRECTION ( 'NONE',  ( 0.000000000000000000, -0.000000000000000000, 1.000000000000000000 ) ) ;
#71 = LINE ( 'NONE', #2392, #6468 ) ;
#72 = DIRECTION ( 'NONE',  ( 0.000000000000000000, -1.000000000000000000, 0.000000000000000000 ) ) ;
#73 = ORIENTED_EDGE ( 'NONE', *, *, #3504, .T. ) ;
#74 = DIRECTION ( 'NONE',  ( 1.047444401652940007E-14, 0.000000000000000000, 1.000000000000000000 ) ) ;
#75 = ORIENTED_EDGE ( 'NONE', *, *, #2477, .F. ) ;
#76 = VECTOR ( 'NONE', #336, 1000.000000000000000 ) ;
#77 = ORIENTED_EDGE ( 'NONE', *, *, #9065, .F. ) ;
#78 = ADVANCED_FACE ( 'NONE', ( #3643 ), #5306, .F. ) ;
#79 = ORIENTED_EDGE ( 'NONE', *, *, #5844, .F. ) ;
#80 = EDGE_CURVE ( 'NONE', #3954, #735, #2097, .T. ) ;
#81 = CARTESIAN_POINT ( 'NONE',  ( 0.4750000000000005884, 0.08999999999999999667, 1.999999999999999556 ) ) ;
#82 = PLANE ( 'NONE',  #5181 ) ;
#83 = AXIS2_PLACEMENT_3D ( 'NONE', #7789, #3798, #9193 ) ;
#84 = FACE_BOUND ( 'NONE', #1718, .T. ) ;
#85 = PLANE ( 'NONE',  #8950 ) ;
#86 = VERTEX_POINT ( 'NONE', #3594 ) ;
#87 =( GEOMETRIC_REPRESENTATION_CONTEXT ( 3 ) GLOBAL_UNCERTAINTY_ASSIGNED_CONTEXT ( ( #6172 ) ) GLOBAL_UNIT_ASSIGNED_CONTEXT ( ( #5826, #5075, #8103 ) ) REPRESENTATION_CONTEXT ( 'NONE', 'WORKASPACE' ) );
#88 = ORIENTED_EDGE ( 'NONE', *, *, #2031, .F. ) ;
#89 = ORIENTED_EDGE ( 'NONE', *, *, #8630, .T. ) ;
#90 = AXIS2_PLACEMENT_3D ( 'NONE', #3401, #1149, #414 ) ;
#91 = CARTESIAN_POINT ( 'NONE',  ( 0.1750000000000006828, 0.08999999999999999667, 1.924999999999999600 ) ) ;
#92 = CARTESIAN_POINT ( 'NONE',  ( 1.924999999999995826, 0.08999999999999999667, -0.8250000000000073941 ) ) ;
#93 = SURFACE_STYLE_FILL_AREA ( #2981 ) ;
#94 = FACE_OUTER_BOUND ( 'NONE', #4959, .T. ) ;
#95 = CARTESIAN_POINT ( 'NONE',  ( -2.000000000000001332, 0.08999999999999999667, -0.1749999999999784228 ) ) ;
#96 = VERTEX_POINT ( 'NONE', #2954 ) ;
#97 = LINE ( 'NONE', #7619, #4800 ) ;
#98 = ORIENTED_EDGE ( 'NONE', *, *, #2894, .T. ) ;
#99 = ADVANCED_FACE ( 'NONE', ( #4520 ), #5109, .T. ) ;
#100 = AXIS2_PLACEMENT_3D ( 'NONE', #898, #161, #752 ) ;
#101 = CARTESIAN_POINT ( 'NONE',  ( 0.4749999999999993117, 0.08999999999999999667, -1.924999999999999600 ) ) ;
#102 = EDGE_CURVE ( 'NONE', #4073, #8700, #9789, .T. ) ;
#103 = CARTESIAN_POINT ( 'NONE',  ( 1.619058829184428339, 0.08999999999999999667, -0.8250000000000062839 ) ) ;
#105 = DIRECTION ( 'NONE',  ( 0.000000000000000000, 0.000000000000000000, 1.000000000000000000 ) ) ;
#104 = PLANE ( 'NONE',  #5880 ) ;
#106 = CARTESIAN_POINT ( 'NONE',  ( -2.000000000000008438, 0.08999999999999999667, -0.8249999999999784173 ) ) ;
#107 = DIRECTION ( 'NONE',  ( 1.000000000000000000, 0.000000000000000000, -1.047444401652940007E-14 ) ) ;
#108 = LINE ( 'NONE', #2996, #1122 ) ;
#109 = ADVANCED_FACE ( 'NONE', ( #6602 ), #6757, .F. ) ;
#110 = CARTESIAN_POINT ( 'NONE',  ( 1.125000000000000666, 0.1499999999999999667, 1.925000000000000933 ) ) ;
#111 = ORIENTED_EDGE ( 'NONE', *, *, #946, .F. ) ;
#112 = CARTESIAN_POINT ( 'NONE',  ( -1.649999999999999023, 0.1499999999999999667, 0.9749999999999999778 ) ) ;
#113 = ADVANCED_FACE ( 'NONE', ( #6653, #9739, #8883, #8939, #7491 ), #1437, .F. ) ;
#114 = EDGE_LOOP ( 'NONE', ( #3228, #6283, #5609, #8633 ) ) ;
#115 = EDGE_LOOP ( 'NONE', ( #3451, #2247, #6857, #2207 ) ) ;
#116 = DIRECTION ( 'NONE',  ( -1.000000000000000000, 0.000000000000000000, 3.942553354492742052E-16 ) ) ;
#117 = DIRECTION ( 'NONE',  ( 1.000000000000000000, 0.000000000000000000, -3.491481338843133355E-15 ) ) ;
#118 = CARTESIAN_POINT ( 'NONE',  ( -1.925000000000009592, 0.1499999999999999667, -0.8249999999999791944 ) ) ;
#119 = DIRECTION ( 'NONE',  ( 0.000000000000000000, 1.000000000000000000, -0.000000000000000000 ) ) ;
#120 = ORIENTED_EDGE ( 'NONE', *, *, #9011, .F. ) ;
#121 = ORIENTED_EDGE ( 'NONE', *, *, #1649, .F. ) ;
#122 = ORIENTED_EDGE ( 'NONE', *, *, #2955, .F. ) ;
#123 = COLOUR_RGB ( '',0.7921568627450980005, 0.8196078431372548767, 0.9333333333333333481 ) ;
#124 = ORIENTED_EDGE ( 'NONE', *, *, #5406, .T. ) ;
#125 = CARTESIAN_POINT ( 'NONE',  ( -0.4749999999999993117, 0.1499999999999999667, 1.999999999999999556 ) ) ;
#126 = DIRECTION ( 'NONE',  ( -1.047444401652940007E-14, 0.000000000000000000, -1.000000000000000000 ) ) ;
#127 = CARTESIAN_POINT ( 'NONE',  ( 1.649999999999999023, 0.05000000000000002359, -0.4749999999999999223 ) ) ;
#128 = CARTESIAN_POINT ( 'NONE',  ( -0.3249999999999997891, 0.04999999999999999584, -1.650000000000000799 ) ) ;
#129 = CARTESIAN_POINT ( 'NONE',  ( -0.3249999999999997891, 0.000000000000000000, 1.650000000000000799 ) ) ;
#130 = VECTOR ( 'NONE', #9412, 1000.000000000000000 ) ;
#131 = EDGE_LOOP ( 'NONE', ( #4159, #279, #6495, #6059 ) ) ;
#132 = VECTOR ( 'NONE', #909, 1000.000000000000000 ) ;
#133 = ORIENTED_EDGE ( 'NONE', *, *, #2833, .T. ) ;
#134 = EDGE_CURVE ( 'NONE', #4495, #5359, #8225, .T. ) ;
#135 = VERTEX_POINT ( 'NONE', #1344 ) ;
#136 = CARTESIAN_POINT ( 'NONE',  ( -1.924999999999994937, 0.08999999999999999667, 0.4750000000000207390 ) ) ;
#137 = FACE_OUTER_BOUND ( 'NONE', #5575, .T. ) ;
#138 = DIRECTION ( 'NONE',  ( 0.000000000000000000, 0.000000000000000000, 1.000000000000000000 ) ) ;
#139 = DIRECTION ( 'NONE',  ( 0.000000000000000000, -1.000000000000000000, 0.000000000000000000 ) ) ;
#140 = LINE ( 'NONE', #3172, #27 ) ;
#141 = VERTEX_POINT ( 'NONE', #4375 ) ;
#142 = LINE ( 'NONE', #3174, #4512 ) ;
#143 = ORIENTED_EDGE ( 'NONE', *, *, #6000, .F. ) ;
#144 = PLANE ( 'NONE',  #7922 ) ;
#145 = EDGE_CURVE ( 'NONE', #9299, #2656, #6002, .T. ) ;
#146 = EDGE_CURVE ( 'NONE', #5888, #8967, #2923, .T. ) ;
#147 =( NAMED_UNIT ( * ) SI_UNIT ( $, .STERADIAN. ) SOLID_ANGLE_UNIT ( ) );
#148 = DIRECTION ( 'NONE',  ( -0.000000000000000000, 0.000000000000000000, 1.000000000000000000 ) ) ;
#150 = FACE_OUTER_BOUND ( 'NONE', #7561, .T. ) ;
#149 = DIRECTION ( 'NONE',  ( 0.000000000000000000, -1.000000000000000000, 0.000000000000000000 ) ) ;
#151 = CARTESIAN_POINT ( 'NONE',  ( -1.124999999999999334, 0.1499999999999999667, 1.999999999999999556 ) ) ;
#152 = CARTESIAN_POINT ( 'NONE',  ( 0.8249999999999992895, 0.6702163011671209425, -1.925000000000000933 ) ) ;
#153 = EDGE_CURVE ( 'NONE', #3287, #1934, #4472, .T. ) ;
#154 = LINE ( 'NONE', #5444, #5385 ) ;
#155 = EDGE_CURVE ( 'NONE', #1074, #2772, #4425, .T. ) ;
#156 = DIRECTION ( 'NONE',  ( -0.000000000000000000, -1.000000000000000000, 0.000000000000000000 ) ) ;
#157 = ORIENTED_EDGE ( 'NONE', *, *, #2754, .T. ) ;
#158 = CARTESIAN_POINT ( 'NONE',  ( -0.3249999999999997891, 0.1499999999999999944, 1.650000000000000799 ) ) ;
#159 = EDGE_LOOP ( 'NONE', ( #9672, #1087, #9724, #1901, #6246 ) ) ;
#160 = EDGE_CURVE ( 'NONE', #5830, #9335, #8988, .T. ) ;
#161 = DIRECTION ( 'NONE',  ( 0.000000000000000000, 1.000000000000000000, 0.000000000000000000 ) ) ;
#162 = PLANE ( 'NONE',  #297 ) ;
#163 = LINE ( 'NONE', #943, #3253 ) ;
#164 = EDGE_CURVE ( 'NONE', #2762, #7793, #6804, .T. ) ;
#165 = ORIENTED_EDGE ( 'NONE', *, *, #7182, .F. ) ;
#166 =( NAMED_UNIT ( * ) SI_UNIT ( $, .STERADIAN. ) SOLID_ANGLE_UNIT ( ) );
#167 = VERTEX_POINT ( 'NONE', #2338 ) ;
#168 = ORIENTED_EDGE ( 'NONE', *, *, #5877, .T. ) ;
#169 = EDGE_LOOP ( 'NONE', ( #3121, #9458, #7390, #2740 ) ) ;
#170 = LINE ( 'NONE', #6216, #1830 ) ;
#171 = PLANE ( 'NONE',  #4782 ) ;
#172 = CARTESIAN_POINT ( 'NONE',  ( 2.000000000000003553, 0.08999999999999999667, 1.124999999999992228 ) ) ;
#173 = FACE_BOUND ( 'NONE', #1390, .T. ) ;
#174 = LINE ( 'NONE', #3861, #228 ) ;
#175 = LINE ( 'NONE', #5569, #3047 ) ;
#176 = VERTEX_POINT ( 'NONE', #1583 ) ;
#177 = VECTOR ( 'NONE', #5152, 1000.000000000000000 ) ;
#178 = VECTOR ( 'NONE', #3426, 1000.000000000000000 ) ;
#179 = EDGE_LOOP ( 'NONE', ( #1450, #5923, #7950, #6004 ) ) ;
#180 = AXIS2_PLACEMENT_3D ( 'NONE', #2191, #791, #3736 ) ;
#181 = ORIENTED_EDGE ( 'NONE', *, *, #6447, .T. ) ;
#182 = VECTOR ( 'NONE', #9257, 1000.000000000000000 ) ;
#183 = FACE_OUTER_BOUND ( 'NONE', #1706, .T. ) ;
#184 = DIRECTION ( 'NONE',  ( -0.000000000000000000, -1.000000000000000000, 0.000000000000000000 ) ) ;
#185 = CARTESIAN_POINT ( 'NONE',  ( 1.649999999999999023, 0.05000000000000002359, 0.1750000000000000167 ) ) ;
#186 = CARTESIAN_POINT ( 'NONE',  ( 2.000000000000003553, 0.08999999999999999667, 1.124999999999992228 ) ) ;
#187 = VECTOR ( 'NONE', #7858, 1000.000000000000000 ) ;
#188 = CARTESIAN_POINT ( 'NONE',  ( -1.619058829184436110, 0.1499999999999999667, -0.4749999999999823252 ) ) ;
#189 = AXIS2_PLACEMENT_3D ( 'NONE', #3138, #8983, #6140 ) ;
#190 = VERTEX_POINT ( 'NONE', #2386 ) ;
#191 = LINE ( 'NONE', #9317, #4025 ) ;
#192 = EDGE_LOOP ( 'NONE', ( #3441, #1058, #2991, #4211 ) ) ;
#193 = CARTESIAN_POINT ( 'NONE',  ( 0.1750000000000010991, 0.08999999999999999667, 1.924999999999999378 ) ) ;
#194 = COLOUR_RGB ( '',0.7921568627450980005, 0.8196078431372548767, 0.9333333333333333481 ) ;
#195 = AXIS2_PLACEMENT_3D ( 'NONE', #8370, #149, #838 ) ;
#196 = EDGE_CURVE ( 'NONE', #1428, #2720, #7963, .T. ) ;
#197 = VECTOR ( 'NONE', #5983, 1000.000000000000000 ) ;
#198 = DIRECTION ( 'NONE',  ( 0.000000000000000000, -1.000000000000000000, 0.000000000000000000 ) ) ;
#199 = CARTESIAN_POINT ( 'NONE',  ( -1.199999999999999956, 3.544112549695427994, -1.200000000000000178 ) ) ;
#200 = EDGE_CURVE ( 'NONE', #5861, #7052, #2543, .T. ) ;
#201 = VECTOR ( 'NONE', #3035, 1000.000000000000000 ) ;
#202 = DIRECTION ( 'NONE',  ( -0.000000000000000000, -0.000000000000000000, -1.000000000000000000 ) ) ;
#203 = CLOSED_SHELL ( 'NONE', ( #9674, #9407, #6094, #6209, #6259, #7587 ) ) ;
#204 = CARTESIAN_POINT ( 'NONE',  ( 1.924999999999995604, 0.1499999999999999667, -0.8250000000000073941 ) ) ;
#205 = ORIENTED_EDGE ( 'NONE', *, *, #8576, .T. ) ;
#206 = VECTOR ( 'NONE', #1063, 1000.000000000000000 ) ;
#207 = CARTESIAN_POINT ( 'NONE',  ( 1.125000000000000666, 0.6702163011671209425, 1.925000000000000933 ) ) ;
#208 = ORIENTED_EDGE ( 'NONE', *, *, #7891, .T. ) ;
#209 = DIRECTION ( 'NONE',  ( -0.000000000000000000, -1.000000000000000000, 0.000000000000000000 ) ) ;
#210 = ORIENTED_EDGE ( 'NONE', *, *, #5853, .T. ) ;
#211 = FACE_OUTER_BOUND ( 'NONE', #3536, .T. ) ;
#212 = FACE_OUTER_BOUND ( 'NONE', #7178, .T. ) ;
#213 = SURFACE_STYLE_FILL_AREA ( #7005 ) ;
#214 = FACE_OUTER_BOUND ( 'NONE', #9023, .T. ) ;
#215 = ORIENTED_EDGE ( 'NONE', *, *, #8769, .T. ) ;
#216 = FILL_AREA_STYLE_COLOUR ( '', #2734 ) ;
#217 = ADVANCED_FACE ( 'NONE', ( #7585 ), #6948, .T. ) ;
#218 = EDGE_LOOP ( 'NONE', ( #7167, #2788, #3413, #5371, #7985, #6594 ) ) ;
#219 = VECTOR ( 'NONE', #3978, 1000.000000000000000 ) ;
#220 = ORIENTED_EDGE ( 'NONE', *, *, #3868, .F. ) ;
#221 = EDGE_LOOP ( 'NONE', ( #9648, #8701, #6342, #2686 ) ) ;
#222 = ADVANCED_FACE ( 'NONE', ( #9336 ), #4665, .T. ) ;
#223 = DIRECTION ( 'NONE',  ( -1.000000000000000000, 0.000000000000000000, 0.000000000000000000 ) ) ;
#224 = CARTESIAN_POINT ( 'NONE',  ( 2.000000000000003553, 0.08999999999999999667, 1.124999999999992228 ) ) ;
#225 = PLANE ( 'NONE',  #8197 ) ;
#226 = LINE ( 'NONE', #6917, #392 ) ;
#227 = EDGE_CURVE ( 'NONE', #8830, #5693, #3189, .T. ) ;
#228 = VECTOR ( 'NONE', #7604, 1000.000000000000000 ) ;
#229 = SURFACE_SIDE_STYLE ('',( #5519 ) ) ;
#230 = VERTEX_POINT ( 'NONE', #6902 ) ;
#231 = ORIENTED_EDGE ( 'NONE', *, *, #2761, .F. ) ;
#232 = ORIENTED_EDGE ( 'NONE', *, *, #8753, .T. ) ;
#233 = ADVANCED_FACE ( 'NONE', ( #1639 ), #7780, .T. ) ;
#234 = CIRCLE ( 'NONE', #6732, 0.1499999999999999667 ) ;
#235 = CARTESIAN_POINT ( 'NONE',  ( -0.4749999999999997558, 0.1499999999999999667, 1.650000000000000577 ) ) ;
#236 = DIRECTION ( 'NONE',  ( 0.000000000000000000, 0.000000000000000000, 1.000000000000000000 ) ) ;
#237 = PRESENTATION_STYLE_ASSIGNMENT (( #6380 ) ) ;
#238 = DIRECTION ( 'NONE',  ( 0.000000000000000000, 0.000000000000000000, 1.000000000000000000 ) ) ;
#239 = COLOUR_RGB ( '',0.7921568627450980005, 0.8196078431372548767, 0.9333333333333333481 ) ;
#240 = CARTESIAN_POINT ( 'NONE',  ( -1.099999999999999867, 3.544112549695427994, -1.100000000000000089 ) ) ;
#241 = VERTEX_POINT ( 'NONE', #257 ) ;
#242 = LINE ( 'NONE', #1766, #8794 ) ;
#243 = ORIENTED_EDGE ( 'NONE', *, *, #5721, .T. ) ;
#244 = AXIS2_PLACEMENT_3D ( 'NONE', #5532, #8512, #5481 ) ;
#245 = CARTESIAN_POINT ( 'NONE',  ( 0.8250000000000006217, 0.6702163011671209425, 1.925000000000001377 ) ) ;
#246 = DIRECTION ( 'NONE',  ( -0.000000000000000000, -0.000000000000000000, 1.000000000000000000 ) ) ;
#247 = DIRECTION ( 'NONE',  ( 0.000000000000000000, -0.000000000000000000, -1.000000000000000000 ) ) ;
#248 = DIRECTION ( 'NONE',  ( -0.000000000000000000, -1.000000000000000000, -0.000000000000000000 ) ) ;
#249 = CARTESIAN_POINT ( 'NONE',  ( -1.925000000000005373, 0.08999999999999999667, -0.4749999999999791056 ) ) ;
#250 = CARTESIAN_POINT ( 'NONE',  ( -2.000000000000011102, 0.08999999999999999667, -1.124999999999978240 ) ) ;
#251 = ORIENTED_EDGE ( 'NONE', *, *, #690, .T. ) ;
#252 = ORIENTED_EDGE ( 'NONE', *, *, #7130, .F. ) ;
#253 = VECTOR ( 'NONE', #8086, 1000.000000000000000 ) ;
#254 = EDGE_CURVE ( 'NONE', #3614, #291, #377, .T. ) ;
#255 = CARTESIAN_POINT ( 'NONE',  ( -1.124999999999999334, 0.1499999999999999667, 1.925000000000001377 ) ) ;
#256 = EDGE_LOOP ( 'NONE', ( #2349, #7138, #9600, #7951 ) ) ;
#257 = CARTESIAN_POINT ( 'NONE',  ( 1.924999999999995826, 0.08999999999999999667, -1.125000000000007327 ) ) ;
#258 = EDGE_CURVE ( 'NONE', #8288, #7695, #4615, .T. ) ;
#259 = VECTOR ( 'NONE', #2657, 1000.000000000000000 ) ;
#260 = EDGE_LOOP ( 'NONE', ( #1267, #2628, #7607, #5201 ) ) ;
#261 = CARTESIAN_POINT ( 'NONE',  ( -0.4750000000000005884, 0.1500000000000008271, -2.000000000000000444 ) ) ;
#262 = DIRECTION ( 'NONE',  ( 0.000000000000000000, 0.000000000000000000, 1.000000000000000000 ) ) ;
#263 = CARTESIAN_POINT ( 'NONE',  ( 1.125000000000000666, 0.08999999999999999667, 1.619058829184431225 ) ) ;
#264 = CARTESIAN_POINT ( 'NONE',  ( -0.4750000000000005884, 0.1499999999999999667, -1.924999999999998934 ) ) ;
#265 = ORIENTED_EDGE ( 'NONE', *, *, #3249, .F. ) ;
#266 = ADVANCED_FACE ( 'NONE', ( #5498 ), #6097, .F. ) ;
#267 = ORIENTED_EDGE ( 'NONE', *, *, #4438, .F. ) ;
#268 = ORIENTED_EDGE ( 'NONE', *, *, #4548, .F. ) ;
#269 = ORIENTED_EDGE ( 'NONE', *, *, #1055, .T. ) ;
#270 = ADVANCED_FACE ( 'NONE', ( #1784, #5351, #6150, #3290, #3145 ), #6198, .F. ) ;
#271 = LINE ( 'NONE', #7841, #7844 ) ;
#272 = EDGE_CURVE ( 'NONE', #3327, #3771, #1687, .T. ) ;
#273 = PLANE ( 'NONE',  #2823 ) ;
#274 = DIRECTION ( 'NONE',  ( 0.000000000000000000, 0.000000000000000000, 1.000000000000000000 ) ) ;
#275 = CARTESIAN_POINT ( 'NONE',  ( 1.099999999999999867, 0.1499999999999999667, -1.199999999999999734 ) ) ;
#276 = EDGE_CURVE ( 'NONE', #2656, #7812, #7049, .T. ) ;
#277 = EDGE_CURVE ( 'NONE', #1888, #3218, #2495, .T. ) ;
#278 = DIRECTION ( 'NONE',  ( -0.000000000000000000, 1.000000000000000000, -0.000000000000000000 ) ) ;
#279 = ORIENTED_EDGE ( 'NONE', *, *, #5364, .F. ) ;
#280 = VECTOR ( 'NONE', #4216, 1000.000000000000000 ) ;
#281 = EDGE_LOOP ( 'NONE', ( #3725, #6099, #9816, #949 ) ) ;
#282 = EDGE_LOOP ( 'NONE', ( #1411, #1215, #6226, #330 ) ) ;
#283 = FACE_OUTER_BOUND ( 'NONE', #2707, .T. ) ;
#284 = VECTOR ( 'NONE', #2973, 1000.000000000000000 ) ;
#285 = DIRECTION ( 'NONE',  ( 0.000000000000000000, 0.000000000000000000, -1.000000000000000000 ) ) ;
#286 = VECTOR ( 'NONE', #5419, 1000.000000000000000 ) ;
#287 = PLANE ( 'NONE',  #2838 ) ;
#288 = EDGE_CURVE ( 'NONE', #1934, #4246, #7493, .T. ) ;
#289 = DIRECTION ( 'NONE',  ( 0.000000000000000000, 0.000000000000000000, 1.000000000000000000 ) ) ;
#290 = LINE ( 'NONE', #1671, #2404 ) ;
#291 = VERTEX_POINT ( 'NONE', #6300 ) ;
#292 = SURFACE_STYLE_USAGE ( .BOTH. , #3964 ) ;
#293 = ORIENTED_EDGE ( 'NONE', *, *, #160, .T. ) ;
#294 = AXIS2_PLACEMENT_3D ( 'NONE', #5137, #3477, #8865 ) ;
#295 = EDGE_CURVE ( 'NONE', #4292, #2312, #309, .T. ) ;
#296 = DIRECTION ( 'NONE',  ( -1.000000000000000000, 0.000000000000000000, 0.000000000000000000 ) ) ;
#297 = AXIS2_PLACEMENT_3D ( 'NONE', #7147, #3399, #313 ) ;
#298 = SURFACE_STYLE_FILL_AREA ( #9325 ) ;
#299 = SURFACE_SIDE_STYLE ('',( #6240 ) ) ;
#300 = DIRECTION ( 'NONE',  ( 0.000000000000000000, -0.000000000000000000, 1.000000000000000000 ) ) ;
#301 = DIRECTION ( 'NONE',  ( -0.000000000000000000, -1.000000000000000000, -0.000000000000000000 ) ) ;
#302 = DIRECTION ( 'NONE',  ( -0.000000000000000000, 0.000000000000000000, 1.000000000000000000 ) ) ;
#303 = CIRCLE ( 'NONE', #3318, 0.1499999999999999667 ) ;
#304 = DIRECTION ( 'NONE',  ( -1.000000000000000000, 0.000000000000000000, 0.000000000000000000 ) ) ;
#305 = ORIENTED_EDGE ( 'NONE', *, *, #8466, .T. ) ;
#306 = EDGE_LOOP ( 'NONE', ( #220, #1172, #6323, #1534 ) ) ;
#307 = CARTESIAN_POINT ( 'NONE',  ( -1.924999999999999156, 0.1499999999999999667, -0.1749999999999999056 ) ) ;
#308 = ORIENTED_EDGE ( 'NONE', *, *, #9485, .F. ) ;
#309 = LINE ( 'NONE', #1036, #4490 ) ;
#310 = EDGE_LOOP ( 'NONE', ( #7538, #717, #5493, #1201 ) ) ;
#311 = CARTESIAN_POINT ( 'NONE',  ( 0.4750000000000005884, 0.000000000000000000, 1.925000000000000933 ) ) ;
#312 = DIRECTION ( 'NONE',  ( -1.000000000000000000, 0.000000000000000000, 0.000000000000000000 ) ) ;
#313 = DIRECTION ( 'NONE',  ( 0.000000000000000000, -0.000000000000000000, -1.000000000000000000 ) ) ;
#314 = LINE ( 'NONE', #3347, #999 ) ;
#315 = ADVANCED_FACE ( 'NONE', ( #2593 ), #5599, .F. ) ;
#316 = ORIENTED_EDGE ( 'NONE', *, *, #4908, .F. ) ;
#317 = VERTEX_POINT ( 'NONE', #4804 ) ;
#318 = ORIENTED_EDGE ( 'NONE', *, *, #7309, .T. ) ;
#319 = ORIENTED_EDGE ( 'NONE', *, *, #1405, .F. ) ;
#320 = DIRECTION ( 'NONE',  ( 1.577021341797095637E-15, -0.000000000000000000, 1.000000000000000000 ) ) ;
#321 = DIRECTION ( 'NONE',  ( -0.000000000000000000, -1.000000000000000000, -0.000000000000000000 ) ) ;
#322 = DIRECTION ( 'NONE',  ( -1.000000000000000000, 0.000000000000000000, 0.000000000000000000 ) ) ;
#323 = EDGE_CURVE ( 'NONE', #3911, #1032, #7827, .T. ) ;
#324 = DIRECTION ( 'NONE',  ( 0.000000000000000000, 1.000000000000000000, 0.000000000000000000 ) ) ;
#325 = EDGE_CURVE ( 'NONE', #6285, #4362, #5786, .T. ) ;
#326 = LINE ( 'NONE', #6564, #6692 ) ;
#327 = ORIENTED_EDGE ( 'NONE', *, *, #1582, .T. ) ;
#328 = ORIENTED_EDGE ( 'NONE', *, *, #4562, .F. ) ;
#329 = ADVANCED_FACE ( 'NONE', ( #5739 ), #6435, .T. ) ;
#330 = ORIENTED_EDGE ( 'NONE', *, *, #6115, .F. ) ;
#331 = UNCERTAINTY_MEASURE_WITH_UNIT (LENGTH_MEASURE( 1.000000000000000082E-05 ), #1966, 'distance_accuracy_value', 'NONE');
#332 = DIRECTION ( 'NONE',  ( -0.000000000000000000, -0.000000000000000000, -1.000000000000000000 ) ) ;
#333 =( NAMED_UNIT ( * ) PLANE_ANGLE_UNIT ( ) SI_UNIT ( $, .RADIAN. ) );
#334 = LINE ( 'NONE', #9510, #5179 ) ;
#335 = DIRECTION ( 'NONE',  ( -1.000000000000000000, -0.000000000000000000, 1.047444401652940007E-14 ) ) ;
#336 = DIRECTION ( 'NONE',  ( -1.000000000000000000, 0.000000000000000000, 0.000000000000000000 ) ) ;
#337 = PLANE ( 'NONE',  #4928 ) ;
#338 = ORIENTED_EDGE ( 'NONE', *, *, #6863, .T. ) ;
#339 = FACE_OUTER_BOUND ( 'NONE', #2299, .T. ) ;
#340 = ORIENTED_EDGE ( 'NONE', *, *, #1175, .T. ) ;
#341 = LINE ( 'NONE', #8562, #5708 ) ;
#342 = EDGE_CURVE ( 'NONE', #241, #2078, #7227, .T. ) ;
#343 = ADVANCED_FACE ( 'NONE', ( #7184 ), #2025, .F. ) ;
#344 = VECTOR ( 'NONE', #2193, 1000.000000000000000 ) ;
#345 = EDGE_CURVE ( 'NONE', #1850, #6313, #3474, .T. ) ;
#346 = VECTOR ( 'NONE', #7713, 1000.000000000000000 ) ;
#347 = DIRECTION ( 'NONE',  ( 0.000000000000000000, -0.000000000000000000, -1.000000000000000000 ) ) ;
#348 = CARTESIAN_POINT ( 'NONE',  ( 1.125000000000000222, 0.1499999999999999944, 1.650000000000000577 ) ) ;
#349 = CARTESIAN_POINT ( 'NONE',  ( 1.649999999999999023, 0.6702163011671204984, 1.125000000000000000 ) ) ;
#350 = CARTESIAN_POINT ( 'NONE',  ( -0.1750000000000006828, 0.1499999999999999667, -1.999999999999999556 ) ) ;
#351 = CARTESIAN_POINT ( 'NONE',  ( -1.649999999999999023, 0.6702163011671202764, -0.1750000000000000167 ) ) ;
#352 = ORIENTED_EDGE ( 'NONE', *, *, #6272, .T. ) ;
#353 = EDGE_LOOP ( 'NONE', ( #4600, #8333, #6912, #9261 ) ) ;
#354 =( GEOMETRIC_REPRESENTATION_CONTEXT ( 3 ) GLOBAL_UNCERTAINTY_ASSIGNED_CONTEXT ( ( #4780 ) ) GLOBAL_UNIT_ASSIGNED_CONTEXT ( ( #9403, #2006, #3412 ) ) REPRESENTATION_CONTEXT ( 'NONE', 'WORKASPACE' ) );
#355 = LINE ( 'NONE', #4802, #806 ) ;
#356 = AXIS2_PLACEMENT_3D ( 'NONE', #3180, #8472, #4605 ) ;
#357 = VERTEX_POINT ( 'NONE', #8915 ) ;
#358 = VECTOR ( 'NONE', #6765, 1000.000000000000000 ) ;
#359 = CLOSED_SHELL ( 'NONE', ( #2287, #7494, #6921, #9291, #8516, #4614, #5090 ) ) ;
#360 = VERTEX_POINT ( 'NONE', #2871 ) ;
#361 = DIRECTION ( 'NONE',  ( 1.000000000000000000, 0.000000000000000000, 0.000000000000000000 ) ) ;
#362 = LINE ( 'NONE', #8584, #9761 ) ;
#363 = PLANE ( 'NONE',  #3862 ) ;
#364 = CARTESIAN_POINT ( 'NONE',  ( 0.8249999999999976241, 0.05000000000000000278, 1.774149009521733381E-15 ) ) ;
#365 = VECTOR ( 'NONE', #9614, 1000.000000000000000 ) ;
#366 = DIRECTION ( 'NONE',  ( -0.000000000000000000, -1.000000000000000000, 0.000000000000000000 ) ) ;
#367 = CARTESIAN_POINT ( 'NONE',  ( -2.000000000000001332, 0.08999999999999999667, -0.1749999999999784228 ) ) ;
#368 = ORIENTED_EDGE ( 'NONE', *, *, #8520, .T. ) ;
#369 = ORIENTED_EDGE ( 'NONE', *, *, #3494, .T. ) ;
#370 = DIRECTION ( 'NONE',  ( 0.000000000000000000, 0.000000000000000000, -1.000000000000000000 ) ) ;
#371 = ORIENTED_EDGE ( 'NONE', *, *, #8327, .T. ) ;
#372 = AXIS2_PLACEMENT_3D ( 'NONE', #6961, #861, #5320 ) ;
#373 = DIRECTION ( 'NONE',  ( 0.000000000000000000, 1.000000000000000000, -0.000000000000000000 ) ) ;
#374 = CARTESIAN_POINT ( 'NONE',  ( -1.649999999999999023, 0.000000000000000000, -0.3250000000000000111 ) ) ;
#375 = CARTESIAN_POINT ( 'NONE',  ( 2.000000000000000888, 0.1500000000000008271, -1.125000000000007550 ) ) ;
#376 = ORIENTED_EDGE ( 'NONE', *, *, #5600, .T. ) ;
#377 = CIRCLE ( 'NONE', #2440, 0.1499999999999999667 ) ;
#378 = EDGE_CURVE ( 'NONE', #7058, #1609, #1227, .T. ) ;
#379 = ORIENTED_EDGE ( 'NONE', *, *, #7766, .F. ) ;
#380 = ORIENTED_EDGE ( 'NONE', *, *, #5674, .T. ) ;
#381 = EDGE_CURVE ( 'NONE', #1625, #9297, #8818, .T. ) ;
#382 = DIRECTION ( 'NONE',  ( 0.000000000000000000, 0.000000000000000000, -1.000000000000000000 ) ) ;
#383 = PRESENTATION_STYLE_ASSIGNMENT (( #1857 ) ) ;
#384 = CARTESIAN_POINT ( 'NONE',  ( -0.1749999999999993783, 0.08999999999999999667, 1.619058829184431225 ) ) ;
#385 = FACE_OUTER_BOUND ( 'NONE', #5158, .T. ) ;
#386 = CARTESIAN_POINT ( 'NONE',  ( -0.1750000000000006828, 0.08999999999999999667, -1.924999999999999600 ) ) ;
#387 = DIRECTION ( 'NONE',  ( -0.000000000000000000, 0.000000000000000000, -1.000000000000000000 ) ) ;
#388 = VERTEX_POINT ( 'NONE', #8111 ) ;
#389 = ORIENTED_EDGE ( 'NONE', *, *, #3075, .F. ) ;
#390 = DIRECTION ( 'NONE',  ( -0.000000000000000000, -1.000000000000000000, -0.000000000000000000 ) ) ;
#391 = ADVANCED_FACE ( 'NONE', ( #7372 ), #6483, .T. ) ;
#392 = VECTOR ( 'NONE', #1006, 1000.000000000000000 ) ;
#393 = MECHANICAL_DESIGN_GEOMETRIC_PRESENTATION_REPRESENTATION (  '', ( #1340 ), #4354 ) ;
#394 = CARTESIAN_POINT ( 'NONE',  ( 1.649999999999999023, 0.6702163011671202764, 0.4749999999999999223 ) ) ;
#395 = LINE ( 'NONE', #1974, #4632 ) ;
#396 = CARTESIAN_POINT ( 'NONE',  ( -0.8249999999999992895, 0.6702163011671209425, 1.925000000000000933 ) ) ;
#397 = PLANE ( 'NONE',  #7096 ) ;
#398 = CARTESIAN_POINT ( 'NONE',  ( 2.000000000000000888, 1.499999999999999556, 1.999999999999999112 ) ) ;
#399 = EDGE_CURVE ( 'NONE', #3954, #5622, #2824, .T. ) ;
#400 = DIRECTION ( 'NONE',  ( 0.000000000000000000, 0.000000000000000000, -1.000000000000000000 ) ) ;
#401 = CIRCLE ( 'NONE', #9579, 0.1499999999999999667 ) ;
#402 = ORIENTED_EDGE ( 'NONE', *, *, #1367, .T. ) ;
#403 = ORIENTED_EDGE ( 'NONE', *, *, #1299, .F. ) ;
#404 = EDGE_CURVE ( 'NONE', #4625, #3626, #3522, .T. ) ;
#405 = CARTESIAN_POINT ( 'NONE',  ( -0.1750000000000006828, 0.08999999999999999667, -1.924999999999999378 ) ) ;
#406 = ORIENTED_EDGE ( 'NONE', *, *, #2722, .F. ) ;
#407 = EDGE_LOOP ( 'NONE', ( #6049, #6767, #7972, #5355 ) ) ;
#408 = DIRECTION ( 'NONE',  ( 0.000000000000000000, 1.000000000000000000, -0.000000000000000000 ) ) ;
#409 = PLANE ( 'NONE',  #1675 ) ;
#410 = FACE_OUTER_BOUND ( 'NONE', #3390, .T. ) ;
#411 = CARTESIAN_POINT ( 'NONE',  ( 0.1750000000000006828, 0.08999999999999999667, 1.924999999999999600 ) ) ;
#412 = CARTESIAN_POINT ( 'NONE',  ( -1.649999999999999023, 0.000000000000000000, -1.125000000000000000 ) ) ;
#413 = ADVANCED_FACE ( 'NONE', ( #1269 ), #8060, .T. ) ;
#414 = DIRECTION ( 'NONE',  ( 0.000000000000000000, 0.000000000000000000, 1.000000000000000000 ) ) ;
#415 = EDGE_LOOP ( 'NONE', ( #7686, #7439, #1072, #8602 ) ) ;
#416 = ADVANCED_FACE ( 'NONE', ( #1179 ), #4355, .T. ) ;
#417 = ORIENTED_EDGE ( 'NONE', *, *, #7294, .T. ) ;
#418 = CIRCLE ( 'NONE', #6744, 0.1499999999999999667 ) ;
#419 = ORIENTED_EDGE ( 'NONE', *, *, #134, .F. ) ;
#420 = ORIENTED_EDGE ( 'NONE', *, *, #2328, .F. ) ;
#421 = CARTESIAN_POINT ( 'NONE',  ( -0.3249999999999997891, 0.04999999999999999584, 1.650000000000000799 ) ) ;
#422 = CARTESIAN_POINT ( 'NONE',  ( -1.924999999999999156, 0.6702163011671204984, 1.125000000000000222 ) ) ;
#423 = SURFACE_STYLE_FILL_AREA ( #4192 ) ;
#424 = CARTESIAN_POINT ( 'NONE',  ( 1.619058829184427228, 0.1499999999999999667, -1.125000000000006217 ) ) ;
#425 = DIRECTION ( 'NONE',  ( 1.000000000000000000, -0.000000000000000000, -3.491481338843132961E-15 ) ) ;
#426 = ORIENTED_EDGE ( 'NONE', *, *, #5478, .T. ) ;
#427 = ORIENTED_EDGE ( 'NONE', *, *, #2564, .T. ) ;
#428 = CARTESIAN_POINT ( 'NONE',  ( -0.9749999999999997558, 0.6702163011671209425, 1.500000000000000888 ) ) ;
#429 = CARTESIAN_POINT ( 'NONE',  ( 1.649999999999999023, 0.1499999999999999667, -0.3250000000000000111 ) ) ;
#430 = DIRECTION ( 'NONE',  ( 0.000000000000000000, -1.000000000000000000, 0.000000000000000000 ) ) ;
#431 = SURFACE_STYLE_USAGE ( .BOTH. , #2715 ) ;
#432 = CARTESIAN_POINT ( 'NONE',  ( 0.9750000000000001998, 0.1499999999999999667, 1.500000000000000888 ) ) ;
#433 = CARTESIAN_POINT ( 'NONE',  ( -0.4749999999999997558, 0.000000000000000000, -1.925000000000000933 ) ) ;
#434 = CARTESIAN_POINT ( 'NONE',  ( 1.125000000000000666, 0.1499999999999999667, 1.619058829184431225 ) ) ;
#435 = ORIENTED_EDGE ( 'NONE', *, *, #9757, .T. ) ;
#436 = EDGE_CURVE ( 'NONE', #7990, #3348, #9613, .T. ) ;
#437 = CARTESIAN_POINT ( 'NONE',  ( -1.649999999999999023, 0.000000000000000000, 0.9749999999999999778 ) ) ;
#438 = LINE ( 'NONE', #4895, #5024 ) ;
#439 = CARTESIAN_POINT ( 'NONE',  ( 1.199999999999999956, 0.1499999999999999667, 1.100000000000000311 ) ) ;
#440 = CARTESIAN_POINT ( 'NONE',  ( 0.1750000000000002387, 0.04999999999999999584, 1.650000000000000577 ) ) ;
#441 = CARTESIAN_POINT ( 'NONE',  ( -0.1749999999999998224, 0.6702163011671209425, -1.925000000000000933 ) ) ;
#442 = CARTESIAN_POINT ( 'NONE',  ( -1.599999999999999201, 1.500000000000000000, -1.433333333333334014 ) ) ;
#443 = ORIENTED_EDGE ( 'NONE', *, *, #3128, .F. ) ;
#444 = ORIENTED_EDGE ( 'NONE', *, *, #9112, .T. ) ;
#445 = AXIS2_PLACEMENT_3D ( 'NONE', #5928, #4253, #1408 ) ;
#446 = EDGE_CURVE ( 'NONE', #141, #9286, #6433, .T. ) ;
#447 = AXIS2_PLACEMENT_3D ( 'NONE', #5858, #8748, #554 ) ;
#448 = CARTESIAN_POINT ( 'NONE',  ( 1.924999999999996492, 0.08999999999999999667, -0.8250000000000073941 ) ) ;
#449 = EDGE_LOOP ( 'NONE', ( #564, #2351, #4786, #6070 ) ) ;
#450 = VECTOR ( 'NONE', #2843, 1000.000000000000000 ) ;
#451 = EDGE_CURVE ( 'NONE', #7683, #7691, #8159, .T. ) ;
#452 = PRESENTATION_LAYER_ASSIGNMENT (  '', '', ( #9005 ) ) ;
#453 = VERTEX_POINT ( 'NONE', #2125 ) ;
#454 = DIRECTION ( 'NONE',  ( -1.000000000000000000, -0.000000000000000000, -0.000000000000000000 ) ) ;
#455 = PLANE ( 'NONE',  #1546 ) ;
#456 = DIRECTION ( 'NONE',  ( 0.000000000000000000, 0.000000000000000000, -1.000000000000000000 ) ) ;
#457 = CARTESIAN_POINT ( 'NONE',  ( -1.924999999999999156, 0.1499999999999999667, 0.8249999999999999556 ) ) ;
#458 =( NAMED_UNIT ( * ) PLANE_ANGLE_UNIT ( ) SI_UNIT ( $, .RADIAN. ) );
#459 = DIRECTION ( 'NONE',  ( -1.000000000000000000, 0.000000000000000000, 0.000000000000000000 ) ) ;
#460 = ORIENTED_EDGE ( 'NONE', *, *, #6309, .F. ) ;
#461 = ORIENTED_EDGE ( 'NONE', *, *, #80, .T. ) ;
#462 = EDGE_LOOP ( 'NONE', ( #4070, #461, #9578, #9345 ) ) ;
#463 = ADVANCED_FACE ( 'NONE', ( #5134 ), #3428, .F. ) ;
#464 = EDGE_LOOP ( 'NONE', ( #6128, #7732, #8901, #5531 ) ) ;
#465 = CARTESIAN_POINT ( 'NONE',  ( -1.599999999999999201, 1.399999999999999911, -1.433333333333334014 ) ) ;
#466 = EDGE_CURVE ( 'NONE', #7276, #4764, #4446, .T. ) ;
#467 = DIRECTION ( 'NONE',  ( 0.000000000000000000, 0.000000000000000000, -1.000000000000000000 ) ) ;
#468 =( LENGTH_UNIT ( ) NAMED_UNIT ( * ) SI_UNIT ( .MILLI., .METRE. ) );
#469 = CARTESIAN_POINT ( 'NONE',  ( 2.000000000000003553, 0.1499999999999999667, 1.124999999999992228 ) ) ;
#470 = EDGE_CURVE ( 'NONE', #3031, #388, #8494, .T. ) ;
#471 = ORIENTED_EDGE ( 'NONE', *, *, #2846, .T. ) ;
#472 = ORIENTED_EDGE ( 'NONE', *, *, #7118, .T. ) ;
#473 = VERTEX_POINT ( 'NONE', #8205 ) ;
#474 = DIRECTION ( 'NONE',  ( 0.000000000000000000, -0.000000000000000000, 1.000000000000000000 ) ) ;
#475 =( NAMED_UNIT ( * ) SI_UNIT ( $, .STERADIAN. ) SOLID_ANGLE_UNIT ( ) );
#476 = CARTESIAN_POINT ( 'NONE',  ( -0.8249999999999997335, 0.1499999999999999944, -1.925000000000000933 ) ) ;
#477 = FACE_OUTER_BOUND ( 'NONE', #6193, .T. ) ;
#478 = CARTESIAN_POINT ( 'NONE',  ( -0.1750000000000006828, 0.08999999999999999667, -1.924999999999999600 ) ) ;
#479 =( NAMED_UNIT ( * ) PLANE_ANGLE_UNIT ( ) SI_UNIT ( $, .RADIAN. ) );
#480 = ORIENTED_EDGE ( 'NONE', *, *, #4579, .T. ) ;
#481 = DIRECTION ( 'NONE',  ( -1.000000000000000000, 0.000000000000000000, 1.577021341797095637E-15 ) ) ;
#482 = DIRECTION ( 'NONE',  ( -0.000000000000000000, -1.000000000000000000, -0.000000000000000000 ) ) ;
#483 = DIRECTION ( 'NONE',  ( 1.000000000000000000, 0.000000000000000000, -1.445602896647339706E-15 ) ) ;
#484 = LINE ( 'NONE', #5789, #8034 ) ;
#485 = CARTESIAN_POINT ( 'NONE',  ( 2.000000000000001332, 0.08999999999999999667, 0.4749999999999923173 ) ) ;
#486 = CARTESIAN_POINT ( 'NONE',  ( 1.649999999999999023, 0.1499999999999999667, -0.4749999999999999223 ) ) ;
#487 = ORIENTED_EDGE ( 'NONE', *, *, #4385, .T. ) ;
#488 = ORIENTED_EDGE ( 'NONE', *, *, #5102, .T. ) ;
#489 = CARTESIAN_POINT ( 'NONE',  ( -1.925000000000005373, 0.08999999999999999667, -0.4749999999999791056 ) ) ;
#490 = VECTOR ( 'NONE', #7569, 1000.000000000000000 ) ;
#491 =( GEOMETRIC_REPRESENTATION_CONTEXT ( 3 ) GLOBAL_UNCERTAINTY_ASSIGNED_CONTEXT ( ( #1110 ) ) GLOBAL_UNIT_ASSIGNED_CONTEXT ( ( #3804, #3754, #6815 ) ) REPRESENTATION_CONTEXT ( 'NONE', 'WORKASPACE' ) );
#492 = VECTOR ( 'NONE', #8164, 1000.000000000000000 ) ;
#493 = EDGE_CURVE ( 'NONE', #8660, #685, #6960, .T. ) ;
#494 = ORIENTED_EDGE ( 'NONE', *, *, #687, .F. ) ;
#495 = CARTESIAN_POINT ( 'NONE',  ( 0.3250000000000001776, 0.000000000000000000, 1.650000000000000799 ) ) ;
#496 = CARTESIAN_POINT ( 'NONE',  ( -1.999999999999988010, 0.08999999999999999667, 1.125000000000021538 ) ) ;
#497 = VECTOR ( 'NONE', #278, 1000.000000000000000 ) ;
#498 = CARTESIAN_POINT ( 'NONE',  ( 0.8250000000000001776, 0.1499999999999999667, -1.925000000000000933 ) ) ;
#499 = CARTESIAN_POINT ( 'NONE',  ( 1.924999999999995826, 0.1499999999999999667, -0.8250000000000078382 ) ) ;
#500 = DIRECTION ( 'NONE',  ( 1.000000000000000000, -0.000000000000000000, 1.807003620809174139E-16 ) ) ;
#501 = VECTOR ( 'NONE', #1833, 1000.000000000000000 ) ;
#502 = AXIS2_PLACEMENT_3D ( 'NONE', #3387, #931, #302 ) ;
#503 = LINE ( 'NONE', #3544, #4917 ) ;
#504 = VERTEX_POINT ( 'NONE', #125 ) ;
#505 = STYLED_ITEM ( 'NONE', ( #2856 ), #8716 ) ;
#506 = CARTESIAN_POINT ( 'NONE',  ( 1.199999999999999956, 0.1499999999999999667, -1.199999999999999734 ) ) ;
#507 = ORIENTED_EDGE ( 'NONE', *, *, #5490, .F. ) ;
#508 = VECTOR ( 'NONE', #1080, 1000.000000000000000 ) ;
#509 = VECTOR ( 'NONE', #4691, 1000.000000000000000 ) ;
#510 = DIRECTION ( 'NONE',  ( -3.491481338843133355E-15, 0.000000000000000000, -1.000000000000000000 ) ) ;
#511 = CARTESIAN_POINT ( 'NONE',  ( 0.1750000000000006828, 0.6702163011671209425, 1.925000000000001377 ) ) ;
#512 = DIRECTION ( 'NONE',  ( -1.445602896647339706E-15, 0.000000000000000000, -1.000000000000000000 ) ) ;
#513 = DIRECTION ( 'NONE',  ( 3.491481338843133355E-15, 0.000000000000000000, 1.000000000000000000 ) ) ;
#514 = EDGE_CURVE ( 'NONE', #4176, #4246, #6682, .T. ) ;
#515 = ORIENTED_EDGE ( 'NONE', *, *, #9591, .T. ) ;
#516 = VERTEX_POINT ( 'NONE', #7016 ) ;
#517 = UNCERTAINTY_MEASURE_WITH_UNIT (LENGTH_MEASURE( 1.000000000000000082E-05 ), #8235, 'distance_accuracy_value', 'NONE');
#518 = ORIENTED_EDGE ( 'NONE', *, *, #6280, .T. ) ;
#519 = DIRECTION ( 'NONE',  ( -1.445602896647339706E-15, 0.000000000000000000, -1.000000000000000000 ) ) ;
#520 =( LENGTH_UNIT ( ) NAMED_UNIT ( * ) SI_UNIT ( .MILLI., .METRE. ) );
#521 = CARTESIAN_POINT ( 'NONE',  ( 1.125000000000000222, 0.000000000000000000, -1.925000000000000933 ) ) ;
#522 = SURFACE_STYLE_FILL_AREA ( #7220 ) ;
#523 = DIRECTION ( 'NONE',  ( 1.000000000000000000, -0.000000000000000000, -3.491481338843132961E-15 ) ) ;
#524 = CARTESIAN_POINT ( 'NONE',  ( 0.1750000000000002387, 0.6702163011671209425, -1.925000000000000933 ) ) ;
#525 = LINE ( 'NONE', #3567, #6843 ) ;
#526 = VERTEX_POINT ( 'NONE', #1469 ) ;
#527 = EDGE_CURVE ( 'NONE', #982, #6566, #4677, .T. ) ;
#528 = EDGE_CURVE ( 'NONE', #1841, #2266, #1653, .T. ) ;
#529 = VECTOR ( 'NONE', #9341, 1000.000000000000000 ) ;
#530 = CARTESIAN_POINT ( 'NONE',  ( 0.8250000000000006217, 0.1499999999999999944, 1.925000000000001377 ) ) ;
#531 = LINE ( 'NONE', #5740, #365 ) ;
#532 = CARTESIAN_POINT ( 'NONE',  ( -0.1750000000000006828, 0.1499999999999999667, -1.999999999999999556 ) ) ;
#533 = DIRECTION ( 'NONE',  ( 0.000000000000000000, 0.000000000000000000, 1.000000000000000000 ) ) ;
#534 = DIRECTION ( 'NONE',  ( 0.000000000000000000, 1.000000000000000000, -0.000000000000000000 ) ) ;
#535 = DIRECTION ( 'NONE',  ( 0.000000000000000000, 0.000000000000000000, 1.000000000000000000 ) ) ;
#536 = EDGE_LOOP ( 'NONE', ( #4342, #4672, #8190, #1813 ) ) ;
#537 = VERTEX_POINT ( 'NONE', #624 ) ;
#538 = VECTOR ( 'NONE', #4988, 1000.000000000000000 ) ;
#539 = LINE ( 'NONE', #448, #5391 ) ;
#540 = VERTEX_POINT ( 'NONE', #6265 ) ;
#541 = CARTESIAN_POINT ( 'NONE',  ( 0.1750000000000006828, 0.000000000000000000, 1.925000000000001377 ) ) ;
#542 = DIRECTION ( 'NONE',  ( 0.000000000000000000, 1.000000000000000000, 0.000000000000000000 ) ) ;
#543 = DIRECTION ( 'NONE',  ( -1.445602896647339706E-15, 0.000000000000000000, -1.000000000000000000 ) ) ;
#544 = EDGE_CURVE ( 'NONE', #7490, #4883, #5229, .T. ) ;
#545 = CARTESIAN_POINT ( 'NONE',  ( 1.125000000000000222, 0.000000000000000000, -1.925000000000000933 ) ) ;
#546 = FACE_OUTER_BOUND ( 'NONE', #5695, .T. ) ;
#547 = PRESENTATION_LAYER_ASSIGNMENT (  '', '', ( #869 ) ) ;
#548 = FACE_OUTER_BOUND ( 'NONE', #4830, .T. ) ;
#549 = ADVANCED_FACE ( 'NONE', ( #4725 ), #3159, .F. ) ;
#550 = EDGE_LOOP ( 'NONE', ( #2505, #5394, #7751, #5434 ) ) ;
#551 = CARTESIAN_POINT ( 'NONE',  ( -1.924999999999989830, 0.08999999999999999667, 0.8250000000000212719 ) ) ;
#552 = VERTEX_POINT ( 'NONE', #950 ) ;
#553 = LINE ( 'NONE', #3597, #721 ) ;
#554 = DIRECTION ( 'NONE',  ( 0.000000000000000000, -0.000000000000000000, -1.000000000000000000 ) ) ;
#555 = ADVANCED_FACE ( 'NONE', ( #6784 ), #2508, .F. ) ;
#556 = CARTESIAN_POINT ( 'NONE',  ( 1.924999999999999156, 0.6702163011671202764, -0.8249999999999998446 ) ) ;
#557 = ORIENTED_EDGE ( 'NONE', *, *, #9246, .F. ) ;
#558 = VECTOR ( 'NONE', #2692, 1000.000000000000000 ) ;
#559 = ORIENTED_EDGE ( 'NONE', *, *, #7285, .F. ) ;
#560 = ADVANCED_FACE ( 'NONE', ( #3949 ), #728, .F. ) ;
#561 = VERTEX_POINT ( 'NONE', #3718 ) ;
#562 = ORIENTED_EDGE ( 'NONE', *, *, #8698, .T. ) ;
#563 = EDGE_CURVE ( 'NONE', #5783, #1838, #5514, .T. ) ;
#564 = ORIENTED_EDGE ( 'NONE', *, *, #7608, .F. ) ;
#565 = VECTOR ( 'NONE', #5982, 1000.000000000000000 ) ;
#566 = EDGE_CURVE ( 'NONE', #9344, #5326, #8969, .T. ) ;
#567 = DIRECTION ( 'NONE',  ( -3.942553354492742052E-16, 0.000000000000000000, -1.000000000000000000 ) ) ;
#568 = EDGE_CURVE ( 'NONE', #1731, #5783, #9200, .T. ) ;
#569 = DIRECTION ( 'NONE',  ( -1.000000000000000000, 0.000000000000000000, 1.047444401652940007E-14 ) ) ;
#570 = SURFACE_STYLE_USAGE ( .BOTH. , #3466 ) ;
#571 = DIRECTION ( 'NONE',  ( 0.000000000000000000, 0.000000000000000000, -1.000000000000000000 ) ) ;
#572 = DIRECTION ( 'NONE',  ( -1.000000000000000000, 0.000000000000000000, -0.000000000000000000 ) ) ;
#573 = DIRECTION ( 'NONE',  ( 1.000000000000000000, 0.000000000000000000, -3.491481338843133355E-15 ) ) ;
#574 = EDGE_LOOP ( 'NONE', ( #9775, #6276, #6430, #8020, #5029, #1660 ) ) ;
#575 = DIRECTION ( 'NONE',  ( 0.000000000000000000, -0.000000000000000000, -1.000000000000000000 ) ) ;
#576 = CARTESIAN_POINT ( 'NONE',  ( -1.649999999999999023, 0.6702163011671202764, 0.9749999999999999778 ) ) ;
#577 = CARTESIAN_POINT ( 'NONE',  ( -1.925000000000013145, 0.08999999999999999667, -1.124999999999978684 ) ) ;
#578 = DIRECTION ( 'NONE',  ( 0.000000000000000000, 0.000000000000000000, -1.000000000000000000 ) ) ;
#579 = DIRECTION ( 'NONE',  ( 0.000000000000000000, 0.000000000000000000, 1.000000000000000000 ) ) ;
#580 = ADVANCED_FACE ( 'NONE', ( #5417 ), #7697, .T. ) ;
#581 = CARTESIAN_POINT ( 'NONE',  ( 1.199999999999999956, 0.1499999999999999667, 1.200000000000000178 ) ) ;
#582 = ORIENTED_EDGE ( 'NONE', *, *, #2381, .F. ) ;
#583 = ORIENTED_EDGE ( 'NONE', *, *, #7997, .F. ) ;
#584 = CARTESIAN_POINT ( 'NONE',  ( -0.8249999999999992895, 0.08999999999999999667, 1.999999999999999556 ) ) ;
#585 = VECTOR ( 'NONE', #9773, 1000.000000000000000 ) ;
#586 =( NAMED_UNIT ( * ) SI_UNIT ( $, .STERADIAN. ) SOLID_ANGLE_UNIT ( ) );
#587 = ORIENTED_EDGE ( 'NONE', *, *, #6971, .F. ) ;
#588 = DIRECTION ( 'NONE',  ( 0.000000000000000000, -0.000000000000000000, -1.000000000000000000 ) ) ;
#589 = CARTESIAN_POINT ( 'NONE',  ( 1.924999999999999156, 0.000000000000000000, 1.125000000000000222 ) ) ;
#590 = LINE ( 'NONE', #6597, #4946 ) ;
#591 = VECTOR ( 'NONE', #569, 1000.000000000000000 ) ;
#592 = LINE ( 'NONE', #1338, #6304 ) ;
#593 = AXIS2_PLACEMENT_3D ( 'NONE', #1702, #321, #4771 ) ;
#594 = DIRECTION ( 'NONE',  ( -0.000000000000000000, -1.000000000000000000, -0.000000000000000000 ) ) ;
#595 = CARTESIAN_POINT ( 'NONE',  ( 0.8250000000000001776, 0.05000000000000000278, -1.925000000000000933 ) ) ;
#596 = VECTOR ( 'NONE', #1991, 1000.000000000000000 ) ;
#597 = ORIENTED_EDGE ( 'NONE', *, *, #2172, .T. ) ;
#598 = CARTESIAN_POINT ( 'NONE',  ( -0.9749999999999997558, 0.1499999999999999944, 1.650000000000000799 ) ) ;
#599 = PRESENTATION_LAYER_ASSIGNMENT (  '', '', ( #6312 ) ) ;
#600 = ORIENTED_EDGE ( 'NONE', *, *, #5635, .F. ) ;
#601 = VECTOR ( 'NONE', #1147, 1000.000000000000000 ) ;
#602 = DIRECTION ( 'NONE',  ( 0.000000000000000000, 1.000000000000000000, 0.000000000000000000 ) ) ;
#603 = PRESENTATION_LAYER_ASSIGNMENT (  '', '', ( #8846 ) ) ;
#604 = EDGE_CURVE ( 'NONE', #2614, #1584, #170, .T. ) ;
#605 = CARTESIAN_POINT ( 'NONE',  ( 0.1750000000000006828, 0.08999999999999999667, 1.999999999999999556 ) ) ;
#606 = CARTESIAN_POINT ( 'NONE',  ( 1.924999999999999156, 0.000000000000000000, 0.4750000000000000333 ) ) ;
#607 = ORIENTED_EDGE ( 'NONE', *, *, #6868, .F. ) ;
#608 = FILL_AREA_STYLE_COLOUR ( '', #4772 ) ;
#609 = ORIENTED_EDGE ( 'NONE', *, *, #1343, .F. ) ;
#610 = VERTEX_POINT ( 'NONE', #9252 ) ;
#611 = VERTEX_POINT ( 'NONE', #1415 ) ;
#612 = EDGE_LOOP ( 'NONE', ( #3076, #8704, #8579, #7206 ) ) ;
#613 = EDGE_CURVE ( 'NONE', #915, #4653, #9603, .T. ) ;
#614 = DIRECTION ( 'NONE',  ( 0.000000000000000000, -0.000000000000000000, -1.000000000000000000 ) ) ;
#615 = EDGE_CURVE ( 'NONE', #9496, #1311, #4135, .T. ) ;
#616 = DIRECTION ( 'NONE',  ( 1.000000000000000000, 0.000000000000000000, -0.000000000000000000 ) ) ;
#617 = DIRECTION ( 'NONE',  ( 1.000000000000000000, -0.000000000000000000, 0.000000000000000000 ) ) ;
#618 = LINE ( 'NONE', #8962, #2941 ) ;
#619 = DIRECTION ( 'NONE',  ( -1.000000000000000000, 0.000000000000000000, 3.942553354492742545E-16 ) ) ;
#620 = DIRECTION ( 'NONE',  ( 0.000000000000000000, 0.000000000000000000, -1.000000000000000000 ) ) ;
#621 = ORIENTED_EDGE ( 'NONE', *, *, #9296, .T. ) ;
#622 = EDGE_CURVE ( 'NONE', #5350, #5317, #7380, .T. ) ;
#623 = ORIENTED_EDGE ( 'NONE', *, *, #7537, .T. ) ;
#624 = CARTESIAN_POINT ( 'NONE',  ( 1.649999999999999023, 0.000000000000000000, -0.4749999999999999223 ) ) ;
#625 = SURFACE_STYLE_USAGE ( .BOTH. , #8160 ) ;
#626 = PLANE ( 'NONE',  #2102 ) ;
#627 = LINE ( 'NONE', #9720, #9484 ) ;
#628 = DIRECTION ( 'NONE',  ( 0.000000000000000000, 1.000000000000000000, 0.000000000000000000 ) ) ;
#629 = DIRECTION ( 'NONE',  ( 0.000000000000000000, 0.000000000000000000, 1.000000000000000000 ) ) ;
#630 = ORIENTED_EDGE ( 'NONE', *, *, #8576, .F. ) ;
#631 = ORIENTED_EDGE ( 'NONE', *, *, #854, .T. ) ;
#632 = EDGE_CURVE ( 'NONE', #7878, #4320, #3407, .T. ) ;
#633 = EDGE_CURVE ( 'NONE', #2800, #6152, #9346, .T. ) ;
#634 = FACE_OUTER_BOUND ( 'NONE', #7635, .T. ) ;
#635 = EDGE_CURVE ( 'NONE', #3979, #3297, #7991, .T. ) ;
#636 = DIRECTION ( 'NONE',  ( -1.000000000000000000, 0.000000000000000000, 0.000000000000000000 ) ) ;
#637 = ORIENTED_EDGE ( 'NONE', *, *, #7891, .F. ) ;
#638 = DIRECTION ( 'NONE',  ( 1.000000000000000000, 0.000000000000000000, 0.000000000000000000 ) ) ;
#639 = DIRECTION ( 'NONE',  ( 0.000000000000000000, 0.000000000000000000, 1.000000000000000000 ) ) ;
#640 = DIRECTION ( 'NONE',  ( 0.000000000000000000, 0.000000000000000000, 1.000000000000000000 ) ) ;
#641 = FACE_OUTER_BOUND ( 'NONE', #8958, .T. ) ;
#642 = EDGE_CURVE ( 'NONE', #8331, #5427, #2701, .T. ) ;
#643 = VECTOR ( 'NONE', #2430, 1000.000000000000000 ) ;
#644 = DIRECTION ( 'NONE',  ( -1.000000000000000000, 0.000000000000000000, 0.000000000000000000 ) ) ;
#645 = VECTOR ( 'NONE', #7486, 1000.000000000000000 ) ;
#646 = EDGE_LOOP ( 'NONE', ( #4056, #3545, #3602, #3363, #4849, #1060 ) ) ;
#647 = LINE ( 'NONE', #6050, #3697 ) ;
#648 = EDGE_CURVE ( 'NONE', #3559, #9184, #8693, .T. ) ;
#649 = ORIENTED_EDGE ( 'NONE', *, *, #7428, .F. ) ;
#650 = STYLED_ITEM ( 'NONE', ( #6965 ), #8537 ) ;
#651 = VERTEX_POINT ( 'NONE', #1891 ) ;
#652 = DIRECTION ( 'NONE',  ( 1.577021341797095637E-15, 0.000000000000000000, 1.000000000000000000 ) ) ;
#653 = CARTESIAN_POINT ( 'NONE',  ( -1.924999999999999156, 0.6702163011671202764, -0.8249999999999998446 ) ) ;
#654 = AXIS2_PLACEMENT_3D ( 'NONE', #3432, #8866, #4219 ) ;
#655 = DIRECTION ( 'NONE',  ( 0.000000000000000000, 0.000000000000000000, -1.000000000000000000 ) ) ;
#656 = CARTESIAN_POINT ( 'NONE',  ( -1.924999999999999156, 0.05000000000000002359, -0.8249999999999998446 ) ) ;
#657 = VERTEX_POINT ( 'NONE', #8747 ) ;
#658 = STYLED_ITEM ( 'NONE', ( #3263 ), #8551 ) ;
#659 = ORIENTED_EDGE ( 'NONE', *, *, #4933, .F. ) ;
#660 = APPLICATION_PROTOCOL_DEFINITION ( 'draft international standard', 'automotive_design', 1998, #2155 ) ;
#661 = VERTEX_POINT ( 'NONE', #9399 ) ;
#662 = VECTOR ( 'NONE', #2890, 1000.000000000000000 ) ;
#663 = ORIENTED_EDGE ( 'NONE', *, *, #5067, .T. ) ;
#664 = AXIS2_PLACEMENT_3D ( 'NONE', #5835, #2632, #5637 ) ;
#665 = ORIENTED_EDGE ( 'NONE', *, *, #9181, .T. ) ;
#666 = VECTOR ( 'NONE', #3091, 1000.000000000000000 ) ;
#667 = CLOSED_SHELL ( 'NONE', ( #6643, #8460, #9565, #2232, #5459, #988 ) ) ;
#668 = FACE_OUTER_BOUND ( 'NONE', #9717, .T. ) ;
#669 = PLANE ( 'NONE',  #5031 ) ;
#670 = LINE ( 'NONE', #5221, #2133 ) ;
#671 = EDGE_CURVE ( 'NONE', #2772, #3268, #7797, .T. ) ;
#672 = CIRCLE ( 'NONE', #57, 0.1499999999999999667 ) ;
#673 = ORIENTED_EDGE ( 'NONE', *, *, #4708, .T. ) ;
#674 = EDGE_CURVE ( 'NONE', #2986, #4268, #5663, .T. ) ;
#675 = ORIENTED_EDGE ( 'NONE', *, *, #1723, .F. ) ;
#676 = CIRCLE ( 'NONE', #6705, 0.1499999999999999667 ) ;
#677 = DIRECTION ( 'NONE',  ( 0.000000000000000000, 0.000000000000000000, -1.000000000000000000 ) ) ;
#678 = CARTESIAN_POINT ( 'NONE',  ( 1.924999999999999156, 0.6702163011671202764, 0.8249999999999999556 ) ) ;
#679 = CARTESIAN_POINT ( 'NONE',  ( -0.1749999999999998224, 0.1499999999999999667, -1.925000000000000933 ) ) ;
#680 = FILL_AREA_STYLE_COLOUR ( '', #6308 ) ;
#681 = CARTESIAN_POINT ( 'NONE',  ( 0.9750000000000001998, 0.1499999999999999944, 1.650000000000000799 ) ) ;
#683 = CARTESIAN_POINT ( 'NONE',  ( -1.924999999999999156, 0.000000000000000000, 0.1750000000000000167 ) ) ;
#682 = CARTESIAN_POINT ( 'NONE',  ( -1.999999999999994893, 0.08999999999999999667, 0.4750000000000215161 ) ) ;
#684 = ORIENTED_EDGE ( 'NONE', *, *, #5524, .F. ) ;
#685 = VERTEX_POINT ( 'NONE', #5565 ) ;
#686 = ADVANCED_FACE ( 'NONE', ( #2607 ), #1844, .F. ) ;
#687 = EDGE_CURVE ( 'NONE', #8315, #8672, #1002, .T. ) ;
#688 = VECTOR ( 'NONE', #7733, 1000.000000000000000 ) ;
#689 = CARTESIAN_POINT ( 'NONE',  ( -0.1750000000000010991, 0.1499999999999999667, -1.924999999999999378 ) ) ;
#690 = EDGE_CURVE ( 'NONE', #3073, #4280, #7210, .T. ) ;
#691 = EDGE_CURVE ( 'NONE', #3898, #4990, #271, .T. ) ;
#692 = CARTESIAN_POINT ( 'NONE',  ( -1.124999999999999334, 0.1499999999999999944, 1.925000000000001377 ) ) ;
#693 = ORIENTED_EDGE ( 'NONE', *, *, #2110, .T. ) ;
#694 = CARTESIAN_POINT ( 'NONE',  ( -1.924999999999990941, 0.08999999999999999667, 0.8250000000000208278 ) ) ;
#695 = CARTESIAN_POINT ( 'NONE',  ( -0.8249999999999997335, 0.05000000000000000278, 0.000000000000000000 ) ) ;
#696 = CARTESIAN_POINT ( 'NONE',  ( -2.000000000000004441, 0.08999999999999999667, -0.4749999999999783840 ) ) ;
#697 = EDGE_CURVE ( 'NONE', #2665, #5165, #2751, .T. ) ;
#698 = DIRECTION ( 'NONE',  ( -1.084202172485504434E-16, 0.000000000000000000, -1.000000000000000000 ) ) ;
#699 = CARTESIAN_POINT ( 'NONE',  ( -1.100000000000000089, 3.544112549695427994, 1.199999999999999734 ) ) ;
#700 = ORIENTED_EDGE ( 'NONE', *, *, #4567, .T. ) ;
#701 = CARTESIAN_POINT ( 'NONE',  ( -0.8250000000000006217, 0.08999999999999999667, -1.924999999999999600 ) ) ;
#702 = ORIENTED_EDGE ( 'NONE', *, *, #566, .T. ) ;
#703 = AXIS2_PLACEMENT_3D ( 'NONE', #1410, #32, #6821 ) ;
#704 = ORIENTED_EDGE ( 'NONE', *, *, #9243, .T. ) ;
#705 = EDGE_CURVE ( 'NONE', #5720, #6310, #727, .T. ) ;
#706 = CARTESIAN_POINT ( 'NONE',  ( -1.099999999999999867, 0.05000000000000012768, 1.099999999999999423 ) ) ;
#707 = DIRECTION ( 'NONE',  ( -1.000000000000000000, 0.000000000000000000, 1.047444401652940007E-14 ) ) ;
#708 =( NAMED_UNIT ( * ) PLANE_ANGLE_UNIT ( ) SI_UNIT ( $, .RADIAN. ) );
#709 = PLANE ( 'NONE',  #7043 ) ;
#710 = EDGE_CURVE ( 'NONE', #3902, #8830, #3117, .T. ) ;
#711 = ORIENTED_EDGE ( 'NONE', *, *, #4272, .T. ) ;
#712 = VECTOR ( 'NONE', #2252, 1000.000000000000000 ) ;
#713 = SURFACE_SIDE_STYLE ('',( #3706 ) ) ;
#714 = EDGE_LOOP ( 'NONE', ( #6864, #9556, #2469, #5807 ) ) ;
#715 = VERTEX_POINT ( 'NONE', #3499 ) ;
#716 = AXIS2_PLACEMENT_3D ( 'NONE', #2214, #7314, #7265 ) ;
#717 = ORIENTED_EDGE ( 'NONE', *, *, #3777, .T. ) ;
#718 = DIRECTION ( 'NONE',  ( -0.000000000000000000, -1.000000000000000000, -0.000000000000000000 ) ) ;
#719 = FACE_OUTER_BOUND ( 'NONE', #7847, .T. ) ;
#720 = DIRECTION ( 'NONE',  ( 0.000000000000000000, 0.000000000000000000, -1.000000000000000000 ) ) ;
#721 = VECTOR ( 'NONE', #7441, 1000.000000000000000 ) ;
#722 = CYLINDRICAL_SURFACE ( 'NONE', #7035, 0.1499999999999999667 ) ;
#723 = DIRECTION ( 'NONE',  ( -3.942553354492742052E-16, 0.000000000000000000, -1.000000000000000000 ) ) ;
#724 = ORIENTED_EDGE ( 'NONE', *, *, #272, .T. ) ;
#725 = ORIENTED_EDGE ( 'NONE', *, *, #5536, .F. ) ;
#726 = ORIENTED_EDGE ( 'NONE', *, *, #7719, .T. ) ;
#727 = CIRCLE ( 'NONE', #5461, 0.1499999999999999667 ) ;
#728 = PLANE ( 'NONE',  #6270 ) ;
#729 = SURFACE_STYLE_FILL_AREA ( #5135 ) ;
#730 = CARTESIAN_POINT ( 'NONE',  ( 0.9750000000000001998, 0.1499999999999999667, 1.650000000000000799 ) ) ;
#731 = CARTESIAN_POINT ( 'NONE',  ( 1.125000000000000666, 0.08999999999999999667, 1.999999999999999556 ) ) ;
#732 = EDGE_CURVE ( 'NONE', #4523, #5446, #8543, .T. ) ;
#734 = DIRECTION ( 'NONE',  ( 1.000000000000000000, 0.000000000000000000, -1.047444401652940007E-14 ) ) ;
#733 = DIRECTION ( 'NONE',  ( 0.000000000000000000, 0.000000000000000000, -1.000000000000000000 ) ) ;
#735 = VERTEX_POINT ( 'NONE', #9547 ) ;
#736 = VERTEX_POINT ( 'NONE', #465 ) ;
#737 = FACE_OUTER_BOUND ( 'NONE', #6022, .T. ) ;
#738 = PLANE ( 'NONE',  #1927 ) ;
#739 = CARTESIAN_POINT ( 'NONE',  ( -0.8250000000000006217, 0.08999999999999999667, -1.924999999999999600 ) ) ;
#740 = CARTESIAN_POINT ( 'NONE',  ( 1.199999999999999956, 0.000000000000000000, 1.100000000000000311 ) ) ;
#741 = LINE ( 'NONE', #6751, #7954 ) ;
#742 = EDGE_CURVE ( 'NONE', #9145, #8853, #4040, .T. ) ;
#743 = FACE_OUTER_BOUND ( 'NONE', #5080, .T. ) ;
#744 =( GEOMETRIC_REPRESENTATION_CONTEXT ( 3 ) GLOBAL_UNCERTAINTY_ASSIGNED_CONTEXT ( ( #4102 ) ) GLOBAL_UNIT_ASSIGNED_CONTEXT ( ( #9072, #458, #5188 ) ) REPRESENTATION_CONTEXT ( 'NONE', 'WORKASPACE' ) );
#745 = PLANE ( 'NONE',  #8085 ) ;
#746 = EDGE_CURVE ( 'NONE', #7557, #6013, #7348, .T. ) ;
#747 = ORIENTED_EDGE ( 'NONE', *, *, #1413, .T. ) ;
#748 = CARTESIAN_POINT ( 'NONE',  ( -0.8250000000000006217, 0.1499999999999999667, -1.999999999999999556 ) ) ;
#749 = ORIENTED_EDGE ( 'NONE', *, *, #6432, .F. ) ;
#750 = ORIENTED_EDGE ( 'NONE', *, *, #8372, .T. ) ;
#751 = AXIS2_PLACEMENT_3D ( 'NONE', #5312, #1497, #8993 ) ;
#752 = DIRECTION ( 'NONE',  ( 0.000000000000000000, 0.000000000000000000, 1.000000000000000000 ) ) ;
#753 = CARTESIAN_POINT ( 'NONE',  ( 1.199999999999999956, 3.544112549695427994, 1.100000000000000311 ) ) ;
#754 = LINE ( 'NONE', #6908, #5991 ) ;
#755 = DIRECTION ( 'NONE',  ( 1.000000000000000000, 0.000000000000000000, 0.000000000000000000 ) ) ;
#756 = VECTOR ( 'NONE', #6139, 1000.000000000000000 ) ;
#757 = EDGE_LOOP ( 'NONE', ( #9036, #2480, #6644, #3988 ) ) ;
#758 = CARTESIAN_POINT ( 'NONE',  ( -1.125000000000000666, 0.08999999999999999667, -1.924999999999999600 ) ) ;
#759 = EDGE_CURVE ( 'NONE', #6654, #6929, #9795, .T. ) ;
#760 = ORIENTED_EDGE ( 'NONE', *, *, #1913, .T. ) ;
#761 = VECTOR ( 'NONE', #9204, 1000.000000000000000 ) ;
#762 = SURFACE_SIDE_STYLE ('',( #3060 ) ) ;
#763 = VECTOR ( 'NONE', #1093, 1000.000000000000000 ) ;
#764 = EDGE_LOOP ( 'NONE', ( #3663, #6506, #6568, #8806, #5805 ) ) ;
#765 = ORIENTED_EDGE ( 'NONE', *, *, #544, .T. ) ;
#766 = EDGE_CURVE ( 'NONE', #5145, #7247, #9693, .T. ) ;
#767 = DIRECTION ( 'NONE',  ( 0.000000000000000000, 1.000000000000000000, 0.000000000000000000 ) ) ;
#768 =( GEOMETRIC_REPRESENTATION_CONTEXT ( 3 ) GLOBAL_UNCERTAINTY_ASSIGNED_CONTEXT ( ( #1615 ) ) GLOBAL_UNIT_ASSIGNED_CONTEXT ( ( #952, #7065, #8090 ) ) REPRESENTATION_CONTEXT ( 'NONE', 'WORKASPACE' ) );
#769 = CARTESIAN_POINT ( 'NONE',  ( 0.000000000000000000, 0.05000000000000000278, 0.8249999999999999556 ) ) ;
#770 = CARTESIAN_POINT ( 'NONE',  ( 1.999999999999999112, 0.08999999999999999667, -0.1750000000000076772 ) ) ;
#771 = FACE_OUTER_BOUND ( 'NONE', #3918, .T. ) ;
#772 = EDGE_CURVE ( 'NONE', #774, #860, #5913, .T. ) ;
#773 = LINE ( 'NONE', #6728, #9378 ) ;
#774 = VERTEX_POINT ( 'NONE', #2055 ) ;
#775 = ORIENTED_EDGE ( 'NONE', *, *, #8157, .F. ) ;
#776 = ORIENTED_EDGE ( 'NONE', *, *, #2882, .T. ) ;
#777 = FACE_OUTER_BOUND ( 'NONE', #2122, .T. ) ;
#778 = PLANE ( 'NONE',  #9480 ) ;
#779 = CARTESIAN_POINT ( 'NONE',  ( -1.925000000000001821, 0.1499999999999999667, -0.1749999999999791445 ) ) ;
#780 = DIRECTION ( 'NONE',  ( -1.192004691317674036E-14, 0.000000000000000000, -1.000000000000000000 ) ) ;
#782 = CARTESIAN_POINT ( 'NONE',  ( 1.125000000000000666, 0.000000000000000000, 1.925000000000000933 ) ) ;
#781 = FILL_AREA_STYLE_COLOUR ( '', #8506 ) ;
#783 = ORIENTED_EDGE ( 'NONE', *, *, #6565, .T. ) ;
#784 = PLANE ( 'NONE',  #9111 ) ;
#785 = ORIENTED_EDGE ( 'NONE', *, *, #5473, .T. ) ;
#786 = CARTESIAN_POINT ( 'NONE',  ( -0.1749999999999993783, 0.08999999999999999667, 1.924999999999999600 ) ) ;
#787 = DIRECTION ( 'NONE',  ( -0.000000000000000000, -1.000000000000000000, -0.000000000000000000 ) ) ;
#788 = DIRECTION ( 'NONE',  ( 0.000000000000000000, 1.000000000000000000, -0.000000000000000000 ) ) ;
#789 = PLANE ( 'NONE',  #4719 ) ;
#790 = CARTESIAN_POINT ( 'NONE',  ( -2.000000000000011102, 0.08999999999999999667, -1.124999999999978240 ) ) ;
#791 = DIRECTION ( 'NONE',  ( -1.445602896647339706E-15, 0.000000000000000000, -1.000000000000000000 ) ) ;
#792 = EDGE_CURVE ( 'NONE', #3717, #4630, #553, .T. ) ;
#793 = DIRECTION ( 'NONE',  ( 0.000000000000000000, 0.000000000000000000, 1.000000000000000000 ) ) ;
#794 = ORIENTED_EDGE ( 'NONE', *, *, #3550, .T. ) ;
#795 = EDGE_CURVE ( 'NONE', #2267, #2229, #8228, .T. ) ;
#796 = CARTESIAN_POINT ( 'NONE',  ( -0.1750000000000006828, 0.1499999999999999667, -1.619058829184431225 ) ) ;
#797 = ORIENTED_EDGE ( 'NONE', *, *, #8591, .F. ) ;
#798 = VERTEX_POINT ( 'NONE', #7496 ) ;
#799 = FACE_OUTER_BOUND ( 'NONE', #2221, .T. ) ;
#800 = VECTOR ( 'NONE', #1768, 1000.000000000000000 ) ;
#801 = DIRECTION ( 'NONE',  ( 0.000000000000000000, 1.000000000000000000, 0.000000000000000000 ) ) ;
#802 = DIRECTION ( 'NONE',  ( 0.000000000000000000, -1.000000000000000000, 0.000000000000000000 ) ) ;
#803 = ORIENTED_EDGE ( 'NONE', *, *, #1003, .F. ) ;
#804 = SURFACE_STYLE_USAGE ( .BOTH. , #7595 ) ;
#805 = VERTEX_POINT ( 'NONE', #6655 ) ;
#806 = VECTOR ( 'NONE', #3288, 1000.000000000000000 ) ;
#807 = ORIENTED_EDGE ( 'NONE', *, *, #5796, .T. ) ;
#808 = ORIENTED_EDGE ( 'NONE', *, *, #6532, .T. ) ;
#809 = VECTOR ( 'NONE', #1089, 1000.000000000000000 ) ;
#810 = ADVANCED_FACE ( 'NONE', ( #5159 ), #8181, .T. ) ;
#811 = LINE ( 'NONE', #3904, #7479 ) ;
#812 = DIRECTION ( 'NONE',  ( -3.942553354492742052E-16, 0.000000000000000000, -1.000000000000000000 ) ) ;
#813 = DIRECTION ( 'NONE',  ( 1.577021341797095835E-15, 0.000000000000000000, 1.000000000000000000 ) ) ;
#814 = DIRECTION ( 'NONE',  ( 0.000000000000000000, 0.000000000000000000, 1.000000000000000000 ) ) ;
#815 = EDGE_CURVE ( 'NONE', #1753, #7878, #8887, .T. ) ;
#816 = CARTESIAN_POINT ( 'NONE',  ( 0.1750000000000006828, 0.08999999999999999667, 1.999999999999999556 ) ) ;
#817 = ORIENTED_EDGE ( 'NONE', *, *, #6135, .T. ) ;
#818 = AXIS2_PLACEMENT_3D ( 'NONE', #4168, #4950, #9327 ) ;
#819 = AXIS2_PLACEMENT_3D ( 'NONE', #1132, #534, #2683 ) ;
#820 = EDGE_LOOP ( 'NONE', ( #5049, #8218, #6071, #3005, #3755, #2857 ) ) ;
#821 = ORIENTED_EDGE ( 'NONE', *, *, #4351, .T. ) ;
#822 = PRESENTATION_LAYER_ASSIGNMENT (  '', '', ( #505 ) ) ;
#823 = CLOSED_SHELL ( 'NONE', ( #8706, #3903, #2781, #4633, #4874, #2037 ) ) ;
#824 = VECTOR ( 'NONE', #3125, 1000.000000000000000 ) ;
#825 = CARTESIAN_POINT ( 'NONE',  ( 0.8249999999999992895, 0.08999999999999999667, -1.619058829184431225 ) ) ;
#826 = CARTESIAN_POINT ( 'NONE',  ( 0.4750000000000001443, 0.1499999999999999667, -1.925000000000000933 ) ) ;
#827 = CARTESIAN_POINT ( 'NONE',  ( -0.3249999999999997891, 0.1499999999999999944, 1.650000000000000799 ) ) ;
#828 = EDGE_CURVE ( 'NONE', #6813, #473, #4993, .T. ) ;
#829 = LINE ( 'NONE', #6232, #4496 ) ;
#830 = DIRECTION ( 'NONE',  ( 1.000000000000000000, 0.000000000000000000, -0.000000000000000000 ) ) ;
#831 = ORIENTED_EDGE ( 'NONE', *, *, #8193, .T. ) ;
#832 = LINE ( 'NONE', #1571, #6089 ) ;
#833 = ORIENTED_EDGE ( 'NONE', *, *, #5574, .F. ) ;
#834 = ADVANCED_FACE ( 'NONE', ( #5764 ), #5114, .F. ) ;
#835 = LINE ( 'NONE', #786, #3828 ) ;
#836 = VECTOR ( 'NONE', #6498, 1000.000000000000000 ) ;
#837 = CARTESIAN_POINT ( 'NONE',  ( 1.925000000000003819, 0.1499999999999999667, 0.8249999999999926281 ) ) ;
#838 = DIRECTION ( 'NONE',  ( 0.000000000000000000, -0.000000000000000000, -1.000000000000000000 ) ) ;
#839 = DIRECTION ( 'NONE',  ( 0.000000000000000000, 0.000000000000000000, 1.000000000000000000 ) ) ;
#840 = CARTESIAN_POINT ( 'NONE',  ( -0.3249999999999997891, 0.1499999999999999944, -1.650000000000000799 ) ) ;
#841 = DIRECTION ( 'NONE',  ( 0.000000000000000000, 0.000000000000000000, 1.000000000000000000 ) ) ;
#842 = AXIS2_PLACEMENT_3D ( 'NONE', #5042, #481, #2679 ) ;
#843 = CARTESIAN_POINT ( 'NONE',  ( 1.649999999999999023, 0.1499999999999999667, 0.9749999999999999778 ) ) ;
#844 = VERTEX_POINT ( 'NONE', #8135 ) ;
#845 = DIRECTION ( 'NONE',  ( -0.000000000000000000, -0.000000000000000000, -1.000000000000000000 ) ) ;
#846 = ORIENTED_EDGE ( 'NONE', *, *, #1065, .T. ) ;
#847 = AXIS2_PLACEMENT_3D ( 'NONE', #4234, #4966, #1885 ) ;
#848 = EDGE_CURVE ( 'NONE', #5841, #1941, #1510, .T. ) ;
#849 = ORIENTED_EDGE ( 'NONE', *, *, #9745, .F. ) ;
#850 = PLANE ( 'NONE',  #3269 ) ;
#851 = CARTESIAN_POINT ( 'NONE',  ( 1.619058829184429449, 0.08999999999999999667, -0.4750000000000062506 ) ) ;
#852 = SURFACE_STYLE_USAGE ( .BOTH. , #9039 ) ;
#853 = CARTESIAN_POINT ( 'NONE',  ( -1.124999999999999778, 0.05000000000000000278, 0.000000000000000000 ) ) ;
#854 = EDGE_CURVE ( 'NONE', #6838, #4119, #8798, .T. ) ;
#855 = EDGE_LOOP ( 'NONE', ( #9047, #3449, #8117, #6108, #3709 ) ) ;
#856 = CARTESIAN_POINT ( 'NONE',  ( 1.649999999999999023, 0.1499999999999999667, -0.8249999999999999556 ) ) ;
#857 = ORIENTED_EDGE ( 'NONE', *, *, #1295, .T. ) ;
#858 = CIRCLE ( 'NONE', #6557, 0.1000000000000000472 ) ;
#859 = ORIENTED_EDGE ( 'NONE', *, *, #493, .F. ) ;
#860 = VERTEX_POINT ( 'NONE', #6558 ) ;
#861 = DIRECTION ( 'NONE',  ( 0.000000000000000000, 1.000000000000000000, 0.000000000000000000 ) ) ;
#862 = FACE_OUTER_BOUND ( 'NONE', #2255, .T. ) ;
#863 = AXIS2_PLACEMENT_3D ( 'NONE', #1741, #9094, #2298 ) ;
#864 = LINE ( 'NONE', #6916, #7091 ) ;
#865 = PLANE ( 'NONE',  #8942 ) ;
#866 = ADVANCED_FACE ( 'NONE', ( #5958 ), #4378, .T. ) ;
#867 = FILL_AREA_STYLE ('',( #6168 ) ) ;
#868 = ORIENTED_EDGE ( 'NONE', *, *, #4795, .T. ) ;
#869 = STYLED_ITEM ( 'NONE', ( #3513 ), #1968 ) ;
#870 = VERTEX_POINT ( 'NONE', #4428 ) ;
#871 = ADVANCED_FACE ( 'NONE', ( #7395 ), #3645, .F. ) ;
#872 = ORIENTED_EDGE ( 'NONE', *, *, #6407, .T. ) ;
#873 = EDGE_CURVE ( 'NONE', #8147, #1876, #7297, .T. ) ;
#874 = EDGE_CURVE ( 'NONE', #1107, #1352, #2959, .T. ) ;
#875 = CARTESIAN_POINT ( 'NONE',  ( 0.1749999999999993783, 0.08999999999999999667, -1.924999999999999600 ) ) ;
#876 = CARTESIAN_POINT ( 'NONE',  ( 0.4750000000000005884, 0.6702163011671209425, 1.925000000000000933 ) ) ;
#877 = CARTESIAN_POINT ( 'NONE',  ( -0.1749999999999998224, 0.6702163011671209425, -1.925000000000000933 ) ) ;
#878 = CARTESIAN_POINT ( 'NONE',  ( 0.1750000000000002387, 0.1499999999999999944, -1.650000000000000577 ) ) ;
#879 = FACE_OUTER_BOUND ( 'NONE', #7205, .T. ) ;
#880 = ORIENTED_EDGE ( 'NONE', *, *, #886, .T. ) ;
#881 = DIRECTION ( 'NONE',  ( 0.000000000000000000, 0.000000000000000000, 1.000000000000000000 ) ) ;
#882 = VERTEX_POINT ( 'NONE', #5809 ) ;
#883 = VECTOR ( 'NONE', #2343, 1000.000000000000000 ) ;
#884 = DIRECTION ( 'NONE',  ( -0.000000000000000000, -1.000000000000000000, -0.000000000000000000 ) ) ;
#885 = ADVANCED_FACE ( 'NONE', ( #1587 ), #6054, .F. ) ;
#886 = EDGE_CURVE ( 'NONE', #9468, #86, #69, .T. ) ;
#887 = DIRECTION ( 'NONE',  ( 1.000000000000000000, 0.000000000000000000, 0.000000000000000000 ) ) ;
#889 = DIRECTION ( 'NONE',  ( 0.000000000000000000, 1.000000000000000000, 0.000000000000000000 ) ) ;
#888 = DIRECTION ( 'NONE',  ( 0.000000000000000000, -0.000000000000000000, 1.000000000000000000 ) ) ;
#890 = DIRECTION ( 'NONE',  ( -0.000000000000000000, -1.000000000000000000, -0.000000000000000000 ) ) ;
#891 = LINE ( 'NONE', #4846, #9696 ) ;
#892 = DIRECTION ( 'NONE',  ( 0.000000000000000000, -0.000000000000000000, 1.000000000000000000 ) ) ;
#893 = EDGE_CURVE ( 'NONE', #6667, #8952, #5400, .T. ) ;
#894 = DIRECTION ( 'NONE',  ( 1.000000000000000000, 0.000000000000000000, -1.445602896647339706E-15 ) ) ;
#895 = EDGE_LOOP ( 'NONE', ( #3166, #5543, #821, #4968, #8439, #6448 ) ) ;
#896 = CARTESIAN_POINT ( 'NONE',  ( -1.124999999999999778, 0.1499999999999999944, 1.650000000000000577 ) ) ;
#897 = ORIENTED_EDGE ( 'NONE', *, *, #2208, .T. ) ;
#898 = CARTESIAN_POINT ( 'NONE',  ( 0.3250000000000001776, 0.000000000000000000, -1.650000000000000799 ) ) ;
#899 = PLANE ( 'NONE',  #751 ) ;
#900 = CARTESIAN_POINT ( 'NONE',  ( 1.619058829184430559, 0.08999999999999999667, -0.1750000000000063449 ) ) ;
#901 = CARTESIAN_POINT ( 'NONE',  ( 1.124999999999999334, 0.08999999999999999667, -1.924999999999999600 ) ) ;
#902 = ORIENTED_EDGE ( 'NONE', *, *, #1346, .T. ) ;
#903 =( NAMED_UNIT ( * ) PLANE_ANGLE_UNIT ( ) SI_UNIT ( $, .RADIAN. ) );
#904 = ORIENTED_EDGE ( 'NONE', *, *, #9322, .F. ) ;
#905 = EDGE_LOOP ( 'NONE', ( #4969, #4756, #711, #1278 ) ) ;
#906 = ORIENTED_EDGE ( 'NONE', *, *, #145, .T. ) ;
#907 = DIRECTION ( 'NONE',  ( 0.000000000000000000, -1.000000000000000000, 0.000000000000000000 ) ) ;
#908 = FACE_OUTER_BOUND ( 'NONE', #2150, .T. ) ;
#909 = DIRECTION ( 'NONE',  ( -0.000000000000000000, -1.000000000000000000, -0.000000000000000000 ) ) ;
#910 = CARTESIAN_POINT ( 'NONE',  ( 1.199999999999999956, 0.05000000000000012768, -1.099999999999999645 ) ) ;
#911 = DIRECTION ( 'NONE',  ( 1.000000000000000000, 0.000000000000000000, 0.000000000000000000 ) ) ;
#912 = VECTOR ( 'NONE', #3321, 1000.000000000000000 ) ;
#913 = EDGE_LOOP ( 'NONE', ( #7620, #1783, #9063, #165 ) ) ;
#914 = COLOUR_RGB ( '',0.7921568627450980005, 0.8196078431372548767, 0.9333333333333333481 ) ;
#915 = VERTEX_POINT ( 'NONE', #2389 ) ;
#916 = VECTOR ( 'NONE', #248, 1000.000000000000000 ) ;
#917 = ORIENTED_EDGE ( 'NONE', *, *, #1619, .T. ) ;
#918 = UNCERTAINTY_MEASURE_WITH_UNIT (LENGTH_MEASURE( 1.000000000000000082E-05 ), #1604, 'distance_accuracy_value', 'NONE');
#919 = EDGE_CURVE ( 'NONE', #3438, #7987, #2295, .T. ) ;
#920 = CARTESIAN_POINT ( 'NONE',  ( -1.619058829184422565, 0.1499999999999999667, 0.8250000000000176081 ) ) ;
#921 = DIRECTION ( 'NONE',  ( 1.000000000000000000, 0.000000000000000000, 0.000000000000000000 ) ) ;
#922 = CYLINDRICAL_SURFACE ( 'NONE', #3096, 0.1666666666666667407 ) ;
#923 = CARTESIAN_POINT ( 'NONE',  ( -0.8249999999999997335, 0.04999999999999999584, -1.925000000000000933 ) ) ;
#924 = VERTEX_POINT ( 'NONE', #3193 ) ;
#925 = CARTESIAN_POINT ( 'NONE',  ( -1.649999999999999023, 0.05000000000000002359, 0.4749999999999999223 ) ) ;
#926 = ORIENTED_EDGE ( 'NONE', *, *, #5269, .F. ) ;
#927 = CARTESIAN_POINT ( 'NONE',  ( -0.1749999999999993783, 0.08999999999999999667, 1.619058829184431225 ) ) ;
#928 = CARTESIAN_POINT ( 'NONE',  ( -1.924999999999997824, 0.08999999999999999667, 0.1750000000000208333 ) ) ;
#929 = CARTESIAN_POINT ( 'NONE',  ( 1.649999999999999023, 0.1499999999999999667, 0.4749999999999999223 ) ) ;
#930 = CARTESIAN_POINT ( 'NONE',  ( 0.3250000000000001776, 0.000000000000000000, -1.650000000000000799 ) ) ;
#931 = DIRECTION ( 'NONE',  ( 0.000000000000000000, -1.000000000000000000, 0.000000000000000000 ) ) ;
#932 = ADVANCED_FACE ( 'NONE', ( #9239 ), #5356, .T. ) ;
#933 = DIRECTION ( 'NONE',  ( 0.000000000000000000, 0.000000000000000000, -1.000000000000000000 ) ) ;
#934 = ORIENTED_EDGE ( 'NONE', *, *, #7397, .T. ) ;
#935 = DIRECTION ( 'NONE',  ( 0.000000000000000000, 0.000000000000000000, 1.000000000000000000 ) ) ;
#936 = EDGE_CURVE ( 'NONE', #9635, #6838, #8336, .T. ) ;
#937 = ORIENTED_EDGE ( 'NONE', *, *, #3439, .F. ) ;
#938 = CARTESIAN_POINT ( 'NONE',  ( 2.000000000000000888, 8.656854249492379694, -2.000000000000000888 ) ) ;
#939 = EDGE_CURVE ( 'NONE', #7920, #6652, #1642, .T. ) ;
#940 = ORIENTED_EDGE ( 'NONE', *, *, #7057, .F. ) ;
#941 = DIRECTION ( 'NONE',  ( 0.000000000000000000, -0.000000000000000000, 1.000000000000000000 ) ) ;
#942 = DIRECTION ( 'NONE',  ( 1.000000000000000000, 0.000000000000000000, -0.000000000000000000 ) ) ;
#943 = CARTESIAN_POINT ( 'NONE',  ( -1.924999999999999156, 0.6702163011671204984, 1.125000000000000222 ) ) ;
#944 = ORIENTED_EDGE ( 'NONE', *, *, #8242, .F. ) ;
#945 = DIRECTION ( 'NONE',  ( -1.577021341797095637E-15, 0.000000000000000000, -1.000000000000000000 ) ) ;
#946 = EDGE_CURVE ( 'NONE', #1853, #3375, #7640, .T. ) ;
#947 = ORIENTED_EDGE ( 'NONE', *, *, #1987, .F. ) ;
#948 = ORIENTED_EDGE ( 'NONE', *, *, #7848, .F. ) ;
#949 = ORIENTED_EDGE ( 'NONE', *, *, #9422, .F. ) ;
#950 = CARTESIAN_POINT ( 'NONE',  ( 1.199999999999999956, 0.1499999999999999667, -1.099999999999999645 ) ) ;
#951 = PLANE ( 'NONE',  #9157 ) ;
#952 =( LENGTH_UNIT ( ) NAMED_UNIT ( * ) SI_UNIT ( .MILLI., .METRE. ) );
#953 = DIRECTION ( 'NONE',  ( 0.000000000000000000, 0.000000000000000000, 1.000000000000000000 ) ) ;
#954 = CARTESIAN_POINT ( 'NONE',  ( -1.099999999999999867, 0.1499999999999999667, 1.199999999999999734 ) ) ;
#955 = ORIENTED_EDGE ( 'NONE', *, *, #6549, .F. ) ;
#956 = AXIS2_PLACEMENT_3D ( 'NONE', #3392, #4958, #1877 ) ;
#957 = AXIS2_PLACEMENT_3D ( 'NONE', #6434, #1817, #4060 ) ;
#958 = ORIENTED_EDGE ( 'NONE', *, *, #5067, .F. ) ;
#959 = CIRCLE ( 'NONE', #3199, 0.1666666666666667407 ) ;
#960 = ORIENTED_EDGE ( 'NONE', *, *, #1397, .T. ) ;
#961 = DIRECTION ( 'NONE',  ( -0.000000000000000000, 1.000000000000000000, -0.000000000000000000 ) ) ;
#962 = DIRECTION ( 'NONE',  ( 0.000000000000000000, 1.000000000000000000, 0.000000000000000000 ) ) ;
#963 = DIRECTION ( 'NONE',  ( -0.000000000000000000, -1.000000000000000000, -0.000000000000000000 ) ) ;
#964 = LINE ( 'NONE', #186, #2611 ) ;
#965 = AXIS2_PLACEMENT_3D ( 'NONE', #5290, #4453, #5140 ) ;
#966 = DIRECTION ( 'NONE',  ( 1.577021341797095637E-15, 0.000000000000000000, 1.000000000000000000 ) ) ;
#967 = VECTOR ( 'NONE', #8720, 1000.000000000000000 ) ;
#968 = ORIENTED_EDGE ( 'NONE', *, *, #2754, .F. ) ;
#969 = LINE ( 'NONE', #3229, #67 ) ;
#970 = VERTEX_POINT ( 'NONE', #4668 ) ;
#971 = DIRECTION ( 'NONE',  ( 1.000000000000000000, -0.000000000000000000, 0.000000000000000000 ) ) ;
#972 = VECTOR ( 'NONE', #945, 1000.000000000000000 ) ;
#973 = AXIS2_PLACEMENT_3D ( 'NONE', #7724, #4658, #9226 ) ;
#974 = VECTOR ( 'NONE', #8863, 1000.000000000000000 ) ;
#975 = PLANE ( 'NONE',  #973 ) ;
#976 = DIRECTION ( 'NONE',  ( -0.000000000000000000, -1.000000000000000000, -0.000000000000000000 ) ) ;
#977 = EDGE_CURVE ( 'NONE', #5841, #7276, #4715, .T. ) ;
#978 = LINE ( 'NONE', #6243, #3208 ) ;
#979 = EDGE_CURVE ( 'NONE', #2362, #8454, #1689, .T. ) ;
#980 = CARTESIAN_POINT ( 'NONE',  ( -1.649999999999999023, 0.1499999999999999667, -0.8249999999999999556 ) ) ;
#981 = ORIENTED_EDGE ( 'NONE', *, *, #527, .F. ) ;
#982 = VERTEX_POINT ( 'NONE', #7589 ) ;
#983 = VECTOR ( 'NONE', #2667, 1000.000000000000000 ) ;
#984 = DIRECTION ( 'NONE',  ( -0.000000000000000000, -1.000000000000000000, -0.000000000000000000 ) ) ;
#985 = ORIENTED_EDGE ( 'NONE', *, *, #5962, .T. ) ;
#986 = DIRECTION ( 'NONE',  ( 0.000000000000000000, 1.000000000000000000, -0.000000000000000000 ) ) ;
#987 = EDGE_CURVE ( 'NONE', #3059, #4901, #8284, .T. ) ;
#988 = ADVANCED_FACE ( 'NONE', ( #799 ), #5261, .T. ) ;
#989 = ORIENTED_EDGE ( 'NONE', *, *, #2774, .T. ) ;
#990 = EDGE_CURVE ( 'NONE', #1910, #970, #418, .T. ) ;
#991 = DIRECTION ( 'NONE',  ( 0.000000000000000000, 1.000000000000000000, 0.000000000000000000 ) ) ;
#992 = DIRECTION ( 'NONE',  ( 1.000000000000000000, 0.000000000000000000, -3.942553354492742545E-16 ) ) ;
#993 =( NAMED_UNIT ( * ) PLANE_ANGLE_UNIT ( ) SI_UNIT ( $, .RADIAN. ) );
#994 = LINE ( 'NONE', #367, #2280 ) ;
#995 = ORIENTED_EDGE ( 'NONE', *, *, #2846, .F. ) ;
#996 = ORIENTED_EDGE ( 'NONE', *, *, #8193, .F. ) ;
#997 = VECTOR ( 'NONE', #7095, 1000.000000000000000 ) ;
#998 = ORIENTED_EDGE ( 'NONE', *, *, #6267, .F. ) ;
#999 = VECTOR ( 'NONE', #1940, 1000.000000000000000 ) ;
#1000 = VERTEX_POINT ( 'NONE', #5311 ) ;
#1001 = ADVANCED_FACE ( 'NONE', ( #8382 ), #850, .F. ) ;
#1002 = LINE ( 'NONE', #1207, #1516 ) ;
#1003 = EDGE_CURVE ( 'NONE', #4314, #3815, #3938, .T. ) ;
#1004 = LINE ( 'NONE', #1846, #2192 ) ;
#1005 = FILL_AREA_STYLE_COLOUR ( '', #7562 ) ;
#1006 = DIRECTION ( 'NONE',  ( 1.000000000000000000, -0.000000000000000000, -1.445602896647339706E-15 ) ) ;
#1007 = AXIS2_PLACEMENT_3D ( 'NONE', #9008, #4491, #619 ) ;
#1008 = SURFACE_SIDE_STYLE ('',( #3998 ) ) ;
#1009 = ORIENTED_EDGE ( 'NONE', *, *, #378, .T. ) ;
#1010 = ORIENTED_EDGE ( 'NONE', *, *, #470, .T. ) ;
#1011 = VERTEX_POINT ( 'NONE', #3980 ) ;
#1012 = AXIS2_PLACEMENT_3D ( 'NONE', #3456, #7895, #7257 ) ;
#1013 = DIRECTION ( 'NONE',  ( 0.000000000000000000, 0.000000000000000000, -1.000000000000000000 ) ) ;
#1014 = LINE ( 'NONE', #8606, #2340 ) ;
#1015 = CARTESIAN_POINT ( 'NONE',  ( 1.649999999999999023, 0.6702163011671202764, 1.125000000000000000 ) ) ;
#1016 = VECTOR ( 'NONE', #2864, 1000.000000000000000 ) ;
#1017 = CARTESIAN_POINT ( 'NONE',  ( 1.099999999999999867, 0.1499999999999999667, 1.200000000000000178 ) ) ;
#1018 = ORIENTED_EDGE ( 'NONE', *, *, #7734, .T. ) ;
#1019 = DIRECTION ( 'NONE',  ( 0.000000000000000000, -1.000000000000000000, 0.000000000000000000 ) ) ;
#1020 = ORIENTED_EDGE ( 'NONE', *, *, #4336, .F. ) ;
#1021 = COLOUR_RGB ( '',0.7921568627450980005, 0.8196078431372548767, 0.9333333333333333481 ) ;
#1022 = DIRECTION ( 'NONE',  ( -3.491481338843133355E-15, 0.000000000000000000, -1.000000000000000000 ) ) ;
#1023 = CIRCLE ( 'NONE', #2950, 0.1499999999999999667 ) ;
#1024 = EDGE_CURVE ( 'NONE', #7007, #5889, #4831, .T. ) ;
#1025 = LINE ( 'NONE', #5588, #6415 ) ;
#1026 = FACE_OUTER_BOUND ( 'NONE', #8184, .T. ) ;
#1027 = CARTESIAN_POINT ( 'NONE',  ( -1.649999999999999023, 0.1499999999999999667, -0.4749999999999999223 ) ) ;
#1028 = CARTESIAN_POINT ( 'NONE',  ( -2.000000000000001332, 0.1499999999999999667, -0.1749999999999784228 ) ) ;
#1029 = PLANE ( 'NONE',  #7779 ) ;
#1030 = PLANE ( 'NONE',  #3987 ) ;
#1031 = ORIENTED_EDGE ( 'NONE', *, *, #3191, .F. ) ;
#1032 = VERTEX_POINT ( 'NONE', #3795 ) ;
#1033 = AXIS2_PLACEMENT_3D ( 'NONE', #7831, #7053, #7101 ) ;
#1034 = CARTESIAN_POINT ( 'NONE',  ( -0.1749999999999993783, 0.000000000000000000, 1.925000000000000933 ) ) ;
#1035 = VERTEX_POINT ( 'NONE', #12 ) ;
#1036 = CARTESIAN_POINT ( 'NONE',  ( 1.925000000000000711, 0.08999999999999999667, 0.1749999999999926614 ) ) ;
#1037 = AXIS2_PLACEMENT_3D ( 'NONE', #437, #9516, #2725 ) ;
#1038 = EDGE_CURVE ( 'NONE', #2494, #6373, #1882, .T. ) ;
#1039 = ADVANCED_FACE ( 'NONE', ( #211 ), #6254, .F. ) ;
#1040 = ORIENTED_EDGE ( 'NONE', *, *, #766, .T. ) ;
#1041 = CARTESIAN_POINT ( 'NONE',  ( 0.1750000000000006828, 0.6702163011671209425, 1.925000000000001377 ) ) ;
#1042 = CARTESIAN_POINT ( 'NONE',  ( 0.8250000000000001776, 0.6702163011671209425, -1.650000000000000577 ) ) ;
#1043 = CARTESIAN_POINT ( 'NONE',  ( 1.924999999999999156, 0.000000000000000000, -0.8249999999999998446 ) ) ;
#1044 =( LENGTH_UNIT ( ) NAMED_UNIT ( * ) SI_UNIT ( .MILLI., .METRE. ) );
#1045 = CARTESIAN_POINT ( 'NONE',  ( 2.000000000000003553, 0.1499999999999999667, 1.124999999999992228 ) ) ;
#1046 = EDGE_CURVE ( 'NONE', #1047, #2697, #4180, .T. ) ;
#1047 = VERTEX_POINT ( 'NONE', #5650 ) ;
#1048 = ORIENTED_EDGE ( 'NONE', *, *, #8702, .T. ) ;
#1049 = VERTEX_POINT ( 'NONE', #5552 ) ;
#1050 = EDGE_LOOP ( 'NONE', ( #2916, #9352, #9001, #5307 ) ) ;
#1051 = DIRECTION ( 'NONE',  ( 0.000000000000000000, 1.000000000000000000, -0.000000000000000000 ) ) ;
#1052 = CARTESIAN_POINT ( 'NONE',  ( 1.649999999999999023, 0.05000000000000002359, 0.9749999999999999778 ) ) ;
#1053 = CARTESIAN_POINT ( 'NONE',  ( -1.599999999999999201, 1.399999999999999911, -1.433333333333334014 ) ) ;
#1054 = LINE ( 'NONE', #4826, #5933 ) ;
#1055 = EDGE_CURVE ( 'NONE', #7695, #8415, #7978, .T. ) ;
#1056 = EDGE_CURVE ( 'NONE', #5865, #3327, #362, .T. ) ;
#1057 = SURFACE_STYLE_USAGE ( .BOTH. , #1008 ) ;
#1058 = ORIENTED_EDGE ( 'NONE', *, *, #732, .T. ) ;
#1059 = STYLED_ITEM ( 'NONE', ( #2499 ), #5332 ) ;
#1060 = ORIENTED_EDGE ( 'NONE', *, *, #8892, .T. ) ;
#1061 = EDGE_CURVE ( 'NONE', #2807, #2429, #1834, .T. ) ;
#1062 = ORIENTED_EDGE ( 'NONE', *, *, #6561, .F. ) ;
#1063 = DIRECTION ( 'NONE',  ( 1.000000000000000000, -0.000000000000000000, 1.807003620809174385E-16 ) ) ;
#1064 = VECTOR ( 'NONE', #9656, 1000.000000000000000 ) ;
#1065 = EDGE_CURVE ( 'NONE', #3173, #8283, #6100, .T. ) ;
#1066 = LINE ( 'NONE', #8707, #8469 ) ;
#1067 = CARTESIAN_POINT ( 'NONE',  ( -1.999999999999990896, 0.1499999999999999667, 0.8250000000000216049 ) ) ;
#1068 = AXIS2_PLACEMENT_3D ( 'NONE', #1256, #9549, #9695 ) ;
#1069 = DIRECTION ( 'NONE',  ( 0.000000000000000000, 0.000000000000000000, -1.000000000000000000 ) ) ;
#1070 = CARTESIAN_POINT ( 'NONE',  ( 1.125000000000000666, 0.08999999999999999667, 1.619058829184431225 ) ) ;
#1071 = CARTESIAN_POINT ( 'NONE',  ( 0.8250000000000006217, 0.04999999999999999584, 1.925000000000001377 ) ) ;
#1072 = ORIENTED_EDGE ( 'NONE', *, *, #979, .F. ) ;
#1073 = DIRECTION ( 'NONE',  ( 0.000000000000000000, -1.000000000000000000, 0.000000000000000000 ) ) ;
#1074 = VERTEX_POINT ( 'NONE', #261 ) ;
#1075 = AXIS2_PLACEMENT_3D ( 'NONE', #6486, #4310, #8773 ) ;
#1076 = FACE_OUTER_BOUND ( 'NONE', #6169, .T. ) ;
#1077 = VECTOR ( 'NONE', #1739, 1000.000000000000000 ) ;
#1078 = PRESENTATION_STYLE_ASSIGNMENT (( #9370 ) ) ;
#1079 = DIRECTION ( 'NONE',  ( 0.000000000000000000, -1.000000000000000000, 0.000000000000000000 ) ) ;
#1080 = DIRECTION ( 'NONE',  ( 0.000000000000000000, -1.000000000000000000, 0.000000000000000000 ) ) ;
#1081 = CARTESIAN_POINT ( 'NONE',  ( 0.8250000000000006217, 0.08999999999999999667, 1.924999999999999600 ) ) ;
#1082 = DIRECTION ( 'NONE',  ( -1.000000000000000000, -0.000000000000000000, 1.047444401652940007E-14 ) ) ;
#1083 = CARTESIAN_POINT ( 'NONE',  ( 0.000000000000000000, 0.000000000000000000, 1.999999999999999556 ) ) ;
#1084 = ORIENTED_EDGE ( 'NONE', *, *, #2833, .F. ) ;
#1085 = ORIENTED_EDGE ( 'NONE', *, *, #1987, .T. ) ;
#1086 = FACE_OUTER_BOUND ( 'NONE', #8722, .T. ) ;
#1087 = ORIENTED_EDGE ( 'NONE', *, *, #3600, .T. ) ;
#1088 = ORIENTED_EDGE ( 'NONE', *, *, #9056, .T. ) ;
#1089 = DIRECTION ( 'NONE',  ( 1.000000000000000000, 0.000000000000000000, -3.491481338843133355E-15 ) ) ;
#1090 = DIRECTION ( 'NONE',  ( -0.000000000000000000, 0.000000000000000000, -1.000000000000000000 ) ) ;
#1091 = DIRECTION ( 'NONE',  ( -0.000000000000000000, -1.000000000000000000, -0.000000000000000000 ) ) ;
#1092 = EDGE_CURVE ( 'NONE', #2266, #9801, #7144, .T. ) ;
#1093 = DIRECTION ( 'NONE',  ( -0.000000000000000000, -1.000000000000000000, -0.000000000000000000 ) ) ;
#1094 = FILL_AREA_STYLE_COLOUR ( '', #1225 ) ;
#1095 = LINE ( 'NONE', #2600, #2605 ) ;
#1096 = ORIENTED_EDGE ( 'NONE', *, *, #674, .F. ) ;
#1097 = EDGE_CURVE ( 'NONE', #5648, #5865, #6403, .T. ) ;
#1098 = ORIENTED_EDGE ( 'NONE', *, *, #6494, .F. ) ;
#1099 = ORIENTED_EDGE ( 'NONE', *, *, #2870, .T. ) ;
#1100 = VERTEX_POINT ( 'NONE', #8636 ) ;
#1101 = DIRECTION ( 'NONE',  ( -1.000000000000000000, 0.000000000000000000, 0.000000000000000000 ) ) ;
#1102 = FACE_OUTER_BOUND ( 'NONE', #9437, .T. ) ;
#1103 = SURFACE_SIDE_STYLE ('',( #9349 ) ) ;
#1104 = EDGE_CURVE ( 'NONE', #6369, #9576, #3344, .T. ) ;
#1105 = CARTESIAN_POINT ( 'NONE',  ( -2.000000000000008438, 0.08999999999999999667, -0.8249999999999784173 ) ) ;
#1106 =( NAMED_UNIT ( * ) SI_UNIT ( $, .STERADIAN. ) SOLID_ANGLE_UNIT ( ) );
#1107 = VERTEX_POINT ( 'NONE', #2597 ) ;
#1108 = ORIENTED_EDGE ( 'NONE', *, *, #9800, .F. ) ;
#1109 = ORIENTED_EDGE ( 'NONE', *, *, #3494, .F. ) ;
#1110 = UNCERTAINTY_MEASURE_WITH_UNIT (LENGTH_MEASURE( 1.000000000000000082E-05 ), #3804, 'distance_accuracy_value', 'NONE');
#1111 = EDGE_CURVE ( 'NONE', #453, #7888, #9388, .T. ) ;
#1112 = EDGE_CURVE ( 'NONE', #6009, #2969, #4031, .T. ) ;
#1113 = CARTESIAN_POINT ( 'NONE',  ( 1.924999999999998712, 0.08999999999999999667, -0.1750000000000073996 ) ) ;
#1114 = CARTESIAN_POINT ( 'NONE',  ( 1.124999999999999334, 0.08999999999999999667, -1.924999999999999600 ) ) ;
#1115 = DIRECTION ( 'NONE',  ( -1.000000000000000000, 0.000000000000000000, 1.445602896647339706E-15 ) ) ;
#1116 = DIRECTION ( 'NONE',  ( -1.000000000000000000, 0.000000000000000000, 4.937084235490472864E-15 ) ) ;
#1117 = VECTOR ( 'NONE', #8416, 1000.000000000000000 ) ;
#1118 = CARTESIAN_POINT ( 'NONE',  ( 3.252606517456514781E-16, 0.05000000000000000278, -0.8250000000000006217 ) ) ;
#1119 = VERTEX_POINT ( 'NONE', #4125 ) ;
#1120 =( NAMED_UNIT ( * ) SI_UNIT ( $, .STERADIAN. ) SOLID_ANGLE_UNIT ( ) );
#1121 = ORIENTED_EDGE ( 'NONE', *, *, #7074, .T. ) ;
#1122 = VECTOR ( 'NONE', #1531, 1000.000000000000000 ) ;
#1123 = CARTESIAN_POINT ( 'NONE',  ( -1.599999999999999201, 1.500000000000000000, -1.600000000000000755 ) ) ;
#1124 = AXIS2_PLACEMENT_3D ( 'NONE', #1424, #1332, #5894 ) ;
#1125 = ADVANCED_FACE ( 'NONE', ( #5697 ), #5503, .F. ) ;
#1127 = DIRECTION ( 'NONE',  ( -1.577021341797093468E-15, 0.000000000000000000, -1.000000000000000000 ) ) ;
#1126 = VECTOR ( 'NONE', #629, 1000.000000000000000 ) ;
#1128 = LINE ( 'NONE', #6436, #9311 ) ;
#1129 = AXIS2_PLACEMENT_3D ( 'NONE', #7520, #2982, #9668 ) ;
#1130 = CARTESIAN_POINT ( 'NONE',  ( 1.925000000000000711, 0.08999999999999999667, 0.1749999999999926059 ) ) ;
#1131 = FACE_OUTER_BOUND ( 'NONE', #2163, .T. ) ;
#1132 = CARTESIAN_POINT ( 'NONE',  ( -0.9749999999999997558, 0.000000000000000000, 1.650000000000000799 ) ) ;
#1133 = APPLICATION_CONTEXT ( 'automotive_design' ) ;
#1134 = EDGE_CURVE ( 'NONE', #1646, #8590, #7199, .T. ) ;
#1135 = CARTESIAN_POINT ( 'NONE',  ( -2.000000000000011102, 0.08999999999999999667, -1.124999999999978240 ) ) ;
#1136 = ORIENTED_EDGE ( 'NONE', *, *, #7346, .F. ) ;
#1137 = ORIENTED_EDGE ( 'NONE', *, *, #3425, .F. ) ;
#1138 = DIRECTION ( 'NONE',  ( 0.000000000000000000, 0.000000000000000000, 1.000000000000000000 ) ) ;
#1139 = AXIS2_PLACEMENT_3D ( 'NONE', #6485, #8667, #1975 ) ;
#1140 = ORIENTED_EDGE ( 'NONE', *, *, #2084, .F. ) ;
#1141 = MECHANICAL_DESIGN_GEOMETRIC_PRESENTATION_REPRESENTATION (  '', ( #8911 ), #6853 ) ;
#1142 = CLOSED_SHELL ( 'NONE', ( #6396, #5839, #9753, #5410, #2763, #5534 ) ) ;
#1143 = EDGE_LOOP ( 'NONE', ( #252, #5027, #5757, #5435 ) ) ;
#1144 = DIRECTION ( 'NONE',  ( 1.047444401652940007E-14, 0.000000000000000000, 1.000000000000000000 ) ) ;
#1145 = CARTESIAN_POINT ( 'NONE',  ( 1.924999999999997158, 0.08999999999999999667, -0.4750000000000073053 ) ) ;
#1146 = DIRECTION ( 'NONE',  ( -1.445602896647339706E-15, 0.000000000000000000, -1.000000000000000000 ) ) ;
#1147 = DIRECTION ( 'NONE',  ( -3.491481338843133355E-15, 0.000000000000000000, -1.000000000000000000 ) ) ;
#1148 = VECTOR ( 'NONE', #7929, 1000.000000000000000 ) ;
#1149 = DIRECTION ( 'NONE',  ( -0.000000000000000000, -1.000000000000000000, -0.000000000000000000 ) ) ;
#1150 = VERTEX_POINT ( 'NONE', #4906 ) ;
#1151 = EDGE_LOOP ( 'NONE', ( #8560, #9430, #7281, #6472 ) ) ;
#1152 = ORIENTED_EDGE ( 'NONE', *, *, #6914, .T. ) ;
#1153 = ORIENTED_EDGE ( 'NONE', *, *, #3881, .T. ) ;
#1154 = VECTOR ( 'NONE', #3735, 1000.000000000000000 ) ;
#1155 = DIRECTION ( 'NONE',  ( -1.807003620809174385E-16, 0.000000000000000000, 1.000000000000000000 ) ) ;
#1156 = EDGE_CURVE ( 'NONE', #1695, #4523, #2473, .T. ) ;
#1157 = FACE_OUTER_BOUND ( 'NONE', #3606, .T. ) ;
#1158 = LINE ( 'NONE', #1307, #5823 ) ;
#1159 = DIRECTION ( 'NONE',  ( 0.000000000000000000, -0.000000000000000000, 1.000000000000000000 ) ) ;
#1160 = DIRECTION ( 'NONE',  ( 0.000000000000000000, -1.000000000000000000, -0.000000000000000000 ) ) ;
#1161 = AXIS2_PLACEMENT_3D ( 'NONE', #8178, #5908, #2290 ) ;
#1162 = ORIENTED_EDGE ( 'NONE', *, *, #9383, .T. ) ;
#1163 = ORIENTED_EDGE ( 'NONE', *, *, #7417, .F. ) ;
#1165 = DIRECTION ( 'NONE',  ( -0.000000000000000000, -0.000000000000000000, 1.000000000000000000 ) ) ;
#1164 = PRESENTATION_LAYER_ASSIGNMENT (  '', '', ( #6721 ) ) ;
#1166 = ADVANCED_FACE ( 'NONE', ( #3246 ), #409, .F. ) ;
#1167 = DIRECTION ( 'NONE',  ( -0.000000000000000000, -0.000000000000000000, -1.000000000000000000 ) ) ;
#1168 = CARTESIAN_POINT ( 'NONE',  ( -0.4749999999999993117, 0.000000000000000000, 1.925000000000001377 ) ) ;
#1169 = SURFACE_STYLE_FILL_AREA ( #4255 ) ;
#1170 = CARTESIAN_POINT ( 'NONE',  ( -1.925000000000011369, 0.08999999999999999667, -1.124999999999979128 ) ) ;
#1171 = CARTESIAN_POINT ( 'NONE',  ( 0.4750000000000005884, 0.000000000000000000, 1.925000000000000933 ) ) ;
#1172 = ORIENTED_EDGE ( 'NONE', *, *, #6880, .F. ) ;
#1173 = CARTESIAN_POINT ( 'NONE',  ( -1.925000000000013145, 0.08999999999999999667, -1.124999999999979128 ) ) ;
#1174 = ORIENTED_EDGE ( 'NONE', *, *, #6971, .T. ) ;
#1175 = EDGE_CURVE ( 'NONE', #4990, #3739, #8731, .T. ) ;
#1176 = SURFACE_STYLE_USAGE ( .BOTH. , #762 ) ;
#1177 = EDGE_CURVE ( 'NONE', #4504, #8253, #8832, .T. ) ;
#1178 = AXIS2_PLACEMENT_3D ( 'NONE', #5377, #2816, #3565 ) ;
#1179 = FACE_OUTER_BOUND ( 'NONE', #2496, .T. ) ;
#1180 = DIRECTION ( 'NONE',  ( 1.577021341797095637E-15, -0.000000000000000000, 1.000000000000000000 ) ) ;
#1181 = EDGE_CURVE ( 'NONE', #5512, #7683, #6596, .T. ) ;
#1182 = DIRECTION ( 'NONE',  ( 0.000000000000000000, 0.000000000000000000, -1.000000000000000000 ) ) ;
#1183 = CARTESIAN_POINT ( 'NONE',  ( 0.8250000000000006217, 0.000000000000000000, 1.925000000000001377 ) ) ;
#1184 = CARTESIAN_POINT ( 'NONE',  ( -1.199999999999999956, 0.05000000000000000278, 1.099999999999999423 ) ) ;
#1185 = LINE ( 'NONE', #4999, #7924 ) ;
#1186 = VECTOR ( 'NONE', #7398, 1000.000000000000000 ) ;
#1187 = ORIENTED_EDGE ( 'NONE', *, *, #4925, .F. ) ;
#1188 = EDGE_LOOP ( 'NONE', ( #1412, #9283, #6160, #5612 ) ) ;
#1189 = DIRECTION ( 'NONE',  ( -0.000000000000000000, -1.000000000000000000, -0.000000000000000000 ) ) ;
#1190 = ORIENTED_EDGE ( 'NONE', *, *, #7279, .F. ) ;
#1191 = ADVANCED_FACE ( 'NONE', ( #3538 ), #1244, .T. ) ;
#1192 = ORIENTED_EDGE ( 'NONE', *, *, #9790, .T. ) ;
#1194 = VECTOR ( 'NONE', #4240, 1000.000000000000000 ) ;
#1193 = CARTESIAN_POINT ( 'NONE',  ( 1.619058829184431891, 0.08999999999999999667, 0.1749999999999937161 ) ) ;
#1195 = CARTESIAN_POINT ( 'NONE',  ( 0.000000000000000000, 0.05000000000000000278, -1.125000000000000000 ) ) ;
#1196 = FACE_OUTER_BOUND ( 'NONE', #8393, .T. ) ;
#1197 = CARTESIAN_POINT ( 'NONE',  ( 0.4750000000000001443, 0.1499999999999999944, -1.925000000000000933 ) ) ;
#1198 = ADVANCED_FACE ( 'NONE', ( #9679 ), #5197, .F. ) ;
#1199 = PRESENTATION_STYLE_ASSIGNMENT (( #5012 ) ) ;
#1200 = CARTESIAN_POINT ( 'NONE',  ( -1.924999999999999156, 0.05000000000000002359, 0.8249999999999999556 ) ) ;
#1201 = ORIENTED_EDGE ( 'NONE', *, *, #9243, .F. ) ;
#1202 = VERTEX_POINT ( 'NONE', #2791 ) ;
#1203 = VECTOR ( 'NONE', #6163, 1000.000000000000000 ) ;
#1204 = ORIENTED_EDGE ( 'NONE', *, *, #6061, .T. ) ;
#1205 = ORIENTED_EDGE ( 'NONE', *, *, #4931, .F. ) ;
#1206 = ORIENTED_EDGE ( 'NONE', *, *, #5216, .F. ) ;
#1207 = CARTESIAN_POINT ( 'NONE',  ( -1.124999999999999334, 0.08999999999999999667, 1.924999999999999600 ) ) ;
#1208 = DIRECTION ( 'NONE',  ( -1.000000000000000000, 0.000000000000000000, 1.445602896647339706E-15 ) ) ;
#1209 = FACE_OUTER_BOUND ( 'NONE', #8405, .T. ) ;
#1210 = CARTESIAN_POINT ( 'NONE',  ( -1.649999999999999023, 0.05000000000000002359, -0.9749999999999999778 ) ) ;
#1211 = DIRECTION ( 'NONE',  ( 1.000000000000000000, 0.000000000000000000, 0.000000000000000000 ) ) ;
#1212 = ORIENTED_EDGE ( 'NONE', *, *, #2708, .F. ) ;
#1213 = EDGE_LOOP ( 'NONE', ( #4581, #2540, #8340, #2182 ) ) ;
#1214 = UNCERTAINTY_MEASURE_WITH_UNIT (LENGTH_MEASURE( 1.000000000000000082E-05 ), #2065, 'distance_accuracy_value', 'NONE');
#1215 = ORIENTED_EDGE ( 'NONE', *, *, #9669, .T. ) ;
#1216 = CARTESIAN_POINT ( 'NONE',  ( -0.4749999999999993117, 0.1499999999999999667, 1.619058829184431225 ) ) ;
#1217 = DIRECTION ( 'NONE',  ( 0.000000000000000000, 0.000000000000000000, -1.000000000000000000 ) ) ;
#1218 = DIRECTION ( 'NONE',  ( -1.000000000000000000, 0.000000000000000000, 1.047444401652940007E-14 ) ) ;
#1219 = DIRECTION ( 'NONE',  ( 1.047444401652940007E-14, 0.000000000000000000, 1.000000000000000000 ) ) ;
#1220 = CARTESIAN_POINT ( 'NONE',  ( -3.252606517456514781E-16, 0.05000000000000000278, -0.1750000000000006828 ) ) ;
#1221 = EDGE_CURVE ( 'NONE', #5178, #6394, #8874, .T. ) ;
#1222 = DIRECTION ( 'NONE',  ( 0.000000000000000000, 0.000000000000000000, 1.000000000000000000 ) ) ;
#1223 = ORIENTED_EDGE ( 'NONE', *, *, #4752, .F. ) ;
#1224 = EDGE_CURVE ( 'NONE', #5521, #9231, #8220, .T. ) ;
#1225 = COLOUR_RGB ( '',0.7921568627450980005, 0.8196078431372548767, 0.9333333333333333481 ) ;
#1226 = AXIS2_PLACEMENT_3D ( 'NONE', #3939, #6761, #6006 ) ;
#1227 = LINE ( 'NONE', #5881, #9405 ) ;
#1228 = CARTESIAN_POINT ( 'NONE',  ( 1.124999999999997558, 0.05000000000000000278, 1.301042606982607687E-15 ) ) ;
#1229 = CARTESIAN_POINT ( 'NONE',  ( 1.649999999999999023, 0.000000000000000000, 0.4749999999999999223 ) ) ;
#1230 = DIRECTION ( 'NONE',  ( 0.000000000000000000, 0.000000000000000000, -1.000000000000000000 ) ) ;
#1231 = CARTESIAN_POINT ( 'NONE',  ( -0.1749999999999993783, 0.1499999999999999944, 1.925000000000000933 ) ) ;
#1232 = AXIS2_PLACEMENT_3D ( 'NONE', #2682, #5687, #5045 ) ;
#1233 = DIRECTION ( 'NONE',  ( -1.000000000000000000, 0.000000000000000000, 0.000000000000000000 ) ) ;
#1234 = ORIENTED_EDGE ( 'NONE', *, *, #8428, .T. ) ;
#1235 = ORIENTED_EDGE ( 'NONE', *, *, #6517, .F. ) ;
#1236 = AXIS2_PLACEMENT_3D ( 'NONE', #6786, #9214, #9265 ) ;
#1237 = CIRCLE ( 'NONE', #9163, 0.1666666666666667407 ) ;
#1238 = CARTESIAN_POINT ( 'NONE',  ( 1.924999999999999156, 0.6702163011671202764, 0.1750000000000000167 ) ) ;
#1239 = STYLED_ITEM ( 'NONE', ( #4106 ), #1893 ) ;
#1240 = ADVANCED_FACE ( 'NONE', ( #2141 ), #9581, .T. ) ;
#1241 = PRESENTATION_LAYER_ASSIGNMENT (  '', '', ( #3628 ) ) ;
#1242 = ORIENTED_EDGE ( 'NONE', *, *, #5063, .F. ) ;
#1243 = CARTESIAN_POINT ( 'NONE',  ( -0.1749999999999998224, 0.1499999999999999667, -1.925000000000000933 ) ) ;
#1244 = PLANE ( 'NONE',  #3743 ) ;
#1245 = CARTESIAN_POINT ( 'NONE',  ( -0.9749999999999997558, 0.1499999999999999944, 1.650000000000000799 ) ) ;
#1246 = CARTESIAN_POINT ( 'NONE',  ( 0.1750000000000006828, 0.08999999999999999667, 1.924999999999999378 ) ) ;
#1247 =( NAMED_UNIT ( * ) PLANE_ANGLE_UNIT ( ) SI_UNIT ( $, .RADIAN. ) );
#1248 = PLANE ( 'NONE',  #9567 ) ;
#1249 = ADVANCED_FACE ( 'NONE', ( #6497 ), #455, .F. ) ;
#1250 = CARTESIAN_POINT ( 'NONE',  ( -0.3249999999999997891, 0.000000000000000000, -1.650000000000000799 ) ) ;
#1251 = ORIENTED_EDGE ( 'NONE', *, *, #874, .F. ) ;
#1252 = PLANE ( 'NONE',  #4163 ) ;
#1253 = ORIENTED_EDGE ( 'NONE', *, *, #7997, .T. ) ;
#1254 = EDGE_CURVE ( 'NONE', #3979, #2967, #6701, .T. ) ;
#1255 = CARTESIAN_POINT ( 'NONE',  ( 1.124999999999999334, 0.1499999999999999667, -1.619058829184431225 ) ) ;
#1256 = CARTESIAN_POINT ( 'NONE',  ( 1.924999999999999156, 0.6702163011671202764, -0.1749999999999999056 ) ) ;
#1257 = DIRECTION ( 'NONE',  ( -0.000000000000000000, -1.000000000000000000, -0.000000000000000000 ) ) ;
#1258 = EDGE_LOOP ( 'NONE', ( #1136, #267, #7141, #1399 ) ) ;
#1259 = ORIENTED_EDGE ( 'NONE', *, *, #2870, .F. ) ;
#1260 = ORIENTED_EDGE ( 'NONE', *, *, #3535, .F. ) ;
#1261 = DIRECTION ( 'NONE',  ( 0.000000000000000000, -0.000000000000000000, 1.000000000000000000 ) ) ;
#1262 = CARTESIAN_POINT ( 'NONE',  ( -1.924999999999999156, 0.000000000000000000, 0.8249999999999999556 ) ) ;
#1263 = DIRECTION ( 'NONE',  ( 0.000000000000000000, -0.000000000000000000, 1.000000000000000000 ) ) ;
#1264 = LINE ( 'NONE', #2673, #6879 ) ;
#1265 = DIRECTION ( 'NONE',  ( -1.577021341797095637E-15, 0.000000000000000000, -1.000000000000000000 ) ) ;
#1266 = FILL_AREA_STYLE ('',( #5079 ) ) ;
#1267 = ORIENTED_EDGE ( 'NONE', *, *, #642, .F. ) ;
#1268 = EDGE_CURVE ( 'NONE', #5910, #7504, #2946, .T. ) ;
#1269 = FACE_OUTER_BOUND ( 'NONE', #6990, .T. ) ;
#1270 = AXIS2_PLACEMENT_3D ( 'NONE', #6542, #2735, #1280 ) ;
#1271 = LINE ( 'NONE', #4307, #1304 ) ;
#1272 = LINE ( 'NONE', #532, #9389 ) ;
#1273 = DIRECTION ( 'NONE',  ( 4.937084235490472864E-15, 0.000000000000000000, 1.000000000000000000 ) ) ;
#1274 = CARTESIAN_POINT ( 'NONE',  ( -1.924999999999999156, 0.6702163011671202764, 1.125000000000000222 ) ) ;
#1275 = ADVANCED_FACE ( 'NONE', ( #5751 ), #3587, .F. ) ;
#1276 = VECTOR ( 'NONE', #5744, 1000.000000000000000 ) ;
#1277 = CARTESIAN_POINT ( 'NONE',  ( -0.1749999999999998224, 0.000000000000000000, -1.925000000000000933 ) ) ;
#1278 = ORIENTED_EDGE ( 'NONE', *, *, #2403, .T. ) ;
#1279 = EDGE_LOOP ( 'NONE', ( #6399, #9408, #3518, #6420, #2101, #3154 ) ) ;
#1280 = DIRECTION ( 'NONE',  ( 0.000000000000000000, 0.000000000000000000, -1.000000000000000000 ) ) ;
#1281 = VECTOR ( 'NONE', #3738, 1000.000000000000000 ) ;
#1282 = VECTOR ( 'NONE', #4257, 1000.000000000000000 ) ;
#1283 = EDGE_CURVE ( 'NONE', #1563, #2086, #7240, .T. ) ;
#1284 = VERTEX_POINT ( 'NONE', #8125 ) ;
#1285 = PLANE ( 'NONE',  #4467 ) ;
#1286 = CARTESIAN_POINT ( 'NONE',  ( -0.8249999999999997335, 0.6702163011671209425, -1.925000000000000933 ) ) ;
#1287 = MECHANICAL_DESIGN_GEOMETRIC_PRESENTATION_REPRESENTATION (  '', ( #650 ), #6680 ) ;
#1288 = FACE_OUTER_BOUND ( 'NONE', #9619, .T. ) ;
#1289 = EDGE_CURVE ( 'NONE', #1805, #5830, #9532, .T. ) ;
#1290 = CARTESIAN_POINT ( 'NONE',  ( -1.924999999999999156, 0.1499999999999999667, -1.125000000000000000 ) ) ;
#1291 = LINE ( 'NONE', #3131, #2300 ) ;
#1292 = AXIS2_PLACEMENT_3D ( 'NONE', #5899, #9028, #588 ) ;
#1293 = VECTOR ( 'NONE', #8209, 1000.000000000000000 ) ;
#1294 = LINE ( 'NONE', #2795, #5553 ) ;
#1295 = EDGE_CURVE ( 'NONE', #6212, #7714, #7385, .T. ) ;
#1296 = ORIENTED_EDGE ( 'NONE', *, *, #5216, .T. ) ;
#1297 = AXIS2_PLACEMENT_3D ( 'NONE', #8341, #74, #7692 ) ;
#1298 = ORIENTED_EDGE ( 'NONE', *, *, #8329, .F. ) ;
#1299 = EDGE_CURVE ( 'NONE', #1011, #9297, #5949, .T. ) ;
#1300 = VECTOR ( 'NONE', #5806, 1000.000000000000000 ) ;
#1301 = VERTEX_POINT ( 'NONE', #8982 ) ;
#1302 = EDGE_CURVE ( 'NONE', #3049, #6253, #1383, .T. ) ;
#1303 = AXIS2_PLACEMENT_3D ( 'NONE', #8928, #4321, #6748 ) ;
#1304 = VECTOR ( 'NONE', #3475, 1000.000000000000000 ) ;
#1305 = DIRECTION ( 'NONE',  ( -0.000000000000000000, -1.000000000000000000, 0.000000000000000000 ) ) ;
#1306 = DIRECTION ( 'NONE',  ( 0.000000000000000000, 0.000000000000000000, -1.000000000000000000 ) ) ;
#1307 = CARTESIAN_POINT ( 'NONE',  ( 1.925000000000001377, 0.08999999999999999667, 0.4749999999999925948 ) ) ;
#1308 = CARTESIAN_POINT ( 'NONE',  ( 0.8250000000000006217, 0.08999999999999999667, 1.999999999999999556 ) ) ;
#1309 = DIRECTION ( 'NONE',  ( 0.000000000000000000, -1.000000000000000000, 0.000000000000000000 ) ) ;
#1310 = AXIS2_PLACEMENT_3D ( 'NONE', #5868, #8243, #2115 ) ;
#1311 = VERTEX_POINT ( 'NONE', #5148 ) ;
#1312 = ORIENTED_EDGE ( 'NONE', *, *, #8142, .T. ) ;
#1313 = EDGE_CURVE ( 'NONE', #3635, #6212, #7433, .T. ) ;
#1314 = ORIENTED_EDGE ( 'NONE', *, *, #8071, .F. ) ;
#1315 = DIRECTION ( 'NONE',  ( 1.577021341797093271E-15, -0.000000000000000000, 1.000000000000000000 ) ) ;
#1316 = FACE_OUTER_BOUND ( 'NONE', #7106, .T. ) ;
#1317 = DIRECTION ( 'NONE',  ( 0.000000000000000000, 1.000000000000000000, 0.000000000000000000 ) ) ;
#1318 =( NAMED_UNIT ( * ) PLANE_ANGLE_UNIT ( ) SI_UNIT ( $, .RADIAN. ) );
#1319 = DIRECTION ( 'NONE',  ( 0.000000000000000000, 0.000000000000000000, -1.000000000000000000 ) ) ;
#1320 = LINE ( 'NONE', #8710, #6518 ) ;
#1321 = DIRECTION ( 'NONE',  ( 0.000000000000000000, -1.000000000000000000, 0.000000000000000000 ) ) ;
#1322 = ORIENTED_EDGE ( 'NONE', *, *, #342, .F. ) ;
#1323 = PRESENTATION_LAYER_ASSIGNMENT (  '', '', ( #5775 ) ) ;
#1324 = DIRECTION ( 'NONE',  ( 0.000000000000000000, -1.000000000000000000, 0.000000000000000000 ) ) ;
#1325 = DIRECTION ( 'NONE',  ( 0.000000000000000000, 0.000000000000000000, -1.000000000000000000 ) ) ;
#1326 = DIRECTION ( 'NONE',  ( 0.000000000000000000, -1.000000000000000000, 0.000000000000000000 ) ) ;
#1327 = PLANE ( 'NONE',  #8580 ) ;
#1328 = DIRECTION ( 'NONE',  ( 0.000000000000000000, -1.000000000000000000, 0.000000000000000000 ) ) ;
#1329 = ORIENTED_EDGE ( 'NONE', *, *, #1313, .F. ) ;
#1330 = ORIENTED_EDGE ( 'NONE', *, *, #3381, .T. ) ;
#1331 = CIRCLE ( 'NONE', #7814, 0.1499999999999999667 ) ;
#1332 = DIRECTION ( 'NONE',  ( 0.000000000000000000, 1.000000000000000000, 0.000000000000000000 ) ) ;
#1333 = EDGE_CURVE ( 'NONE', #5924, #2218, #6042, .T. ) ;
#1334 = ORIENTED_EDGE ( 'NONE', *, *, #8321, .T. ) ;
#1335 = DIRECTION ( 'NONE',  ( 0.000000000000000000, -0.000000000000000000, -1.000000000000000000 ) ) ;
#1336 = CARTESIAN_POINT ( 'NONE',  ( 1.924999999999999156, 0.6702163011671202764, -0.4749999999999999223 ) ) ;
#1337 = DIRECTION ( 'NONE',  ( -1.047444401652940007E-14, -0.000000000000000000, -1.000000000000000000 ) ) ;
#1338 = CARTESIAN_POINT ( 'NONE',  ( 0.4750000000000001443, 0.6702163011671209425, 1.650000000000000577 ) ) ;
#1339 = LINE ( 'NONE', #3085, #8282 ) ;
#1340 = STYLED_ITEM ( 'NONE', ( #4987 ), #1949 ) ;
#1341 = DIRECTION ( 'NONE',  ( 0.000000000000000000, -1.000000000000000000, 0.000000000000000000 ) ) ;
#1342 = VERTEX_POINT ( 'NONE', #5249 ) ;
#1343 = EDGE_CURVE ( 'NONE', #924, #4022, #6848, .T. ) ;
#1344 = CARTESIAN_POINT ( 'NONE',  ( -1.649999999999999023, 0.05000000000000002359, 0.8249999999999999556 ) ) ;
#1345 = ORIENTED_EDGE ( 'NONE', *, *, #8329, .T. ) ;
#1346 = EDGE_CURVE ( 'NONE', #1035, #9272, #1632, .T. ) ;
#1347 = CARTESIAN_POINT ( 'NONE',  ( 2.000000000000001332, 0.08999999999999999667, 0.4749999999999923173 ) ) ;
#1348 = ADVANCED_FACE ( 'NONE', ( #9783 ), #789, .T. ) ;
#1349 = CARTESIAN_POINT ( 'NONE',  ( -1.925000000000001821, 0.08999999999999999667, -0.1749999999999792000 ) ) ;
#1350 = CARTESIAN_POINT ( 'NONE',  ( 0.4750000000000005884, 0.08999999999999999667, 1.619058829184431225 ) ) ;
#1351 = DIRECTION ( 'NONE',  ( 0.000000000000000000, -1.000000000000000000, 0.000000000000000000 ) ) ;
#1352 = VERTEX_POINT ( 'NONE', #3037 ) ;
#1353 = AXIS2_PLACEMENT_3D ( 'NONE', #3397, #4962, #9439 ) ;
#1354 = ORIENTED_EDGE ( 'NONE', *, *, #4972, .T. ) ;
#1355 = DIRECTION ( 'NONE',  ( 0.000000000000000000, 0.000000000000000000, -1.000000000000000000 ) ) ;
#1356 = ORIENTED_EDGE ( 'NONE', *, *, #1333, .F. ) ;
#1357 = ORIENTED_EDGE ( 'NONE', *, *, #7279, .T. ) ;
#1358 = ORIENTED_EDGE ( 'NONE', *, *, #4319, .T. ) ;
#1359 = ADVANCED_FACE ( 'NONE', ( #2283 ), #5343, .F. ) ;
#1360 = PLANE ( 'NONE',  #2590 ) ;
#1361 = CYLINDRICAL_SURFACE ( 'NONE', #7871, 0.1000000000000000472 ) ;
#1362 = PLANE ( 'NONE',  #3256 ) ;
#1363 = DIRECTION ( 'NONE',  ( 1.445602896647339706E-15, 0.000000000000000000, 1.000000000000000000 ) ) ;
#1364 = CARTESIAN_POINT ( 'NONE',  ( 1.924999999999999156, 0.6702163011671202764, 0.1750000000000000167 ) ) ;
#1365 = LINE ( 'NONE', #9009, #2565 ) ;
#1366 = ORIENTED_EDGE ( 'NONE', *, *, #9726, .F. ) ;
#1367 = EDGE_CURVE ( 'NONE', #2748, #3404, #60, .T. ) ;
#1368 = VERTEX_POINT ( 'NONE', #3926 ) ;
#1369 = EDGE_CURVE ( 'NONE', #3626, #3976, #8371, .T. ) ;
#1370 = CARTESIAN_POINT ( 'NONE',  ( -1.925000000000009592, 0.6702163011671209425, -0.8249999999999791944 ) ) ;
#1371 = PLANE ( 'NONE',  #3064 ) ;
#1372 = CARTESIAN_POINT ( 'NONE',  ( 2.000000000000000000, 0.08999999999999999667, 0.1749999999999923839 ) ) ;
#1373 = FACE_OUTER_BOUND ( 'NONE', #4798, .T. ) ;
#1374 = DIRECTION ( 'NONE',  ( -1.000000000000000000, 0.000000000000000000, 0.000000000000000000 ) ) ;
#1375 = CARTESIAN_POINT ( 'NONE',  ( -0.4750000000000005884, 0.08999999999999999667, -1.924999999999999600 ) ) ;
#1376 = ORIENTED_EDGE ( 'NONE', *, *, #8093, .T. ) ;
#1377 = VERTEX_POINT ( 'NONE', #8273 ) ;
#1378 = LINE ( 'NONE', #489, #4918 ) ;
#1379 = PRESENTATION_LAYER_ASSIGNMENT (  '', '', ( #1059 ) ) ;
#1380 = LINE ( 'NONE', #4416, #8265 ) ;
#1381 = ORIENTED_EDGE ( 'NONE', *, *, #7489, .T. ) ;
#1382 = PLANE ( 'NONE',  #2569 ) ;
#1383 = LINE ( 'NONE', #5900, #6464 ) ;
#1384 = DIRECTION ( 'NONE',  ( -0.000000000000000000, 0.000000000000000000, 1.000000000000000000 ) ) ;
#1385 = AXIS2_PLACEMENT_3D ( 'NONE', #4735, #5284, #3079 ) ;
#1386 = DIRECTION ( 'NONE',  ( 0.000000000000000000, 1.000000000000000000, 0.000000000000000000 ) ) ;
#1387 = FACE_OUTER_BOUND ( 'NONE', #5314, .T. ) ;
#1388 = DIRECTION ( 'NONE',  ( -1.577021341797095637E-15, 0.000000000000000000, -1.000000000000000000 ) ) ;
#1389 = VECTOR ( 'NONE', #890, 1000.000000000000000 ) ;
#1390 = EDGE_LOOP ( 'NONE', ( #6858, #6431, #9244, #8782 ) ) ;
#1391 = CARTESIAN_POINT ( 'NONE',  ( -0.4749999999999997558, 0.1499999999999999944, -1.925000000000000933 ) ) ;
#1392 = VECTOR ( 'NONE', #7843, 1000.000000000000000 ) ;
#1393 = EDGE_LOOP ( 'NONE', ( #8098, #9494, #6756, #6918 ) ) ;
#1394 = ORIENTED_EDGE ( 'NONE', *, *, #5945, .F. ) ;
#1395 = DIRECTION ( 'NONE',  ( -1.000000000000000000, 0.000000000000000000, 1.577021341797095637E-15 ) ) ;
#1396 = FACE_OUTER_BOUND ( 'NONE', #1803, .T. ) ;
#1397 = EDGE_CURVE ( 'NONE', #8147, #1422, #4559, .T. ) ;
#1398 = DIRECTION ( 'NONE',  ( 0.000000000000000000, 0.000000000000000000, -1.000000000000000000 ) ) ;
#1399 = ORIENTED_EDGE ( 'NONE', *, *, #4700, .F. ) ;
#1400 = LINE ( 'NONE', #4530, #358 ) ;
#1401 = VERTEX_POINT ( 'NONE', #740 ) ;
#1402 = ORIENTED_EDGE ( 'NONE', *, *, #1055, .F. ) ;
#1403 = ORIENTED_EDGE ( 'NONE', *, *, #6221, .F. ) ;
#1404 = VERTEX_POINT ( 'NONE', #106 ) ;
#1405 = EDGE_CURVE ( 'NONE', #2968, #176, #9178, .T. ) ;
#1406 = LINE ( 'NONE', #6573, #7323 ) ;
#1407 = DIRECTION ( 'NONE',  ( -1.000000000000000000, -0.000000000000000000, -0.000000000000000000 ) ) ;
#1408 = DIRECTION ( 'NONE',  ( 0.000000000000000000, -0.000000000000000000, 1.000000000000000000 ) ) ;
#1409 = SURFACE_STYLE_FILL_AREA ( #8200 ) ;
#1410 = CARTESIAN_POINT ( 'NONE',  ( -0.4749999999999993117, 0.08999999999999999667, 1.924999999999999600 ) ) ;
#1411 = ORIENTED_EDGE ( 'NONE', *, *, #5309, .F. ) ;
#1412 = ORIENTED_EDGE ( 'NONE', *, *, #145, .F. ) ;
#1413 = EDGE_CURVE ( 'NONE', #2958, #8986, #3181, .T. ) ;
#1414 = EDGE_CURVE ( 'NONE', #6072, #3771, #8474, .T. ) ;
#1415 = CARTESIAN_POINT ( 'NONE',  ( 0.4750000000000001443, 0.1499999999999999667, -1.650000000000000577 ) ) ;
#1416 = CARTESIAN_POINT ( 'NONE',  ( 1.649999999999999023, 0.6702163011671202764, -0.9749999999999999778 ) ) ;
#1417 = LINE ( 'NONE', #679, #2578 ) ;
#1418 = FACE_BOUND ( 'NONE', #1494, .T. ) ;
#1419 = CARTESIAN_POINT ( 'NONE',  ( -1.100000000000000089, 0.000000000000000000, 1.099999999999999645 ) ) ;
#1421 = DIRECTION ( 'NONE',  ( 1.000000000000000000, 0.000000000000000000, -3.491481338843133355E-15 ) ) ;
#1420 = FILL_AREA_STYLE ('',( #2273 ) ) ;
#1422 = VERTEX_POINT ( 'NONE', #2331 ) ;
#1423 = ORIENTED_EDGE ( 'NONE', *, *, #9003, .T. ) ;
#1424 = CARTESIAN_POINT ( 'NONE',  ( 0.9750000000000001998, 0.000000000000000000, -1.650000000000000799 ) ) ;
#1425 = EDGE_CURVE ( 'NONE', #8700, #5165, #4606, .T. ) ;
#1426 = EDGE_CURVE ( 'NONE', #805, #6372, #8325, .T. ) ;
#1427 = CARTESIAN_POINT ( 'NONE',  ( 1.199999999999999956, 0.000000000000000000, -1.199999999999999734 ) ) ;
#1428 = VERTEX_POINT ( 'NONE', #3832 ) ;
#1429 = FACE_OUTER_BOUND ( 'NONE', #1258, .T. ) ;
#1430 = CARTESIAN_POINT ( 'NONE',  ( 1.925000000000002265, 0.08999999999999999667, 0.4749999999999925948 ) ) ;
#1431 = CARTESIAN_POINT ( 'NONE',  ( -1.924999999999999156, 0.1499999999999999667, 0.4750000000000000333 ) ) ;
#1432 = PLANE ( 'NONE',  #180 ) ;
#1433 = VECTOR ( 'NONE', #1189, 1000.000000000000000 ) ;
#1434 = LINE ( 'NONE', #5804, #5076 ) ;
#1435 = AXIS2_PLACEMENT_3D ( 'NONE', #7275, #6488, #5791 ) ;
#1436 = ORIENTED_EDGE ( 'NONE', *, *, #3934, .T. ) ;
#1437 = PLANE ( 'NONE',  #7804 ) ;
#1438 = VERTEX_POINT ( 'NONE', #3093 ) ;
#1439 = MECHANICAL_DESIGN_GEOMETRIC_PRESENTATION_REPRESENTATION (  '', ( #7153 ), #354 ) ;
#1440 = ORIENTED_EDGE ( 'NONE', *, *, #732, .F. ) ;
#1441 = DIRECTION ( 'NONE',  ( -0.000000000000000000, -1.000000000000000000, -0.000000000000000000 ) ) ;
#1442 = VECTOR ( 'NONE', #2370, 1000.000000000000000 ) ;
#1443 = CARTESIAN_POINT ( 'NONE',  ( 1.924999999999999156, 0.6702163011671204984, 0.8249999999999999556 ) ) ;
#1444 = AXIS2_PLACEMENT_3D ( 'NONE', #2029, #2730, #7188 ) ;
#1445 = FILL_AREA_STYLE ('',( #8230 ) ) ;
#1446 = CYLINDRICAL_SURFACE ( 'NONE', #1492, 0.1499999999999999667 ) ;
#1447 = ORIENTED_EDGE ( 'NONE', *, *, #8176, .F. ) ;
#1448 = LINE ( 'NONE', #5211, #8424 ) ;
#1449 = VECTOR ( 'NONE', #787, 1000.000000000000000 ) ;
#1450 = ORIENTED_EDGE ( 'NONE', *, *, #6588, .F. ) ;
#1451 = DIRECTION ( 'NONE',  ( 0.000000000000000000, 0.000000000000000000, 1.000000000000000000 ) ) ;
#1452 = EDGE_LOOP ( 'NONE', ( #8550, #2594, #4829, #4109 ) ) ;
#1453 = CIRCLE ( 'NONE', #4000, 0.1499999999999999667 ) ;
#1454 = EDGE_LOOP ( 'NONE', ( #7514, #6828, #981, #8401 ) ) ;
#1455 = VECTOR ( 'NONE', #7373, 1000.000000000000000 ) ;
#1456 = ADVANCED_FACE ( 'NONE', ( #3137 ), #5442, .T. ) ;
#1457 =( GEOMETRIC_REPRESENTATION_CONTEXT ( 3 ) GLOBAL_UNCERTAINTY_ASSIGNED_CONTEXT ( ( #4884 ) ) GLOBAL_UNIT_ASSIGNED_CONTEXT ( ( #8168, #7481, #586 ) ) REPRESENTATION_CONTEXT ( 'NONE', 'WORKASPACE' ) );
#1458 = CLOSED_SHELL ( 'NONE', ( #4671, #6334, #6086, #8680, #4285, #9201, #1699 ) ) ;
#1459 = FACE_OUTER_BOUND ( 'NONE', #7836, .T. ) ;
#1460 = CARTESIAN_POINT ( 'NONE',  ( -0.8250000000000006217, 0.08999999999999999667, -1.619058829184431225 ) ) ;
#1461 = FACE_OUTER_BOUND ( 'NONE', #415, .T. ) ;
#1462 = FACE_OUTER_BOUND ( 'NONE', #5583, .T. ) ;
#1463 = AXIS2_PLACEMENT_3D ( 'NONE', #1245, #3539, #8126 ) ;
#1464 = DIRECTION ( 'NONE',  ( -1.000000000000000000, 0.000000000000000000, 3.942553354492742052E-16 ) ) ;
#1465 = ORIENTED_EDGE ( 'NONE', *, *, #3868, .T. ) ;
#1466 = ORIENTED_EDGE ( 'NONE', *, *, #1426, .F. ) ;
#1467 = EDGE_LOOP ( 'NONE', ( #8224, #8976, #2220, #1251 ) ) ;
#1468 = EDGE_CURVE ( 'NONE', #9506, #4176, #3153, .T. ) ;
#1469 = CARTESIAN_POINT ( 'NONE',  ( 0.9750000000000001998, 0.04999999999999999584, 1.500000000000000888 ) ) ;
#1470 = DIRECTION ( 'NONE',  ( 0.000000000000000000, 1.000000000000000000, 0.000000000000000000 ) ) ;
#1471 = DIRECTION ( 'NONE',  ( -0.000000000000000000, -1.000000000000000000, -0.000000000000000000 ) ) ;
#1472 = CARTESIAN_POINT ( 'NONE',  ( -1.125000000000000666, 0.08999999999999999667, -1.999999999999999556 ) ) ;
#1473 = LINE ( 'NONE', #9721, #6677 ) ;
#1474 = EDGE_CURVE ( 'NONE', #7744, #610, #3780, .T. ) ;
#1475 = DIRECTION ( 'NONE',  ( 0.000000000000000000, -1.000000000000000000, 0.000000000000000000 ) ) ;
#1476 = ORIENTED_EDGE ( 'NONE', *, *, #277, .F. ) ;
#1477 = EDGE_LOOP ( 'NONE', ( #4038, #2550, #9187, #9749 ) ) ;
#1478 = VECTOR ( 'NONE', #4569, 1000.000000000000000 ) ;
#1479 = FACE_OUTER_BOUND ( 'NONE', #3999, .T. ) ;
#1480 = VECTOR ( 'NONE', #7761, 1000.000000000000000 ) ;
#1481 = CARTESIAN_POINT ( 'NONE',  ( 1.099999999999999867, 3.544112549695427994, 1.100000000000000311 ) ) ;
#1482 = CARTESIAN_POINT ( 'NONE',  ( -0.8249999999999997335, 0.1499999999999999667, -1.925000000000000933 ) ) ;
#1483 = CARTESIAN_POINT ( 'NONE',  ( 0.4750000000000005884, 0.1499999999999999944, 1.925000000000000933 ) ) ;
#1484 = EDGE_CURVE ( 'NONE', #6665, #7048, #3624, .T. ) ;
#1485 = CARTESIAN_POINT ( 'NONE',  ( 1.619058829184434112, 0.1499999999999999667, 0.8249999999999937383 ) ) ;
#1486 = VECTOR ( 'NONE', #4397, 1000.000000000000000 ) ;
#1487 = LINE ( 'NONE', #5255, #2560 ) ;
#1488 = EDGE_CURVE ( 'NONE', #2720, #5462, #4018, .T. ) ;
#1489 = ORIENTED_EDGE ( 'NONE', *, *, #9188, .T. ) ;
#1490 = DIRECTION ( 'NONE',  ( 0.000000000000000000, 0.000000000000000000, 1.000000000000000000 ) ) ;
#1491 = ORIENTED_EDGE ( 'NONE', *, *, #8829, .T. ) ;
#1492 = AXIS2_PLACEMENT_3D ( 'NONE', #6658, #1499, #2154 ) ;
#1493 = EDGE_CURVE ( 'NONE', #5039, #7987, #8523, .T. ) ;
#1494 = EDGE_LOOP ( 'NONE', ( #75, #6758, #9515, #2785 ) ) ;
#1495 = DIRECTION ( 'NONE',  ( -1.000000000000000000, 0.000000000000000000, 0.000000000000000000 ) ) ;
#1496 = STYLED_ITEM ( 'NONE', ( #1078 ), #2002 ) ;
#1497 = DIRECTION ( 'NONE',  ( 0.000000000000000000, -1.000000000000000000, 0.000000000000000000 ) ) ;
#1498 =( LENGTH_UNIT ( ) NAMED_UNIT ( * ) SI_UNIT ( .MILLI., .METRE. ) );
#1499 = DIRECTION ( 'NONE',  ( -0.000000000000000000, -1.000000000000000000, -0.000000000000000000 ) ) ;
#1500 = EDGE_LOOP ( 'NONE', ( #4696, #37, #4572, #4223 ) ) ;
#1501 = AXIS2_PLACEMENT_3D ( 'NONE', #6178, #1073, #6384 ) ;
#1502 = ORIENTED_EDGE ( 'NONE', *, *, #5737, .T. ) ;
#1503 = FILL_AREA_STYLE ('',( #7547 ) ) ;
#1504 = ORIENTED_EDGE ( 'NONE', *, *, #2160, .T. ) ;
#1505 = PRESENTATION_LAYER_ASSIGNMENT (  '', '', ( #8797 ) ) ;
#1506 = VERTEX_POINT ( 'NONE', #6291 ) ;
#1507 = PLANE ( 'NONE',  #6533 ) ;
#1508 = DIRECTION ( 'NONE',  ( 0.000000000000000000, 1.000000000000000000, 0.000000000000000000 ) ) ;
#1509 = FACE_BOUND ( 'NONE', #6010, .T. ) ;
#1510 = CIRCLE ( 'NONE', #6904, 0.1499999999999999667 ) ;
#1511 = CARTESIAN_POINT ( 'NONE',  ( 0.1750000000000002387, 0.1499999999999999944, -1.925000000000000933 ) ) ;
#1512 = DIRECTION ( 'NONE',  ( 1.000000000000000000, 0.000000000000000000, 0.000000000000000000 ) ) ;
#1513 = ORIENTED_EDGE ( 'NONE', *, *, #8339, .T. ) ;
#1514 = VERTEX_POINT ( 'NONE', #7187 ) ;
#1515 = ORIENTED_EDGE ( 'NONE', *, *, #742, .T. ) ;
#1516 = VECTOR ( 'NONE', #1797, 1000.000000000000000 ) ;
#1517 =( NAMED_UNIT ( * ) PLANE_ANGLE_UNIT ( ) SI_UNIT ( $, .RADIAN. ) );
#1518 = CARTESIAN_POINT ( 'NONE',  ( -0.9749999999999997558, 0.000000000000000000, 1.650000000000000799 ) ) ;
#1519 = CARTESIAN_POINT ( 'NONE',  ( 1.649999999999999023, 0.6702163011671202764, -0.4749999999999999223 ) ) ;
#1520 = LINE ( 'NONE', #4596, #3846 ) ;
#1522 = CARTESIAN_POINT ( 'NONE',  ( 1.649999999999999023, 0.000000000000000000, -0.1750000000000000167 ) ) ;
#1521 = LINE ( 'NONE', #4549, #9306 ) ;
#1523 = ORIENTED_EDGE ( 'NONE', *, *, #8750, .T. ) ;
#1524 = ORIENTED_EDGE ( 'NONE', *, *, #3874, .F. ) ;
#1525 = ADVANCED_FACE ( 'NONE', ( #3235 ), #5488, .F. ) ;
#1526 = FACE_OUTER_BOUND ( 'NONE', #5817, .T. ) ;
#1527 = SURFACE_STYLE_FILL_AREA ( #8322 ) ;
#1528 = CARTESIAN_POINT ( 'NONE',  ( -0.8249999999999992895, 0.6702163011671209425, 1.925000000000000933 ) ) ;
#1529 = DIRECTION ( 'NONE',  ( -0.000000000000000000, -0.000000000000000000, -1.000000000000000000 ) ) ;
#1530 = CARTESIAN_POINT ( 'NONE',  ( 1.099999999999999867, 0.1499999999999999667, 1.100000000000000089 ) ) ;
#1531 = DIRECTION ( 'NONE',  ( 0.000000000000000000, 0.000000000000000000, -1.000000000000000000 ) ) ;
#1532 = STYLED_ITEM ( 'NONE', ( #1199 ), #5378 ) ;
#1533 = CARTESIAN_POINT ( 'NONE',  ( -1.924999999999999156, 0.6702163011671202764, -0.8249999999999998446 ) ) ;
#1534 = ORIENTED_EDGE ( 'NONE', *, *, #919, .F. ) ;
#1535 = CARTESIAN_POINT ( 'NONE',  ( -1.924999999999999156, 0.1499999999999999667, 0.4750000000000000333 ) ) ;
#1536 = ADVANCED_FACE ( 'NONE', ( #4169 ), #397, .F. ) ;
#1537 = ORIENTED_EDGE ( 'NONE', *, *, #288, .F. ) ;
#1538 = ADVANCED_FACE ( 'NONE', ( #4116 ), #4794, .T. ) ;
#1539 = VECTOR ( 'NONE', #430, 1000.000000000000000 ) ;
#1540 = ORIENTED_EDGE ( 'NONE', *, *, #9368, .F. ) ;
#1541 = AXIS2_PLACEMENT_3D ( 'NONE', #7992, #9594, #1950 ) ;
#1542 = CARTESIAN_POINT ( 'NONE',  ( -0.4749999999999997558, 0.6702163011671209425, 1.650000000000000577 ) ) ;
#1543 = CARTESIAN_POINT ( 'NONE',  ( -0.1749999999999998224, 0.1499999999999999944, 1.650000000000000577 ) ) ;
#1544 = CARTESIAN_POINT ( 'NONE',  ( -0.1749999999999993783, 0.05000000000000000278, 1.925000000000000933 ) ) ;
#1545 = CARTESIAN_POINT ( 'NONE',  ( -1.649999999999999023, 0.05000000000000002359, -0.4749999999999999223 ) ) ;
#1546 = AXIS2_PLACEMENT_3D ( 'NONE', #2891, #542, #4368 ) ;
#1547 = ORIENTED_EDGE ( 'NONE', *, *, #9444, .T. ) ;
#1548 = PRESENTATION_STYLE_ASSIGNMENT (( #804 ) ) ;
#1549 = ORIENTED_EDGE ( 'NONE', *, *, #2379, .T. ) ;
#1550 =( GEOMETRIC_REPRESENTATION_CONTEXT ( 3 ) GLOBAL_UNCERTAINTY_ASSIGNED_CONTEXT ( ( #7262 ) ) GLOBAL_UNIT_ASSIGNED_CONTEXT ( ( #468, #8947, #5859 ) ) REPRESENTATION_CONTEXT ( 'NONE', 'WORKASPACE' ) );
#1551 = VECTOR ( 'NONE', #6353, 1000.000000000000000 ) ;
#1552 = EDGE_LOOP ( 'NONE', ( #4577, #1190, #4111, #9457 ) ) ;
#1553 = VERTEX_POINT ( 'NONE', #4745 ) ;
#1554 = ADVANCED_FACE ( 'NONE', ( #7817 ), #3333, .F. ) ;
#1555 = ADVANCED_FACE ( 'NONE', ( #8619 ), #1727, .F. ) ;
#1556 = DIRECTION ( 'NONE',  ( 0.000000000000000000, 1.000000000000000000, 0.000000000000000000 ) ) ;
#1557 =( GEOMETRIC_REPRESENTATION_CONTEXT ( 3 ) GLOBAL_UNCERTAINTY_ASSIGNED_CONTEXT ( ( #3316 ) ) GLOBAL_UNIT_ASSIGNED_CONTEXT ( ( #1044, #993, #1788 ) ) REPRESENTATION_CONTEXT ( 'NONE', 'WORKASPACE' ) );
#1558 =( NAMED_UNIT ( * ) PLANE_ANGLE_UNIT ( ) SI_UNIT ( $, .RADIAN. ) );
#1559 = DIRECTION ( 'NONE',  ( -3.491481338843133355E-15, 0.000000000000000000, -1.000000000000000000 ) ) ;
#1560 = DIRECTION ( 'NONE',  ( 0.000000000000000000, 1.000000000000000000, 0.000000000000000000 ) ) ;
#1561 = DIRECTION ( 'NONE',  ( 0.000000000000000000, 0.000000000000000000, -1.000000000000000000 ) ) ;
#1562 = ORIENTED_EDGE ( 'NONE', *, *, #6949, .F. ) ;
#1563 = VERTEX_POINT ( 'NONE', #1028 ) ;
#1564 = ORIENTED_EDGE ( 'NONE', *, *, #8702, .F. ) ;
#1565 = LINE ( 'NONE', #4646, #6683 ) ;
#1566 = DIRECTION ( 'NONE',  ( 1.000000000000000000, 0.000000000000000000, 0.000000000000000000 ) ) ;
#1567 = FACE_OUTER_BOUND ( 'NONE', #8954, .T. ) ;
#1568 = CYLINDRICAL_SURFACE ( 'NONE', #1129, 0.1499999999999999667 ) ;
#1569 = CARTESIAN_POINT ( 'NONE',  ( -1.619058829184429449, 0.08999999999999999667, 0.1750000000000176414 ) ) ;
#1570 = VERTEX_POINT ( 'NONE', #4704 ) ;
#1571 = CARTESIAN_POINT ( 'NONE',  ( 0.4750000000000001443, 0.6702163011671209425, -1.925000000000000933 ) ) ;
#1572 = ORIENTED_EDGE ( 'NONE', *, *, #9133, .F. ) ;
#1573 = LINE ( 'NONE', #689, #4134 ) ;
#1574 = EDGE_CURVE ( 'NONE', #7637, #5452, #8569, .T. ) ;
#1575 = EDGE_CURVE ( 'NONE', #9787, #1011, #7771, .T. ) ;
#1576 = DIRECTION ( 'NONE',  ( 1.047444401652940007E-14, 0.000000000000000000, 1.000000000000000000 ) ) ;
#1577 = DIRECTION ( 'NONE',  ( 0.000000000000000000, -1.000000000000000000, 0.000000000000000000 ) ) ;
#1578 = DIRECTION ( 'NONE',  ( 0.000000000000000000, 0.000000000000000000, -1.000000000000000000 ) ) ;
#1579 = DIRECTION ( 'NONE',  ( 1.047444401652940007E-14, 0.000000000000000000, 1.000000000000000000 ) ) ;
#1580 = DIRECTION ( 'NONE',  ( -0.000000000000000000, -1.000000000000000000, -0.000000000000000000 ) ) ;
#1581 = ORIENTED_EDGE ( 'NONE', *, *, #5820, .T. ) ;
#1582 = EDGE_CURVE ( 'NONE', #4598, #1284, #3386, .T. ) ;
#1583 = CARTESIAN_POINT ( 'NONE',  ( -0.8249999999999997335, 0.1499999999999999667, -1.925000000000000933 ) ) ;
#1584 = VERTEX_POINT ( 'NONE', #6338 ) ;
#1585 = EDGE_CURVE ( 'NONE', #2917, #5861, #9373, .T. ) ;
#1586 = ORIENTED_EDGE ( 'NONE', *, *, #9612, .T. ) ;
#1587 = FACE_OUTER_BOUND ( 'NONE', #8868, .T. ) ;
#1588 = VECTOR ( 'NONE', #8614, 1000.000000000000000 ) ;
#1589 = DIRECTION ( 'NONE',  ( 0.000000000000000000, -0.000000000000000000, 1.000000000000000000 ) ) ;
#1590 = PRESENTATION_STYLE_ASSIGNMENT (( #852 ) ) ;
#1591 = FACE_OUTER_BOUND ( 'NONE', #5108, .T. ) ;
#1592 = ADVANCED_FACE ( 'NONE', ( #7866 ), #5639, .T. ) ;
#1593 = AXIS2_PLACEMENT_3D ( 'NONE', #2538, #4021, #3285 ) ;
#1594 = ORIENTED_EDGE ( 'NONE', *, *, #7464, .T. ) ;
#1595 = EDGE_CURVE ( 'NONE', #7401, #4883, #6438, .T. ) ;
#1596 = ORIENTED_EDGE ( 'NONE', *, *, #5208, .T. ) ;
#1597 = ADVANCED_FACE ( 'NONE', ( #1131 ), #9474, .F. ) ;
#1598 = AXIS2_PLACEMENT_3D ( 'NONE', #5094, #4271, #8070 ) ;
#1599 = EDGE_LOOP ( 'NONE', ( #631, #7307, #6012, #2000 ) ) ;
#1600 = ORIENTED_EDGE ( 'NONE', *, *, #22, .F. ) ;
#1601 = VECTOR ( 'NONE', #7078, 1000.000000000000000 ) ;
#1602 = AXIS2_PLACEMENT_3D ( 'NONE', #1530, #2994, #8274 ) ;
#1603 = CARTESIAN_POINT ( 'NONE',  ( 1.124999999999999334, 0.08999999999999999667, -1.925000000000001377 ) ) ;
#1604 =( LENGTH_UNIT ( ) NAMED_UNIT ( * ) SI_UNIT ( .MILLI., .METRE. ) );
#1605 = FACE_BOUND ( 'NONE', #1452, .T. ) ;
#1606 = CIRCLE ( 'NONE', #2892, 0.1499999999999999667 ) ;
#1607 = FACE_OUTER_BOUND ( 'NONE', #5967, .T. ) ;
#1608 = CARTESIAN_POINT ( 'NONE',  ( 0.8249999999999992895, 0.1499999999999999667, -1.619058829184431225 ) ) ;
#1609 = VERTEX_POINT ( 'NONE', #440 ) ;
#1610 = VECTOR ( 'NONE', #8730, 1000.000000000000000 ) ;
#1611 = VECTOR ( 'NONE', #2876, 1000.000000000000000 ) ;
#1612 = ORIENTED_EDGE ( 'NONE', *, *, #6803, .F. ) ;
#1613 = ADVANCED_FACE ( 'NONE', ( #8162 ), #6685, .F. ) ;
#1614 = ORIENTED_EDGE ( 'NONE', *, *, #1112, .T. ) ;
#1615 = UNCERTAINTY_MEASURE_WITH_UNIT (LENGTH_MEASURE( 1.000000000000000082E-05 ), #952, 'distance_accuracy_value', 'NONE');
#1616 = AXIS2_PLACEMENT_3D ( 'NONE', #9553, #2706, #2757 ) ;
#1617 = CLOSED_SHELL ( 'NONE', ( #7071, #217, #4690, #6132 ) ) ;
#1618 = DIRECTION ( 'NONE',  ( -1.000000000000000000, 0.000000000000000000, 4.937084235490472864E-15 ) ) ;
#1619 = EDGE_CURVE ( 'NONE', #6638, #4144, #484, .T. ) ;
#1620 = VECTOR ( 'NONE', #6735, 1000.000000000000000 ) ;
#1621 = CARTESIAN_POINT ( 'NONE',  ( 0.8250000000000006217, 0.000000000000000000, 1.925000000000001377 ) ) ;
#1622 = DIRECTION ( 'NONE',  ( -0.000000000000000000, -1.000000000000000000, -0.000000000000000000 ) ) ;
#1623 = CARTESIAN_POINT ( 'NONE',  ( 0.1749999999999993783, 0.08999999999999999667, -1.999999999999999556 ) ) ;
#1624 = CARTESIAN_POINT ( 'NONE',  ( -0.9749999999999997558, 0.1499999999999999944, -0.3500000000000009215 ) ) ;
#1625 = VERTEX_POINT ( 'NONE', #4265 ) ;
#1626 =( NAMED_UNIT ( * ) SI_UNIT ( $, .STERADIAN. ) SOLID_ANGLE_UNIT ( ) );
#1627 = ORIENTED_EDGE ( 'NONE', *, *, #1892, .F. ) ;
#1628 = DIRECTION ( 'NONE',  ( 0.000000000000000000, 1.000000000000000000, -0.000000000000000000 ) ) ;
#1629 = AXIS2_PLACEMENT_3D ( 'NONE', #5418, #3398, #3066 ) ;
#1630 =( NAMED_UNIT ( * ) SI_UNIT ( $, .STERADIAN. ) SOLID_ANGLE_UNIT ( ) );
#1631 = CARTESIAN_POINT ( 'NONE',  ( 1.924999999999999156, 0.6702163011671202764, -0.1749999999999999056 ) ) ;
#1632 = LINE ( 'NONE', #4659, #6134 ) ;
#1633 = DIRECTION ( 'NONE',  ( 1.000000000000000000, 0.000000000000000000, -1.445602896647339706E-15 ) ) ;
#1634 = LINE ( 'NONE', #250, #5866 ) ;
#1635 = VECTOR ( 'NONE', #8132, 1000.000000000000000 ) ;
#1636 = DIRECTION ( 'NONE',  ( 0.000000000000000000, -1.000000000000000000, 0.000000000000000000 ) ) ;
#1637 = ADVANCED_FACE ( 'NONE', ( #5885 ), #2875, .T. ) ;
#1638 = VERTEX_POINT ( 'NONE', #2932 ) ;
#1639 = FACE_OUTER_BOUND ( 'NONE', #9061, .T. ) ;
#1640 = CIRCLE ( 'NONE', #7192, 0.1666666666666667407 ) ;
#1641 = ORIENTED_EDGE ( 'NONE', *, *, #9740, .T. ) ;
#1642 = LINE ( 'NONE', #3148, #3906 ) ;
#1643 = LINE ( 'NONE', #6952, #7558 ) ;
#1644 = DIRECTION ( 'NONE',  ( 1.000000000000000000, -0.000000000000000000, -3.491481338843132961E-15 ) ) ;
#1645 = DIRECTION ( 'NONE',  ( -0.000000000000000000, -0.000000000000000000, 1.000000000000000000 ) ) ;
#1646 = VERTEX_POINT ( 'NONE', #4218 ) ;
#1647 = EDGE_CURVE ( 'NONE', #5190, #3707, #8918, .T. ) ;
#1648 = EDGE_LOOP ( 'NONE', ( #5318, #1137, #4350, #2914 ) ) ;
#1649 = EDGE_CURVE ( 'NONE', #1785, #5610, #3942, .T. ) ;
#1650 = AXIS2_PLACEMENT_3D ( 'NONE', #3274, #9267, #4009 ) ;
#1651 = ORIENTED_EDGE ( 'NONE', *, *, #8269, .T. ) ;
#1652 = ORIENTED_EDGE ( 'NONE', *, *, #9079, .T. ) ;
#1653 = LINE ( 'NONE', #2978, #1203 ) ;
#1654 = DIRECTION ( 'NONE',  ( -1.445602896647339706E-15, 0.000000000000000000, -1.000000000000000000 ) ) ;
#1655 = CARTESIAN_POINT ( 'NONE',  ( -1.124999999999999334, 0.08999999999999999667, 1.999999999999999556 ) ) ;
#1656 = AXIS2_PLACEMENT_3D ( 'NONE', #3601, #8231, #6562 ) ;
#1657 = CARTESIAN_POINT ( 'NONE',  ( 1.125000000000000666, 0.1499999999999999667, 1.924999999999998046 ) ) ;
#1658 = CARTESIAN_POINT ( 'NONE',  ( 3.252606517456514781E-16, 0.05000000000000000278, 1.124999999999999334 ) ) ;
#1659 = LINE ( 'NONE', #4827, #2246 ) ;
#1660 = ORIENTED_EDGE ( 'NONE', *, *, #604, .T. ) ;
#1661 = PRESENTATION_LAYER_ASSIGNMENT (  '', '', ( #4046 ) ) ;
#1662 = ORIENTED_EDGE ( 'NONE', *, *, #2531, .T. ) ;
#1663 = ORIENTED_EDGE ( 'NONE', *, *, #3168, .F. ) ;
#1664 = EDGE_CURVE ( 'NONE', #135, #7449, #5341, .T. ) ;
#1665 = EDGE_CURVE ( 'NONE', #3024, #1514, #2827, .T. ) ;
#1666 = LINE ( 'NONE', #7755, #4777 ) ;
#1667 = LINE ( 'NONE', #6831, #6614 ) ;
#1668 = CYLINDRICAL_SURFACE ( 'NONE', #4259, 0.1000000000000000472 ) ;
#1669 = DIRECTION ( 'NONE',  ( 0.000000000000000000, 0.000000000000000000, -1.000000000000000000 ) ) ;
#1670 = ADVANCED_FACE ( 'NONE', ( #8821 ), #7230, .T. ) ;
#1671 = CARTESIAN_POINT ( 'NONE',  ( -0.4749999999999993117, 0.1499999999999999667, 1.999999999999999556 ) ) ;
#1672 = ORIENTED_EDGE ( 'NONE', *, *, #514, .T. ) ;
#1673 = FILL_AREA_STYLE ('',( #4057 ) ) ;
#1674 = ORIENTED_EDGE ( 'NONE', *, *, #5545, .T. ) ;
#1675 = AXIS2_PLACEMENT_3D ( 'NONE', #6450, #8533, #9489 ) ;
#1676 = CARTESIAN_POINT ( 'NONE',  ( -1.924999999999999156, 0.6702163011671204984, 0.8249999999999999556 ) ) ;
#1677 = PLANE ( 'NONE',  #4076 ) ;
#1679 = SURFACE_SIDE_STYLE ('',( #2620 ) ) ;
#1678 = PLANE ( 'NONE',  #5729 ) ;
#1680 = CARTESIAN_POINT ( 'NONE',  ( -0.8249999999999997335, 0.6702163011671209425, 1.650000000000000577 ) ) ;
#1681 = CARTESIAN_POINT ( 'NONE',  ( -1.619058829184422565, 0.1499999999999999667, 0.8250000000000176081 ) ) ;
#1682 = EDGE_CURVE ( 'NONE', #5373, #7925, #627, .T. ) ;
#1683 = CARTESIAN_POINT ( 'NONE',  ( -1.649999999999999023, 0.1499999999999999667, 0.8249999999999999556 ) ) ;
#1684 = VERTEX_POINT ( 'NONE', #1183 ) ;
#1685 = PLANE ( 'NONE',  #8885 ) ;
#1686 = ORIENTED_EDGE ( 'NONE', *, *, #2441, .F. ) ;
#1687 = LINE ( 'NONE', #4711, #688 ) ;
#1688 = ORIENTED_EDGE ( 'NONE', *, *, #6115, .T. ) ;
#1689 = LINE ( 'NONE', #6951, #5308 ) ;
#1690 = CARTESIAN_POINT ( 'NONE',  ( 1.924999999999999156, 0.6702163011671202764, -0.1749999999999999056 ) ) ;
#1691 = DIRECTION ( 'NONE',  ( 1.000000000000000000, 0.000000000000000000, 0.000000000000000000 ) ) ;
#1692 = LINE ( 'NONE', #4718, #7352 ) ;
#1693 = EDGE_LOOP ( 'NONE', ( #3698, #8913, #6591, #8294 ) ) ;
#1694 = DIRECTION ( 'NONE',  ( 0.000000000000000000, -1.000000000000000000, 0.000000000000000000 ) ) ;
#1695 = VERTEX_POINT ( 'NONE', #5837 ) ;
#1696 = EDGE_LOOP ( 'NONE', ( #6781, #8445, #7152, #3496 ) ) ;
#1697 = VECTOR ( 'NONE', #246, 1000.000000000000000 ) ;
#1698 = ORIENTED_EDGE ( 'NONE', *, *, #9623, .T. ) ;
#1699 = ADVANCED_FACE ( 'NONE', ( #9519 ), #2128, .F. ) ;
#1700 = CARTESIAN_POINT ( 'NONE',  ( 1.199999999999999956, 3.544112549695427994, -1.099999999999999645 ) ) ;
#1701 = DIRECTION ( 'NONE',  ( 0.000000000000000000, 1.000000000000000000, 0.000000000000000000 ) ) ;
#1702 = CARTESIAN_POINT ( 'NONE',  ( -0.3249999999999997891, 0.6702163011671209425, 1.650000000000000799 ) ) ;
#1703 = CARTESIAN_POINT ( 'NONE',  ( -0.1749999999999993783, 0.08999999999999999667, 1.999999999999999556 ) ) ;
#1704 = AXIS2_PLACEMENT_3D ( 'NONE', #8961, #9105, #813 ) ;
#1705 = SURFACE_SIDE_STYLE ('',( #9206 ) ) ;
#1706 = EDGE_LOOP ( 'NONE', ( #3481, #5702, #5979, #7176 ) ) ;
#1707 = VECTOR ( 'NONE', #6608, 1000.000000000000000 ) ;
#1708 = EDGE_LOOP ( 'NONE', ( #8530, #1491, #7407, #4674 ) ) ;
#1709 = AXIS2_PLACEMENT_3D ( 'NONE', #6750, #2378, #4464 ) ;
#1710 = EDGE_LOOP ( 'NONE', ( #7735, #4912, #5361, #9173 ) ) ;
#1711 = EDGE_CURVE ( 'NONE', #2312, #5910, #5742, .T. ) ;
#1712 = MECHANICAL_DESIGN_GEOMETRIC_PRESENTATION_REPRESENTATION (  '', ( #9005 ), #4261 ) ;
#1713 = DIRECTION ( 'NONE',  ( 1.000000000000000000, -0.000000000000000000, 0.000000000000000000 ) ) ;
#1714 = DIRECTION ( 'NONE',  ( 1.577021341797093271E-15, -0.000000000000000000, 1.000000000000000000 ) ) ;
#1715 = CARTESIAN_POINT ( 'NONE',  ( -1.999999999999999112, 0.05000000000000000278, -2.000000000000000444 ) ) ;
#1716 = CARTESIAN_POINT ( 'NONE',  ( 1.925000000000001377, 0.08999999999999999667, 0.4749999999999925948 ) ) ;
#1717 = FACE_OUTER_BOUND ( 'NONE', #6877, .T. ) ;
#1718 = EDGE_LOOP ( 'NONE', ( #9377, #7415, #5994, #7446, #8227 ) ) ;
#1719 = CARTESIAN_POINT ( 'NONE',  ( 1.649999999999999023, 0.1499999999999999667, 0.3250000000000000111 ) ) ;
#1720 = ORIENTED_EDGE ( 'NONE', *, *, #6443, .T. ) ;
#1721 = ADVANCED_FACE ( 'NONE', ( #1373 ), #4407, .F. ) ;
#1722 = CARTESIAN_POINT ( 'NONE',  ( -1.649999999999999023, 0.05000000000000002359, -0.8249999999999999556 ) ) ;
#1723 = EDGE_CURVE ( 'NONE', #537, #3404, #6618, .T. ) ;
#1724 = PLANE ( 'NONE',  #2775 ) ;
#1725 = LINE ( 'NONE', #9277, #6775 ) ;
#1726 = PLANE ( 'NONE',  #195 ) ;
#1727 = PLANE ( 'NONE',  #2677 ) ;
#1728 = CARTESIAN_POINT ( 'NONE',  ( -1.100000000000000089, 0.1499999999999999667, 1.099999999999999645 ) ) ;
#1729 = DIRECTION ( 'NONE',  ( 0.000000000000000000, 1.000000000000000000, 0.000000000000000000 ) ) ;
#1730 = VERTEX_POINT ( 'NONE', #6537 ) ;
#1731 = VERTEX_POINT ( 'NONE', #9572 ) ;
#1732 = EDGE_CURVE ( 'NONE', #360, #611, #2074, .T. ) ;
#1733 = LINE ( 'NONE', #4026, #1433 ) ;
#1734 = ORIENTED_EDGE ( 'NONE', *, *, #9418, .F. ) ;
#1735 = CARTESIAN_POINT ( 'NONE',  ( 1.649999999999999023, 0.000000000000000000, 0.3250000000000000111 ) ) ;
#1736 = EDGE_CURVE ( 'NONE', #7793, #3287, #4358, .T. ) ;
#1737 = ORIENTED_EDGE ( 'NONE', *, *, #2098, .T. ) ;
#1738 = CARTESIAN_POINT ( 'NONE',  ( -1.924999999999999156, 0.05000000000000000278, 1.300000000000000044 ) ) ;
#1739 = DIRECTION ( 'NONE',  ( 1.000000000000000000, 0.000000000000000000, -3.942553354492742545E-16 ) ) ;
#1740 = DIRECTION ( 'NONE',  ( -1.000000000000000000, 0.000000000000000000, -1.807003620809174385E-16 ) ) ;
#1741 = CARTESIAN_POINT ( 'NONE',  ( -0.3249999999999997891, 0.1499999999999999944, 1.650000000000000799 ) ) ;
#1742 = VERTEX_POINT ( 'NONE', #5330 ) ;
#1743 = ORIENTED_EDGE ( 'NONE', *, *, #6272, .F. ) ;
#1744 = ORIENTED_EDGE ( 'NONE', *, *, #8010, .F. ) ;
#1745 = ORIENTED_EDGE ( 'NONE', *, *, #3654, .F. ) ;
#1746 = DIRECTION ( 'NONE',  ( 0.000000000000000000, 1.000000000000000000, 0.000000000000000000 ) ) ;
#1747 = DIRECTION ( 'NONE',  ( 0.000000000000000000, -1.000000000000000000, 0.000000000000000000 ) ) ;
#1748 = DIRECTION ( 'NONE',  ( 0.000000000000000000, -0.000000000000000000, -1.000000000000000000 ) ) ;
#1749 = DIRECTION ( 'NONE',  ( -1.047444401652940007E-14, -0.000000000000000000, -1.000000000000000000 ) ) ;
#1750 = ORIENTED_EDGE ( 'NONE', *, *, #9568, .F. ) ;
#1751 = AXIS2_PLACEMENT_3D ( 'NONE', #7235, #8724, #3339 ) ;
#1752 = AXIS2_PLACEMENT_3D ( 'NONE', #2987, #2374, #6890 ) ;
#1753 = VERTEX_POINT ( 'NONE', #3027 ) ;
#1754 = EDGE_CURVE ( 'NONE', #7714, #1981, #9117, .T. ) ;
#1755 = VECTOR ( 'NONE', #6079, 1000.000000000000000 ) ;
#1756 = EDGE_LOOP ( 'NONE', ( #9434, #8689, #7523, #7500 ) ) ;
#1757 = COLOUR_RGB ( '',0.7921568627450980005, 0.8196078431372548767, 0.9333333333333333481 ) ;
#1758 = PLANE ( 'NONE',  #2579 ) ;
#1759 = FACE_OUTER_BOUND ( 'NONE', #7545, .T. ) ;
#1760 =( NAMED_UNIT ( * ) SI_UNIT ( $, .STERADIAN. ) SOLID_ANGLE_UNIT ( ) );
#1761 = PLANE ( 'NONE',  #5445 ) ;
#1762 = VECTOR ( 'NONE', #9415, 1000.000000000000000 ) ;
#1763 = CARTESIAN_POINT ( 'NONE',  ( 0.9750000000000001998, 0.1499999999999999944, 1.500000000000000888 ) ) ;
#1764 = VECTOR ( 'NONE', #5790, 1000.000000000000000 ) ;
#1765 = EDGE_LOOP ( 'NONE', ( #1108, #5210, #4775, #6422 ) ) ;
#1766 = CARTESIAN_POINT ( 'NONE',  ( 1.124999999999999334, 0.08999999999999999667, -1.999999999999999556 ) ) ;
#1767 = EDGE_LOOP ( 'NONE', ( #3435, #6060, #7600, #1537 ) ) ;
#1768 = DIRECTION ( 'NONE',  ( 1.000000000000000000, 0.000000000000000000, -1.445602896647339706E-15 ) ) ;
#1769 = CLOSED_SHELL ( 'NONE', ( #1125, #4236, #1597, #9778, #8488, #2081 ) ) ;
#1770 = EDGE_CURVE ( 'NONE', #1422, #8672, #7614, .T. ) ;
#1771 = AXIS2_PLACEMENT_3D ( 'NONE', #8772, #5539, #8568 ) ;
#1772 = AXIS2_PLACEMENT_3D ( 'NONE', #3167, #9213, #4734 ) ;
#1773 = EDGE_CURVE ( 'NONE', #3604, #4580, #9070, .T. ) ;
#1774 = CARTESIAN_POINT ( 'NONE',  ( 0.8250000000000001776, 0.1499999999999999944, -1.925000000000000933 ) ) ;
#1775 = LINE ( 'NONE', #5638, #3062 ) ;
#1776 = DIRECTION ( 'NONE',  ( 0.000000000000000000, -0.000000000000000000, 1.000000000000000000 ) ) ;
#1777 = FACE_OUTER_BOUND ( 'NONE', #5963, .T. ) ;
#1778 = LINE ( 'NONE', #351, #8561 ) ;
#1779 = ORIENTED_EDGE ( 'NONE', *, *, #1913, .F. ) ;
#1780 = VERTEX_POINT ( 'NONE', #3080 ) ;
#1781 = VECTOR ( 'NONE', #7264, 1000.000000000000000 ) ;
#1782 = PLANE ( 'NONE',  #4758 ) ;
#1783 = ORIENTED_EDGE ( 'NONE', *, *, #6432, .T. ) ;
#1784 = FACE_BOUND ( 'NONE', #6571, .T. ) ;
#1785 = VERTEX_POINT ( 'NONE', #47 ) ;
#1786 = DIRECTION ( 'NONE',  ( -1.000000000000000000, 0.000000000000000000, 1.445602896647339706E-15 ) ) ;
#1787 = LINE ( 'NONE', #9292, #5825 ) ;
#1788 =( NAMED_UNIT ( * ) SI_UNIT ( $, .STERADIAN. ) SOLID_ANGLE_UNIT ( ) );
#1789 = LINE ( 'NONE', #6307, #529 ) ;
#1790 = ADVANCED_FACE ( 'NONE', ( #5285 ), #3872, .F. ) ;
#1791 = ORIENTED_EDGE ( 'NONE', *, *, #6215, .T. ) ;
#1792 = ORIENTED_EDGE ( 'NONE', *, *, #9652, .F. ) ;
#1793 = ORIENTED_EDGE ( 'NONE', *, *, #9652, .T. ) ;
#1794 = VECTOR ( 'NONE', #4371, 1000.000000000000000 ) ;
#1795 = EDGE_LOOP ( 'NONE', ( #9558, #3158, #435, #8977 ) ) ;
#1796 = EDGE_CURVE ( 'NONE', #3297, #537, #2367, .T. ) ;
#1797 = DIRECTION ( 'NONE',  ( -0.000000000000000000, -0.000000000000000000, 1.000000000000000000 ) ) ;
#1798 = DIRECTION ( 'NONE',  ( 0.000000000000000000, 0.000000000000000000, -1.000000000000000000 ) ) ;
#1799 = PRESENTATION_STYLE_ASSIGNMENT (( #5517 ) ) ;
#1800 = PLANE ( 'NONE',  #1012 ) ;
#1801 = CIRCLE ( 'NONE', #9742, 0.1499999999999999667 ) ;
#1802 = CARTESIAN_POINT ( 'NONE',  ( 0.8250000000000001776, 0.1499999999999999667, -1.925000000000000933 ) ) ;
#1803 = EDGE_LOOP ( 'NONE', ( #7703, #3592, #4485, #600 ) ) ;
#1804 = VERTEX_POINT ( 'NONE', #9771 ) ;
#1805 = VERTEX_POINT ( 'NONE', #1472 ) ;
#1806 = VECTOR ( 'NONE', #3941, 1000.000000000000000 ) ;
#1807 = CARTESIAN_POINT ( 'NONE',  ( 0.3250000000000001776, 0.000000000000000000, 1.650000000000000799 ) ) ;
#1808 = DIRECTION ( 'NONE',  ( 1.000000000000000000, 0.000000000000000000, 0.000000000000000000 ) ) ;
#1809 = DIRECTION ( 'NONE',  ( -0.000000000000000000, 0.000000000000000000, 1.000000000000000000 ) ) ;
#1810 = DIRECTION ( 'NONE',  ( 1.000000000000000000, 0.000000000000000000, -3.491481338843133355E-15 ) ) ;
#1811 =( GEOMETRIC_REPRESENTATION_CONTEXT ( 3 ) GLOBAL_UNCERTAINTY_ASSIGNED_CONTEXT ( ( #4689 ) ) GLOBAL_UNIT_ASSIGNED_CONTEXT ( ( #2533, #4061, #8470 ) ) REPRESENTATION_CONTEXT ( 'NONE', 'WORKASPACE' ) );
#1812 = LINE ( 'NONE', #1763, #9059 ) ;
#1813 = ORIENTED_EDGE ( 'NONE', *, *, #2070, .F. ) ;
#1814 = CARTESIAN_POINT ( 'NONE',  ( 1.649999999999999023, 0.1499999999999999667, 0.9749999999999999778 ) ) ;
#1815 = ORIENTED_EDGE ( 'NONE', *, *, #3757, .F. ) ;
#1816 = VECTOR ( 'NONE', #4278, 1000.000000000000000 ) ;
#1817 = DIRECTION ( 'NONE',  ( 0.000000000000000000, 1.000000000000000000, 0.000000000000000000 ) ) ;
#1818 = SURFACE_STYLE_USAGE ( .BOTH. , #6670 ) ;
#1819 = PLANE ( 'NONE',  #45 ) ;
#1820 = CARTESIAN_POINT ( 'NONE',  ( 0.9750000000000001998, 0.1499999999999999667, -1.650000000000000799 ) ) ;
#1821 = DIRECTION ( 'NONE',  ( 0.000000000000000000, -1.000000000000000000, 0.000000000000000000 ) ) ;
#1822 = ADVANCED_FACE ( 'NONE', ( #7470, #1418, #9018, #4648, #4546 ), #4449, .F. ) ;
#1823 = CARTESIAN_POINT ( 'NONE',  ( -1.924999999999999156, 0.1499999999999999667, 0.4750000000000000333 ) ) ;
#1824 = CARTESIAN_POINT ( 'NONE',  ( -1.999999999999990896, 0.08999999999999999667, 0.8250000000000216049 ) ) ;
#1825 = ORIENTED_EDGE ( 'NONE', *, *, #2756, .T. ) ;
#1826 = ORIENTED_EDGE ( 'NONE', *, *, #7169, .F. ) ;
#1827 = VECTOR ( 'NONE', #312, 1000.000000000000000 ) ;
#1828 = DIRECTION ( 'NONE',  ( 1.000000000000000000, -0.000000000000000000, 3.942553354492742052E-16 ) ) ;
#1829 = VERTEX_POINT ( 'NONE', #779 ) ;
#1830 = VECTOR ( 'NONE', #2406, 1000.000000000000000 ) ;
#1831 = EDGE_CURVE ( 'NONE', #3414, #7886, #6630, .T. ) ;
#1832 = ORIENTED_EDGE ( 'NONE', *, *, #6135, .F. ) ;
#1833 = DIRECTION ( 'NONE',  ( 1.000000000000000000, -0.000000000000000000, -1.445602896647339706E-15 ) ) ;
#1834 = LINE ( 'NONE', #9338, #558 ) ;
#1835 = PLANE ( 'NONE',  #5034 ) ;
#1836 = DIRECTION ( 'NONE',  ( 0.000000000000000000, 0.000000000000000000, 1.000000000000000000 ) ) ;
#1837 = CARTESIAN_POINT ( 'NONE',  ( -0.4750000000000005884, 0.08999999999999999667, -1.999999999999999556 ) ) ;
#1838 = VERTEX_POINT ( 'NONE', #7566 ) ;
#1839 = EDGE_CURVE ( 'NONE', #3932, #357, #3820, .T. ) ;
#1840 = VERTEX_POINT ( 'NONE', #8360 ) ;
#1841 = VERTEX_POINT ( 'NONE', #6926 ) ;
#1842 = ADVANCED_FACE ( 'NONE', ( #1567 ), #6883, .F. ) ;
#1843 = EDGE_LOOP ( 'NONE', ( #659, #5508, #5213, #3112 ) ) ;
#1844 = PLANE ( 'NONE',  #9767 ) ;
#1845 = MANIFOLD_SOLID_BREP ( 'Boss-Extrude4[1]', #1142 ) ;
#1846 = CARTESIAN_POINT ( 'NONE',  ( -1.125000000000002220, 0.05000000000000000278, 1.774149009521733381E-15 ) ) ;
#1847 =( LENGTH_UNIT ( ) NAMED_UNIT ( * ) SI_UNIT ( .MILLI., .METRE. ) );
#1848 = FACE_OUTER_BOUND ( 'NONE', #8573, .T. ) ;
#1849 = LINE ( 'NONE', #2662, #2901 ) ;
#1850 = VERTEX_POINT ( 'NONE', #185 ) ;
#1851 = EDGE_CURVE ( 'NONE', #7838, #6325, #8208, .T. ) ;
#1852 = EDGE_LOOP ( 'NONE', ( #6159, #3255, #3276, #4521 ) ) ;
#1853 = VERTEX_POINT ( 'NONE', #2524 ) ;
#1854 = ADVANCED_FACE ( 'NONE', ( #3170 ), #287, .T. ) ;
#1855 = DIRECTION ( 'NONE',  ( 0.000000000000000000, 1.000000000000000000, 0.000000000000000000 ) ) ;
#1856 = AXIS2_PLACEMENT_3D ( 'NONE', #6820, #4680, #4489 ) ;
#1857 = SURFACE_STYLE_USAGE ( .BOTH. , #1679 ) ;
#1858 = LINE ( 'NONE', #3464, #3462 ) ;
#1859 = AXIS2_PLACEMENT_3D ( 'NONE', #3598, #4429, #5765 ) ;
#1860 = CARTESIAN_POINT ( 'NONE',  ( -1.124999999999999334, 0.6702163011671209425, 1.925000000000001377 ) ) ;
#1861 = CARTESIAN_POINT ( 'NONE',  ( -1.649999999999999023, 0.1499999999999999667, -0.9749999999999999778 ) ) ;
#1862 = CARTESIAN_POINT ( 'NONE',  ( 0.4749999999999993117, 0.08999999999999999667, -1.999999999999999556 ) ) ;
#1863 = ORIENTED_EDGE ( 'NONE', *, *, #1484, .T. ) ;
#1864 = ORIENTED_EDGE ( 'NONE', *, *, #7752, .F. ) ;
#1865 = VECTOR ( 'NONE', #3734, 1000.000000000000000 ) ;
#1866 = MANIFOLD_SOLID_BREP ( 'LPattern3[6]', #1458 ) ;
#1867 = PLANE ( 'NONE',  #957 ) ;
#1868 = CIRCLE ( 'NONE', #2353, 0.1499999999999999667 ) ;
#1869 = STYLED_ITEM ( 'NONE', ( #237 ), #1866 ) ;
#1870 = DIRECTION ( 'NONE',  ( 0.000000000000000000, -1.000000000000000000, 0.000000000000000000 ) ) ;
#1871 = CARTESIAN_POINT ( 'NONE',  ( 1.925000000000005373, 0.08999999999999999667, 1.124999999999992006 ) ) ;
#1872 = DIRECTION ( 'NONE',  ( -3.491481338843133355E-15, 0.000000000000000000, -1.000000000000000000 ) ) ;
#1873 = LINE ( 'NONE', #4898, #8900 ) ;
#1874 = CARTESIAN_POINT ( 'NONE',  ( 0.4750000000000001443, 0.04999999999999999584, 1.650000000000000577 ) ) ;
#1875 = ORIENTED_EDGE ( 'NONE', *, *, #4548, .T. ) ;
#1876 = VERTEX_POINT ( 'NONE', #5628 ) ;
#1877 = DIRECTION ( 'NONE',  ( -1.577021341797093468E-15, 0.000000000000000000, -1.000000000000000000 ) ) ;
#1878 = EDGE_LOOP ( 'NONE', ( #5482, #3992, #8504, #4960 ) ) ;
#1879 = ADVANCED_FACE ( 'NONE', ( #2476 ), #1668, .F. ) ;
#1880 = EDGE_LOOP ( 'NONE', ( #8066, #1875, #6886, #8676 ) ) ;
#1881 = LINE ( 'NONE', #4905, #2736 ) ;
#1882 = LINE ( 'NONE', #1042, #7837 ) ;
#1883 = DIRECTION ( 'NONE',  ( 0.000000000000000000, 0.000000000000000000, -1.000000000000000000 ) ) ;
#1884 = DIRECTION ( 'NONE',  ( -1.000000000000000000, 0.000000000000000000, 1.047444401652940007E-14 ) ) ;
#1885 = DIRECTION ( 'NONE',  ( 0.000000000000000000, 0.000000000000000000, -1.000000000000000000 ) ) ;
#1886 = ORIENTED_EDGE ( 'NONE', *, *, #528, .T. ) ;
#1887 = EDGE_LOOP ( 'NONE', ( #4807, #6817, #2471, #2355 ) ) ;
#1888 = VERTEX_POINT ( 'NONE', #1715 ) ;
#1889 = EDGE_LOOP ( 'NONE', ( #7794, #1581, #8186, #2052, #5621, #9653, #8852, #3495 ) ) ;
#1890 = EDGE_CURVE ( 'NONE', #8643, #3731, #4736, .T. ) ;
#1891 = CARTESIAN_POINT ( 'NONE',  ( -1.999999999999999112, 0.1500000000000008271, -0.8249999999999785283 ) ) ;
#1892 = EDGE_CURVE ( 'NONE', #9318, #2147, #2424, .T. ) ;
#1893 = MANIFOLD_SOLID_BREP ( 'LPattern4[3]', #203 ) ;
#1894 = DIRECTION ( 'NONE',  ( 0.000000000000000000, -1.000000000000000000, 0.000000000000000000 ) ) ;
#1895 = LINE ( 'NONE', #4043, #1392 ) ;
#1896 = DIRECTION ( 'NONE',  ( 0.000000000000000000, 0.000000000000000000, -1.000000000000000000 ) ) ;
#1897 = EDGE_CURVE ( 'NONE', #7753, #9335, #8607, .T. ) ;
#1898 = EDGE_CURVE ( 'NONE', #5359, #561, #7123, .T. ) ;
#1899 = EDGE_LOOP ( 'NONE', ( #8995, #7840, #1596, #2603 ) ) ;
#1900 = ORIENTED_EDGE ( 'NONE', *, *, #7370, .T. ) ;
#1901 = ORIENTED_EDGE ( 'NONE', *, *, #1831, .F. ) ;
#1902 = UNCERTAINTY_MEASURE_WITH_UNIT (LENGTH_MEASURE( 1.000000000000000082E-05 ), #1847, 'distance_accuracy_value', 'NONE');
#1903 = LINE ( 'NONE', #4934, #4941 ) ;
#1904 = LINE ( 'NONE', #7122, #912 ) ;
#1905 = PLANE ( 'NONE',  #7047 ) ;
#1906 = AXIS2_PLACEMENT_3D ( 'NONE', #843, #7582, #793 ) ;
#1907 = CARTESIAN_POINT ( 'NONE',  ( -0.9749999999999997558, 0.1499999999999999944, -1.650000000000000799 ) ) ;
#1908 = VECTOR ( 'NONE', #6745, 1000.000000000000000 ) ;
#1909 = CARTESIAN_POINT ( 'NONE',  ( 1.924999999999995826, 0.08999999999999999667, -0.8250000000000073941 ) ) ;
#1910 = VERTEX_POINT ( 'NONE', #3564 ) ;
#1911 = CARTESIAN_POINT ( 'NONE',  ( -1.999999999999999556, 0.000000000000000000, 2.094888803305879382E-14 ) ) ;
#1912 = EDGE_LOOP ( 'NONE', ( #5017, #444, #480, #8001 ) ) ;
#1913 = EDGE_CURVE ( 'NONE', #7425, #7115, #2014, .T. ) ;
#1914 = AXIS2_PLACEMENT_3D ( 'NONE', #1569, #1475, #734 ) ;
#1915 = PRODUCT_CONTEXT ( 'NONE', #1133, 'mechanical' ) ;
#1916 = ADVANCED_FACE ( 'NONE', ( #1963 ), #6427, .T. ) ;
#1918 = DIRECTION ( 'NONE',  ( 1.000000000000000000, 0.000000000000000000, -3.491481338843133355E-15 ) ) ;
#1917 = VECTOR ( 'NONE', #1265, 1000.000000000000000 ) ;
#1919 = LINE ( 'NONE', #4949, #7632 ) ;
#1920 = AXIS2_PLACEMENT_3D ( 'NONE', #8163, #1374, #5286 ) ;
#1921 = LINE ( 'NONE', #4062, #2257 ) ;
#1922 = DIRECTION ( 'NONE',  ( 1.000000000000000000, 0.000000000000000000, 0.000000000000000000 ) ) ;
#1923 = FACE_OUTER_BOUND ( 'NONE', #7251, .T. ) ;
#1924 = DIRECTION ( 'NONE',  ( -0.000000000000000000, -1.000000000000000000, -0.000000000000000000 ) ) ;
#1925 = ORIENTED_EDGE ( 'NONE', *, *, #5710, .F. ) ;
#1926 = ORIENTED_EDGE ( 'NONE', *, *, #7706, .T. ) ;
#1927 = AXIS2_PLACEMENT_3D ( 'NONE', #6088, #8926, #3730 ) ;
#1928 = CYLINDRICAL_SURFACE ( 'NONE', #1751, 0.1499999999999999667 ) ;
#1929 = VECTOR ( 'NONE', #5008, 1000.000000000000000 ) ;
#1930 = EDGE_LOOP ( 'NONE', ( #1212, #4818, #6303, #54 ) ) ;
#1931 = VECTOR ( 'NONE', #4781, 1000.000000000000000 ) ;
#1932 = VECTOR ( 'NONE', #1160, 1000.000000000000000 ) ;
#1933 = CLOSED_SHELL ( 'NONE', ( #4459, #4338, #4730, #8625, #233, #9692 ) ) ;
#1934 = VERTEX_POINT ( 'NONE', #8055 ) ;
#1935 = CARTESIAN_POINT ( 'NONE',  ( -1.924999999999999156, 0.000000000000000000, -0.8249999999999998446 ) ) ;
#1936 = CARTESIAN_POINT ( 'NONE',  ( -1.649999999999999023, 0.1499999999999999667, 0.3250000000000000111 ) ) ;
#1937 = FACE_OUTER_BOUND ( 'NONE', #7260, .T. ) ;
#1938 = CARTESIAN_POINT ( 'NONE',  ( -1.924999999999999156, 0.6702163011671202764, -1.125000000000000000 ) ) ;
#1939 = AXIS2_PLACEMENT_3D ( 'NONE', #3808, #1091, #6217 ) ;
#1940 = DIRECTION ( 'NONE',  ( 0.000000000000000000, 1.000000000000000000, 0.000000000000000000 ) ) ;
#1941 = VERTEX_POINT ( 'NONE', #6626 ) ;
#1942 = ORIENTED_EDGE ( 'NONE', *, *, #7068, .F. ) ;
#1943 = ORIENTED_EDGE ( 'NONE', *, *, #3319, .F. ) ;
#1944 = ORIENTED_EDGE ( 'NONE', *, *, #615, .T. ) ;
#1945 = VECTOR ( 'NONE', #7485, 1000.000000000000000 ) ;
#1946 = ADVANCED_FACE ( 'NONE', ( #385 ), #9463, .T. ) ;
#1947 = ORIENTED_EDGE ( 'NONE', *, *, #3055, .T. ) ;
#1948 = DIRECTION ( 'NONE',  ( 0.000000000000000000, 0.000000000000000000, -1.000000000000000000 ) ) ;
#1949 = MANIFOLD_SOLID_BREP ( 'LPattern3[3]', #6367 ) ;
#1950 = DIRECTION ( 'NONE',  ( 0.000000000000000000, 0.000000000000000000, -1.000000000000000000 ) ) ;
#1951 = PLANE ( 'NONE',  #4413 ) ;
#1952 = ADVANCED_FACE ( 'NONE', ( #8907 ), #1905, .F. ) ;
#1953 = DIRECTION ( 'NONE',  ( -0.000000000000000000, -1.000000000000000000, 0.000000000000000000 ) ) ;
#1954 =( LENGTH_UNIT ( ) NAMED_UNIT ( * ) SI_UNIT ( .MILLI., .METRE. ) );
#1955 = AXIS2_PLACEMENT_3D ( 'NONE', #3890, #5450, #3840 ) ;
#1956 = EDGE_LOOP ( 'NONE', ( #5598, #8552, #3164, #2439, #4867, #4238 ) ) ;
#1957 = EDGE_LOOP ( 'NONE', ( #5258, #2010, #3655, #4123 ) ) ;
#1958 = ORIENTED_EDGE ( 'NONE', *, *, #2135, .F. ) ;
#1959 = DIRECTION ( 'NONE',  ( -0.000000000000000000, -1.000000000000000000, 0.000000000000000000 ) ) ;
#1960 = FILL_AREA_STYLE ('',( #2713 ) ) ;
#1961 = AXIS2_PLACEMENT_3D ( 'NONE', #2924, #3019, #5930 ) ;
#1962 = LINE ( 'NONE', #2523, #2190 ) ;
#1963 = FACE_OUTER_BOUND ( 'NONE', #464, .T. ) ;
#1964 = PLANE ( 'NONE',  #5282 ) ;
#1965 = CARTESIAN_POINT ( 'NONE',  ( -1.924999999999986500, 0.08999999999999999667, 1.125000000000020650 ) ) ;
#1966 =( LENGTH_UNIT ( ) NAMED_UNIT ( * ) SI_UNIT ( .MILLI., .METRE. ) );
#1967 = ORIENTED_EDGE ( 'NONE', *, *, #7906, .F. ) ;
#1968 = MANIFOLD_SOLID_BREP ( 'Boss-Extrude3[1]', #5568 ) ;
#1969 =( NAMED_UNIT ( * ) SI_UNIT ( $, .STERADIAN. ) SOLID_ANGLE_UNIT ( ) );
#1970 = EDGE_CURVE ( 'NONE', #9776, #9100, #7365, .T. ) ;
#1971 = VECTOR ( 'NONE', #6727, 1000.000000000000000 ) ;
#1972 = ADVANCED_FACE ( 'NONE', ( #2117 ), #1362, .F. ) ;
#1973 = DIRECTION ( 'NONE',  ( 1.000000000000000000, -0.000000000000000000, -3.491481338843132961E-15 ) ) ;
#1974 = CARTESIAN_POINT ( 'NONE',  ( 0.000000000000000000, 0.05000000000000000278, -0.4749999999999999223 ) ) ;
#1975 = DIRECTION ( 'NONE',  ( 0.000000000000000000, 0.000000000000000000, 1.000000000000000000 ) ) ;
#1976 = CARTESIAN_POINT ( 'NONE',  ( 1.649999999999999023, 0.000000000000000000, -0.3250000000000000111 ) ) ;
#1977 = CARTESIAN_POINT ( 'NONE',  ( 0.8250000000000006217, 0.08999999999999999667, 1.924999999999998490 ) ) ;
#1978 = DIRECTION ( 'NONE',  ( -0.000000000000000000, -1.000000000000000000, -0.000000000000000000 ) ) ;
#1979 = VECTOR ( 'NONE', #1645, 1000.000000000000000 ) ;
#1980 = ORIENTED_EDGE ( 'NONE', *, *, #8122, .F. ) ;
#1981 = VERTEX_POINT ( 'NONE', #5929 ) ;
#1982 = EDGE_CURVE ( 'NONE', #6679, #1841, #618, .T. ) ;
#1983 = CARTESIAN_POINT ( 'NONE',  ( -1.125000000000000666, 0.1500000000000008271, -2.000000000000000444 ) ) ;
#1984 =( GEOMETRIC_REPRESENTATION_CONTEXT ( 3 ) GLOBAL_UNCERTAINTY_ASSIGNED_CONTEXT ( ( #5673 ) ) GLOBAL_UNIT_ASSIGNED_CONTEXT ( ( #3136, #333, #9461 ) ) REPRESENTATION_CONTEXT ( 'NONE', 'WORKASPACE' ) );
#1985 = ORIENTED_EDGE ( 'NONE', *, *, #2585, .F. ) ;
#1986 = MANIFOLD_SOLID_BREP ( 'CirPattern3[6]', #3380 ) ;
#1987 = EDGE_CURVE ( 'NONE', #2131, #2851, #1025, .T. ) ;
#1988 = EDGE_LOOP ( 'NONE', ( #3864, #210, #487, #371 ) ) ;
#1990 = VECTOR ( 'NONE', #9190, 1000.000000000000000 ) ;
#1989 = DIRECTION ( 'NONE',  ( -3.491481338843133355E-15, 0.000000000000000000, -1.000000000000000000 ) ) ;
#1991 = DIRECTION ( 'NONE',  ( -1.047444401652940007E-14, -0.000000000000000000, -1.000000000000000000 ) ) ;
#1992 = CARTESIAN_POINT ( 'NONE',  ( 0.8250000000000001776, 0.000000000000000000, -1.650000000000000577 ) ) ;
#1993 = DIRECTION ( 'NONE',  ( -1.000000000000000000, 0.000000000000000000, 0.000000000000000000 ) ) ;
#1994 = DIRECTION ( 'NONE',  ( 0.000000000000000000, 1.000000000000000000, 0.000000000000000000 ) ) ;
#1995 = DIRECTION ( 'NONE',  ( -3.491481338843133355E-15, 0.000000000000000000, -1.000000000000000000 ) ) ;
#1996 = DIRECTION ( 'NONE',  ( 0.000000000000000000, -0.000000000000000000, 1.000000000000000000 ) ) ;
#1997 = EDGE_LOOP ( 'NONE', ( #7359, #7742, #868, #3192 ) ) ;
#1998 = AXIS2_PLACEMENT_3D ( 'NONE', #3995, #2554, #6463 ) ;
#1999 = DIRECTION ( 'NONE',  ( 0.000000000000000000, 0.000000000000000000, 1.000000000000000000 ) ) ;
#2000 = ORIENTED_EDGE ( 'NONE', *, *, #5144, .T. ) ;
#2001 = CARTESIAN_POINT ( 'NONE',  ( 0.4750000000000005884, 0.1499999999999999944, 1.925000000000000933 ) ) ;
#2002 = MANIFOLD_SOLID_BREP ( 'Boss-Extrude3[2]', #2100 ) ;
#2003 = LINE ( 'NONE', #8946, #8353 ) ;
#2004 = CARTESIAN_POINT ( 'NONE',  ( 1.124999999999999334, 0.1499999999999999667, -1.925000000000001155 ) ) ;
#2005 = CARTESIAN_POINT ( 'NONE',  ( 0.4750000000000005884, 0.08999999999999999667, 1.999999999999999556 ) ) ;
#2006 =( NAMED_UNIT ( * ) PLANE_ANGLE_UNIT ( ) SI_UNIT ( $, .RADIAN. ) );
#2007 = ORIENTED_EDGE ( 'NONE', *, *, #9113, .T. ) ;
#2008 = VERTEX_POINT ( 'NONE', #6184 ) ;
#2009 = EDGE_CURVE ( 'NONE', #9318, #6603, #3659, .T. ) ;
#2010 = ORIENTED_EDGE ( 'NONE', *, *, #6622, .F. ) ;
#2011 = DIRECTION ( 'NONE',  ( -0.000000000000000000, -1.000000000000000000, -0.000000000000000000 ) ) ;
#2012 = LINE ( 'NONE', #1655, #3937 ) ;
#2013 = DIRECTION ( 'NONE',  ( -0.000000000000000000, 1.000000000000000000, -0.000000000000000000 ) ) ;
#2014 = LINE ( 'NONE', #9511, #1016 ) ;
#2015 = CARTESIAN_POINT ( 'NONE',  ( -1.924999999999997602, 0.08999999999999999667, 0.1750000000000212774 ) ) ;
#2017 = LINE ( 'NONE', #8057, #1762 ) ;
#2016 = VECTOR ( 'NONE', #3082, 1000.000000000000000 ) ;
#2018 = DIRECTION ( 'NONE',  ( -1.047444401652940007E-14, 0.000000000000000000, -1.000000000000000000 ) ) ;
#2019 = VERTEX_POINT ( 'NONE', #2485 ) ;
#2020 = MANIFOLD_SOLID_BREP ( 'LPattern4[4]', #2903 ) ;
#2021 = ADVANCED_FACE ( 'NONE', ( #6239, #9276 ), #1724, .T. ) ;
#2022 = AXIS2_PLACEMENT_3D ( 'NONE', #1518, #3819, #3419 ) ;
#2023 = EDGE_CURVE ( 'NONE', #6013, #2614, #4791, .T. ) ;
#2024 = VECTOR ( 'NONE', #3796, 1000.000000000000000 ) ;
#2025 = PLANE ( 'NONE',  #5911 ) ;
#2026 = DIRECTION ( 'NONE',  ( 0.000000000000000000, 1.000000000000000000, 0.000000000000000000 ) ) ;
#2027 = DIRECTION ( 'NONE',  ( -1.000000000000000000, 0.000000000000000000, 1.047444401652940007E-14 ) ) ;
#2028 = DIRECTION ( 'NONE',  ( -1.445602896647339706E-15, 0.000000000000000000, -1.000000000000000000 ) ) ;
#2029 = CARTESIAN_POINT ( 'NONE',  ( 0.4749999999999993117, 0.08999999999999999667, -1.619058829184431225 ) ) ;
#2030 = AXIS2_PLACEMENT_3D ( 'NONE', #3622, #4997, #1230 ) ;
#2031 = EDGE_CURVE ( 'NONE', #2086, #6929, #3925, .T. ) ;
#2032 = CARTESIAN_POINT ( 'NONE',  ( 1.924999999999998490, 0.1499999999999999667, -0.1750000000000073996 ) ) ;
#2033 = ORIENTED_EDGE ( 'NONE', *, *, #3335, .T. ) ;
#2034 = ORIENTED_EDGE ( 'NONE', *, *, #4072, .F. ) ;
#2035 = ADVANCED_FACE ( 'NONE', ( #150 ), #2377, .T. ) ;
#2036 = MECHANICAL_DESIGN_GEOMETRIC_PRESENTATION_REPRESENTATION (  '', ( #7877 ), #2352 ) ;
#2037 = ADVANCED_FACE ( 'NONE', ( #7170 ), #5387, .T. ) ;
#2038 = VECTOR ( 'NONE', #6808, 1000.000000000000000 ) ;
#2039 = CARTESIAN_POINT ( 'NONE',  ( 1.924999999999999156, 0.6702163011671202764, 0.4750000000000000333 ) ) ;
#2040 = VECTOR ( 'NONE', #2271, 1000.000000000000000 ) ;
#2041 = MANIFOLD_SOLID_BREP ( 'CirPattern3[7]', #7312 ) ;
#2042 = VECTOR ( 'NONE', #7642, 1000.000000000000000 ) ;
#2043 = ORIENTED_EDGE ( 'NONE', *, *, #6822, .T. ) ;
#2044 = FACE_OUTER_BOUND ( 'NONE', #2615, .T. ) ;
#2045 = CARTESIAN_POINT ( 'NONE',  ( 1.999999999999996669, 0.08999999999999999667, -0.8250000000000076161 ) ) ;
#2046 = CARTESIAN_POINT ( 'NONE',  ( -0.1749999999999998224, 0.000000000000000000, 1.650000000000000577 ) ) ;
#2047 = LINE ( 'NONE', #8076, #6783 ) ;
#2048 = EDGE_CURVE ( 'NONE', #7048, #3438, #1066, .T. ) ;
#2049 = CARTESIAN_POINT ( 'NONE',  ( -1.924999999999999156, 0.1499999999999999667, 0.4750000000000000333 ) ) ;
#2050 = CARTESIAN_POINT ( 'NONE',  ( 0.4749999999999993117, 0.08999999999999999667, -1.925000000000000488 ) ) ;
#2051 = EDGE_CURVE ( 'NONE', #1785, #3559, #6187, .T. ) ;
#2052 = ORIENTED_EDGE ( 'NONE', *, *, #4649, .T. ) ;
#2053 = CARTESIAN_POINT ( 'NONE',  ( 1.924999999999999156, 0.05000000000000002359, 1.125000000000000222 ) ) ;
#2054 = ORIENTED_EDGE ( 'NONE', *, *, #8691, .F. ) ;
#2055 = CARTESIAN_POINT ( 'NONE',  ( -1.999999999999999112, 1.499999999999999556, -2.000000000000000444 ) ) ;
#2056 = DIRECTION ( 'NONE',  ( 0.000000000000000000, 1.000000000000000000, 0.000000000000000000 ) ) ;
#2057 = CARTESIAN_POINT ( 'NONE',  ( -0.1749999999999998224, 0.000000000000000000, -1.650000000000000577 ) ) ;
#2058 = CARTESIAN_POINT ( 'NONE',  ( -0.4749999999999997558, 0.05000000000000000278, 0.000000000000000000 ) ) ;
#2059 = EDGE_LOOP ( 'NONE', ( #7778, #4652, #3603, #2869 ) ) ;
#2060 = ORIENTED_EDGE ( 'NONE', *, *, #1112, .F. ) ;
#2061 = ORIENTED_EDGE ( 'NONE', *, *, #9682, .F. ) ;
#2062 = CARTESIAN_POINT ( 'NONE',  ( -1.649999999999999023, 0.1499999999999999667, -0.3250000000000000111 ) ) ;
#2063 = CARTESIAN_POINT ( 'NONE',  ( 0.8250000000000006217, 0.1499999999999999667, 1.924999999999998268 ) ) ;
#2064 = CARTESIAN_POINT ( 'NONE',  ( 0.9750000000000001998, 0.04999999999999999584, -1.650000000000000799 ) ) ;
#2065 =( LENGTH_UNIT ( ) NAMED_UNIT ( * ) SI_UNIT ( .MILLI., .METRE. ) );
#2066 = FACE_OUTER_BOUND ( 'NONE', #282, .T. ) ;
#2067 = CARTESIAN_POINT ( 'NONE',  ( 0.9750000000000001998, 0.1499999999999999944, 1.650000000000000799 ) ) ;
#2068 = LINE ( 'NONE', #8859, #5276 ) ;
#2069 = ORIENTED_EDGE ( 'NONE', *, *, #613, .T. ) ;
#2070 = EDGE_CURVE ( 'NONE', #9506, #1934, #4935, .T. ) ;
#2071 = DIRECTION ( 'NONE',  ( -0.000000000000000000, 0.000000000000000000, 1.000000000000000000 ) ) ;
#2072 = DIRECTION ( 'NONE',  ( 0.000000000000000000, 0.000000000000000000, -1.000000000000000000 ) ) ;
#2073 = PLANE ( 'NONE',  #5571 ) ;
#2074 = LINE ( 'NONE', #8114, #4566 ) ;
#2075 = LINE ( 'NONE', #1274, #6197 ) ;
#2076 = AXIS2_PLACEMENT_3D ( 'NONE', #4608, #5346, #841 ) ;
#2077 = CARTESIAN_POINT ( 'NONE',  ( -1.999999999999999556, 0.000000000000000000, 2.094888803305879382E-14 ) ) ;
#2078 = VERTEX_POINT ( 'NONE', #2435 ) ;
#2079 = ORIENTED_EDGE ( 'NONE', *, *, #4882, .F. ) ;
#2080 = ADVANCED_FACE ( 'NONE', ( #8473 ), #8004, .F. ) ;
#2081 = ADVANCED_FACE ( 'NONE', ( #4703 ), #7854, .F. ) ;
#2082 = CARTESIAN_POINT ( 'NONE',  ( -1.649999999999999023, 0.6702163011671202764, -0.9749999999999999778 ) ) ;
#2083 = AXIS2_PLACEMENT_3D ( 'NONE', #6552, #644, #9586 ) ;
#2084 = EDGE_CURVE ( 'NONE', #805, #1438, #8656, .T. ) ;
#2085 = VECTOR ( 'NONE', #9465, 1000.000000000000000 ) ;
#2086 = VERTEX_POINT ( 'NONE', #5676 ) ;
#2087 = DIRECTION ( 'NONE',  ( 0.000000000000000000, -1.000000000000000000, 0.000000000000000000 ) ) ;
#2088 = CARTESIAN_POINT ( 'NONE',  ( 0.4750000000000001443, 0.1499999999999999944, -1.925000000000000933 ) ) ;
#2089 = DIRECTION ( 'NONE',  ( -1.000000000000000000, 0.000000000000000000, 1.445602896647339706E-15 ) ) ;
#2090 = LINE ( 'NONE', #7339, #9529 ) ;
#2091 = DIRECTION ( 'NONE',  ( -1.047444401652940007E-14, 0.000000000000000000, -1.000000000000000000 ) ) ;
#2092 = VECTOR ( 'NONE', #9425, 1000.000000000000000 ) ;
#2093 = VECTOR ( 'NONE', #3081, 1000.000000000000000 ) ;
#2094 = CARTESIAN_POINT ( 'NONE',  ( 1.619058829184427228, 0.08999999999999999667, -1.125000000000006217 ) ) ;
#2095 = EDGE_LOOP ( 'NONE', ( #6543, #3750 ) ) ;
#2096 = STYLED_ITEM ( 'NONE', ( #4433 ), #8703 ) ;
#2097 = LINE ( 'NONE', #551, #2278 ) ;
#2098 = EDGE_CURVE ( 'NONE', #8843, #7998, #4204, .T. ) ;
#2099 = EDGE_CURVE ( 'NONE', #3297, #2748, #1023, .T. ) ;
#2100 = CLOSED_SHELL ( 'NONE', ( #41, #3123, #315, #7876, #2444, #3176 ) ) ;
#2101 = ORIENTED_EDGE ( 'NONE', *, *, #5144, .F. ) ;
#2102 = AXIS2_PLACEMENT_3D ( 'NONE', #7469, #3525, #8259 ) ;
#2103 = AXIS2_PLACEMENT_3D ( 'NONE', #1416, #8916, #2072 ) ;
#2104 = CARTESIAN_POINT ( 'NONE',  ( -1.999999999999999112, 1.499999999999999556, 1.999999999999999556 ) ) ;
#2105 = ADVANCED_FACE ( 'NONE', ( #6138 ), #5032, .T. ) ;
#2106 = DIRECTION ( 'NONE',  ( 1.000000000000000000, 0.000000000000000000, -1.577021341797093468E-15 ) ) ;
#2107 = CARTESIAN_POINT ( 'NONE',  ( 1.649999999999999023, 0.000000000000000000, -1.125000000000000000 ) ) ;
#2108 = ORIENTED_EDGE ( 'NONE', *, *, #26, .F. ) ;
#2109 = ORIENTED_EDGE ( 'NONE', *, *, #1346, .F. ) ;
#2110 = EDGE_CURVE ( 'NONE', #96, #2086, #2862, .T. ) ;
#2111 = VECTOR ( 'NONE', #9709, 1000.000000000000000 ) ;
#2112 = EDGE_LOOP ( 'NONE', ( #2069, #750, #7492, #5001 ) ) ;
#2113 = ORIENTED_EDGE ( 'NONE', *, *, #7906, .T. ) ;
#2114 = ORIENTED_EDGE ( 'NONE', *, *, #8320, .F. ) ;
#2115 = DIRECTION ( 'NONE',  ( 0.000000000000000000, -0.000000000000000000, 1.000000000000000000 ) ) ;
#2116 = DIRECTION ( 'NONE',  ( 0.000000000000000000, 0.000000000000000000, 1.000000000000000000 ) ) ;
#2117 = FACE_OUTER_BOUND ( 'NONE', #5520, .T. ) ;
#2118 = AXIS2_PLACEMENT_3D ( 'NONE', #8433, #8379, #8481 ) ;
#2119 = CARTESIAN_POINT ( 'NONE',  ( 1.199999999999999956, 0.05000000000000000278, -1.099999999999999645 ) ) ;
#2120 = CARTESIAN_POINT ( 'NONE',  ( -1.649999999999999023, 0.000000000000000000, 0.4749999999999999223 ) ) ;
#2121 = LINE ( 'NONE', #3072, #4617 ) ;
#2122 = EDGE_LOOP ( 'NONE', ( #5336, #5656, #4641, #4122 ) ) ;
#2123 = MANIFOLD_SOLID_BREP ( 'LPattern3[5]', #1769 ) ;
#2124 = CIRCLE ( 'NONE', #847, 0.1499999999999999667 ) ;
#2125 = CARTESIAN_POINT ( 'NONE',  ( -0.1749999999999998224, 0.1499999999999999944, -1.650000000000000577 ) ) ;
#2126 = DIRECTION ( 'NONE',  ( 0.000000000000000000, -0.000000000000000000, 1.000000000000000000 ) ) ;
#2127 = CARTESIAN_POINT ( 'NONE',  ( 1.999999999999996669, 0.1499999999999999667, -0.8250000000000076161 ) ) ;
#2128 = PLANE ( 'NONE',  #294 ) ;
#2129 = LINE ( 'NONE', #48, #4148 ) ;
#2130 = DIRECTION ( 'NONE',  ( 0.000000000000000000, 0.000000000000000000, 1.000000000000000000 ) ) ;
#2131 = VERTEX_POINT ( 'NONE', #2063 ) ;
#2132 = EDGE_LOOP ( 'NONE', ( #846, #2601, #9086, #4944 ) ) ;
#2133 = VECTOR ( 'NONE', #8963, 1000.000000000000000 ) ;
#2134 = DIRECTION ( 'NONE',  ( 0.000000000000000000, 0.000000000000000000, 1.000000000000000000 ) ) ;
#2135 = EDGE_CURVE ( 'NONE', #5862, #5480, #4296, .T. ) ;
#2136 = MANIFOLD_SOLID_BREP ( 'Boss-Extrude4[3]', #4628 ) ;
#2137 = ADVANCED_FACE ( 'NONE', ( #1316 ), #6623, .T. ) ;
#2138 = EDGE_LOOP ( 'NONE', ( #3498, #6779, #2402, #3487 ) ) ;
#2139 = AXIS2_PLACEMENT_3D ( 'NONE', #9256, #1953, #1896 ) ;
#2140 = LINE ( 'NONE', #6797, #662 ) ;
#2141 = FACE_OUTER_BOUND ( 'NONE', #6805, .T. ) ;
#2142 = CARTESIAN_POINT ( 'NONE',  ( -1.649999999999999023, 0.05000000000000002359, -0.3250000000000000111 ) ) ;
#2143 = LINE ( 'NONE', #8835, #7879 ) ;
#2144 = DIRECTION ( 'NONE',  ( -0.000000000000000000, -1.000000000000000000, -0.000000000000000000 ) ) ;
#2145 = COLOUR_RGB ( '',0.7921568627450980005, 0.8196078431372548767, 0.9333333333333333481 ) ;
#2146 = LINE ( 'NONE', #2094, #6181 ) ;
#2147 = VERTEX_POINT ( 'NONE', #8905 ) ;
#2148 = EDGE_CURVE ( 'NONE', #5910, #9496, #9710, .T. ) ;
#2149 = CARTESIAN_POINT ( 'NONE',  ( 1.924999999999999156, 0.000000000000000000, 0.1750000000000000167 ) ) ;
#2150 = EDGE_LOOP ( 'NONE', ( #8956, #2663, #6519, #2054 ) ) ;
#2151 = DIRECTION ( 'NONE',  ( -1.000000000000000000, 0.000000000000000000, -0.000000000000000000 ) ) ;
#2152 = DIRECTION ( 'NONE',  ( 0.000000000000000000, -1.000000000000000000, 0.000000000000000000 ) ) ;
#2153 = DIRECTION ( 'NONE',  ( -1.000000000000000000, 0.000000000000000000, -3.942553354492742052E-16 ) ) ;
#2154 = DIRECTION ( 'NONE',  ( 0.000000000000000000, 0.000000000000000000, -1.000000000000000000 ) ) ;
#2155 = APPLICATION_CONTEXT ( 'automotive_design' ) ;
#2156 = EDGE_CURVE ( 'NONE', #8967, #2229, #8960, .T. ) ;
#2157 = VERTEX_POINT ( 'NONE', #3712 ) ;
#2158 = SURFACE_STYLE_USAGE ( .BOTH. , #713 ) ;
#2159 = VECTOR ( 'NONE', #6102, 1000.000000000000000 ) ;
#2160 = EDGE_CURVE ( 'NONE', #388, #4967, #5970, .T. ) ;
#2161 = EDGE_LOOP ( 'NONE', ( #4390, #1242, #4778, #7462 ) ) ;
#2162 = ORIENTED_EDGE ( 'NONE', *, *, #2644, .F. ) ;
#2163 = EDGE_LOOP ( 'NONE', ( #3936, #8118, #621, #765 ) ) ;
#2164 = ORIENTED_EDGE ( 'NONE', *, *, #6607, .T. ) ;
#2165 = DIRECTION ( 'NONE',  ( 0.000000000000000000, 1.000000000000000000, 0.000000000000000000 ) ) ;
#2166 = SURFACE_STYLE_FILL_AREA ( #5219 ) ;
#2167 = CARTESIAN_POINT ( 'NONE',  ( -1.099999999999999867, 3.544112549695427994, 1.099999999999999423 ) ) ;
#2168 = DIRECTION ( 'NONE',  ( -0.000000000000000000, -1.000000000000000000, -0.000000000000000000 ) ) ;
#2169 = CARTESIAN_POINT ( 'NONE',  ( 0.9750000000000001998, 0.1499999999999999944, -1.650000000000000799 ) ) ;
#2170 = FACE_OUTER_BOUND ( 'NONE', #6950, .T. ) ;
#2171 = ORIENTED_EDGE ( 'NONE', *, *, #854, .F. ) ;
#2172 = EDGE_CURVE ( 'NONE', #4723, #8049, #2012, .T. ) ;
#2173 = MANIFOLD_SOLID_BREP ( 'CirPattern3[12]', #8752 ) ;
#2174 = VERTEX_POINT ( 'NONE', #172 ) ;
#2175 = DIRECTION ( 'NONE',  ( 1.000000000000000000, 0.000000000000000000, -1.192004691317674036E-14 ) ) ;
#2176 = CARTESIAN_POINT ( 'NONE',  ( 2.000000000000000888, 0.1500000000000008271, -0.4750000000000075273 ) ) ;
#2177 = CARTESIAN_POINT ( 'NONE',  ( 2.000000000000000888, 8.656854249492379694, 1.999999999999999112 ) ) ;
#2178 = LINE ( 'NONE', #731, #6845 ) ;
#2180 = DIRECTION ( 'NONE',  ( 3.491481338843133355E-15, -0.000000000000000000, 1.000000000000000000 ) ) ;
#2179 = CARTESIAN_POINT ( 'NONE',  ( -1.100000000000000089, 0.1499999999999999667, -1.200000000000000178 ) ) ;
#2181 = ORIENTED_EDGE ( 'NONE', *, *, #1711, .F. ) ;
#2182 = ORIENTED_EDGE ( 'NONE', *, *, #4809, .F. ) ;
#2183 = DIRECTION ( 'NONE',  ( 1.047444401652940007E-14, 0.000000000000000000, 1.000000000000000000 ) ) ;
#2184 = AXIS2_PLACEMENT_3D ( 'NONE', #6687, #5755, #733 ) ;
#2185 = LINE ( 'NONE', #5194, #490 ) ;
#2186 = VERTEX_POINT ( 'NONE', #7699 ) ;
#2187 = FACE_OUTER_BOUND ( 'NONE', #7081, .T. ) ;
#2188 = CARTESIAN_POINT ( 'NONE',  ( 0.4750000000000005884, 0.08999999999999999667, 1.619058829184431225 ) ) ;
#2189 = CARTESIAN_POINT ( 'NONE',  ( -1.619058829184442994, 0.1499999999999999667, -1.124999999999982458 ) ) ;
#2190 = VECTOR ( 'NONE', #5527, 1000.000000000000000 ) ;
#2191 = CARTESIAN_POINT ( 'NONE',  ( -0.1749999999999993783, 0.1499999999999999944, 1.925000000000000933 ) ) ;
#2192 = VECTOR ( 'NONE', #5617, 1000.000000000000000 ) ;
#2193 = DIRECTION ( 'NONE',  ( -1.000000000000000000, 0.000000000000000000, 0.000000000000000000 ) ) ;
#2194 = AXIS2_PLACEMENT_3D ( 'NONE', #2088, #3489, #7336 ) ;
#2195 = EDGE_CURVE ( 'NONE', #7998, #135, #2262, .T. ) ;
#2196 = ORIENTED_EDGE ( 'NONE', *, *, #5797, .F. ) ;
#2197 = DIRECTION ( 'NONE',  ( 1.000000000000000000, 0.000000000000000000, -3.942553354492742052E-16 ) ) ;
#2198 = PRESENTATION_LAYER_ASSIGNMENT (  '', '', ( #7877 ) ) ;
#2199 = ORIENTED_EDGE ( 'NONE', *, *, #9568, .T. ) ;
#2200 = ORIENTED_EDGE ( 'NONE', *, *, #8432, .T. ) ;
#2201 = CARTESIAN_POINT ( 'NONE',  ( -1.619058829184436110, 0.08999999999999999667, -0.4749999999999823252 ) ) ;
#2202 = CARTESIAN_POINT ( 'NONE',  ( -0.8249999999999992895, 0.08999999999999999667, 1.925000000000000933 ) ) ;
#2203 = DIRECTION ( 'NONE',  ( 0.000000000000000000, 0.000000000000000000, 1.000000000000000000 ) ) ;
#2204 = LINE ( 'NONE', #5161, #6252 ) ;
#2205 = ORIENTED_EDGE ( 'NONE', *, *, #9051, .T. ) ;
#2206 = SURFACE_SIDE_STYLE ('',( #9096 ) ) ;
#2207 = ORIENTED_EDGE ( 'NONE', *, *, #3478, .F. ) ;
#2208 = EDGE_CURVE ( 'NONE', #3014, #516, #3859, .T. ) ;
#2209 = CARTESIAN_POINT ( 'NONE',  ( 1.099999999999999867, 3.544112549695427994, -1.099999999999999645 ) ) ;
#2210 = VERTEX_POINT ( 'NONE', #3951 ) ;
#2211 = VERTEX_POINT ( 'NONE', #6962 ) ;
#2212 = ADVANCED_FACE ( 'NONE', ( #862 ), #9152, .T. ) ;
#2213 = DIRECTION ( 'NONE',  ( -0.000000000000000000, 0.000000000000000000, 1.000000000000000000 ) ) ;
#2214 = CARTESIAN_POINT ( 'NONE',  ( 1.619058829184430559, 0.08999999999999999667, -0.1750000000000063449 ) ) ;
#2215 = LINE ( 'NONE', #3860, #9321 ) ;
#2216 = FACE_OUTER_BOUND ( 'NONE', #4222, .T. ) ;
#2217 = FILL_AREA_STYLE_COLOUR ( '', #4149 ) ;
#2218 = VERTEX_POINT ( 'NONE', #127 ) ;
#2219 = EDGE_CURVE ( 'NONE', #1506, #4519, #3115, .T. ) ;
#2220 = ORIENTED_EDGE ( 'NONE', *, *, #2834, .F. ) ;
#2221 = EDGE_LOOP ( 'NONE', ( #3393, #9650, #1048, #8851 ) ) ;
#2222 = DIRECTION ( 'NONE',  ( -0.000000000000000000, 1.000000000000000000, -0.000000000000000000 ) ) ;
#2223 = CARTESIAN_POINT ( 'NONE',  ( -1.924999999999999156, 0.1499999999999999667, 1.125000000000000222 ) ) ;
#2224 = CARTESIAN_POINT ( 'NONE',  ( 0.8249999999999992895, 0.08999999999999999667, -1.924999999999999600 ) ) ;
#2225 = DIRECTION ( 'NONE',  ( 0.000000000000000000, -1.000000000000000000, 0.000000000000000000 ) ) ;
#2226 = ADVANCED_FACE ( 'NONE', ( #9812 ), #6165, .T. ) ;
#2228 = LINE ( 'NONE', #9825, #7460 ) ;
#2227 = DIRECTION ( 'NONE',  ( -1.000000000000000000, 0.000000000000000000, 0.000000000000000000 ) ) ;
#2229 = VERTEX_POINT ( 'NONE', #9254 ) ;
#2230 = VERTEX_POINT ( 'NONE', #2463 ) ;
#2231 = DIRECTION ( 'NONE',  ( 0.000000000000000000, 0.000000000000000000, 1.000000000000000000 ) ) ;
#2232 = ADVANCED_FACE ( 'NONE', ( #719 ), #29, .T. ) ;
#2233 = LINE ( 'NONE', #1, #7781 ) ;
#2234 = ORIENTED_EDGE ( 'NONE', *, *, #5796, .F. ) ;
#2235 = CARTESIAN_POINT ( 'NONE',  ( -1.924999999999997380, 0.1499999999999999667, 0.1750000000000208333 ) ) ;
#2236 = DIRECTION ( 'NONE',  ( 1.000000000000000000, 0.000000000000000000, 0.000000000000000000 ) ) ;
#2237 = CARTESIAN_POINT ( 'NONE',  ( 1.619058829184429449, 0.1499999999999999667, -0.4750000000000062506 ) ) ;
#2238 = FACE_BOUND ( 'NONE', #8226, .T. ) ;
#2239 = AXIS2_PLACEMENT_3D ( 'NONE', #1250, #2848, #1996 ) ;
#2240 = AXIS2_PLACEMENT_3D ( 'NONE', #6130, #9126, #6931 ) ;
#2241 = FACE_OUTER_BOUND ( 'NONE', #3044, .T. ) ;
#2242 = VECTOR ( 'NONE', #1729, 1000.000000000000000 ) ;
#2243 = ORIENTED_EDGE ( 'NONE', *, *, #4747, .F. ) ;
#2244 = FACE_OUTER_BOUND ( 'NONE', #7618, .T. ) ;
#2245 = ORIENTED_EDGE ( 'NONE', *, *, #7525, .F. ) ;
#2246 = VECTOR ( 'NONE', #4684, 1000.000000000000000 ) ;
#2247 = ORIENTED_EDGE ( 'NONE', *, *, #1181, .T. ) ;
#2248 = DIRECTION ( 'NONE',  ( -1.000000000000000000, 0.000000000000000000, 0.000000000000000000 ) ) ;
#2249 = LINE ( 'NONE', #753, #2024 ) ;
#2250 = VECTOR ( 'NONE', #5198, 1000.000000000000000 ) ;
#2251 = DIRECTION ( 'NONE',  ( 0.000000000000000000, 0.000000000000000000, 1.000000000000000000 ) ) ;
#2252 = DIRECTION ( 'NONE',  ( 0.000000000000000000, 0.000000000000000000, -1.000000000000000000 ) ) ;
#2253 = VERTEX_POINT ( 'NONE', #6065 ) ;
#2254 = VECTOR ( 'NONE', #6796, 1000.000000000000000 ) ;
#2255 = EDGE_LOOP ( 'NONE', ( #4197, #2831, #7098, #308 ) ) ;
#2256 = ORIENTED_EDGE ( 'NONE', *, *, #4319, .F. ) ;
#2257 = VECTOR ( 'NONE', #4896, 1000.000000000000000 ) ;
#2258 = ORIENTED_EDGE ( 'NONE', *, *, #9119, .T. ) ;
#2259 = AXIS2_PLACEMENT_3D ( 'NONE', #8407, #8457, #6970 ) ;
#2260 = ADVANCED_FACE ( 'NONE', ( #9203 ), #82, .T. ) ;
#2261 = LINE ( 'NONE', #8904, #2111 ) ;
#2262 = LINE ( 'NONE', #769, #286 ) ;
#2263 = FACE_BOUND ( 'NONE', #764, .T. ) ;
#2264 = PLANE ( 'NONE',  #3411 ) ;
#2265 = CIRCLE ( 'NONE', #372, 0.1666666666666667407 ) ;
#2266 = VERTEX_POINT ( 'NONE', #3017 ) ;
#2267 = VERTEX_POINT ( 'NONE', #6016 ) ;
#2268 = ORIENTED_EDGE ( 'NONE', *, *, #6309, .T. ) ;
#2269 = CARTESIAN_POINT ( 'NONE',  ( -1.124999999999999778, 0.04999999999999999584, 1.650000000000000577 ) ) ;
#2270 = PLANE ( 'NONE',  #8187 ) ;
#2271 = DIRECTION ( 'NONE',  ( 0.000000000000000000, 0.000000000000000000, 1.000000000000000000 ) ) ;
#2272 = PLANE ( 'NONE',  #1920 ) ;
#2274 = CARTESIAN_POINT ( 'NONE',  ( 1.924999999999999156, 0.05000000000000000278, -0.4749999999999999223 ) ) ;
#2273 = FILL_AREA_STYLE_COLOUR ( '', #123 ) ;
#2275 = EDGE_LOOP ( 'NONE', ( #7305, #5522, #8542, #8156 ) ) ;
#2276 = EDGE_LOOP ( 'NONE', ( #3300, #4187, #2315, #1098 ) ) ;
#2277 = ADVANCED_FACE ( 'NONE', ( #9052 ), #6112, .F. ) ;
#2278 = VECTOR ( 'NONE', #9, 1000.000000000000000 ) ;
#2279 = CARTESIAN_POINT ( 'NONE',  ( 2.000000000000001332, 0.1499999999999999667, 0.4749999999999923173 ) ) ;
#2280 = VECTOR ( 'NONE', #8687, 1000.000000000000000 ) ;
#2281 = LINE ( 'NONE', #9026, #6522 ) ;
#2282 = DIRECTION ( 'NONE',  ( 0.000000000000000000, 1.000000000000000000, 0.000000000000000000 ) ) ;
#2283 = FACE_OUTER_BOUND ( 'NONE', #2759, .T. ) ;
#2284 = LINE ( 'NONE', #9784, #7157 ) ;
#2285 = DIRECTION ( 'NONE',  ( -1.000000000000000000, 0.000000000000000000, 1.084202172485504434E-16 ) ) ;
#2286 = AXIS2_PLACEMENT_3D ( 'NONE', #2974, #4442, #7458 ) ;
#2287 = ADVANCED_FACE ( 'NONE', ( #2556 ), #8647, .T. ) ;
#2288 = CARTESIAN_POINT ( 'NONE',  ( -1.999999999999988010, 0.1499999999999999667, 1.125000000000021538 ) ) ;
#2289 = ORIENTED_EDGE ( 'NONE', *, *, #5902, .T. ) ;
#2290 = DIRECTION ( 'NONE',  ( 0.000000000000000000, -0.000000000000000000, -1.000000000000000000 ) ) ;
#2291 = ADVANCED_FACE ( 'NONE', ( #2702 ), #4726, .F. ) ;
#2292 = ORIENTED_EDGE ( 'NONE', *, *, #5006, .F. ) ;
#2293 = VECTOR ( 'NONE', #4431, 1000.000000000000000 ) ;
#2294 = EDGE_LOOP ( 'NONE', ( #5239, #8378, #6617, #6806 ) ) ;
#2295 = LINE ( 'NONE', #6807, #8968 ) ;
#2296 = DIRECTION ( 'NONE',  ( 0.000000000000000000, 1.000000000000000000, -0.000000000000000000 ) ) ;
#2297 = FILL_AREA_STYLE_COLOUR ( '', #3472 ) ;
#2298 = DIRECTION ( 'NONE',  ( 0.000000000000000000, 0.000000000000000000, -1.000000000000000000 ) ) ;
#2299 = EDGE_LOOP ( 'NONE', ( #3910, #2354, #3765, #2205 ) ) ;
#2300 = VECTOR ( 'NONE', #2144, 1000.000000000000000 ) ;
#2301 = SURFACE_STYLE_USAGE ( .BOTH. , #2206 ) ;
#2302 = VERTEX_POINT ( 'NONE', #3356 ) ;
#2303 = ORIENTED_EDGE ( 'NONE', *, *, #1773, .F. ) ;
#2304 =( GEOMETRIC_REPRESENTATION_CONTEXT ( 3 ) GLOBAL_UNCERTAINTY_ASSIGNED_CONTEXT ( ( #7357 ) ) GLOBAL_UNIT_ASSIGNED_CONTEXT ( ( #520, #6524, #475 ) ) REPRESENTATION_CONTEXT ( 'NONE', 'WORKASPACE' ) );
#2305 = ORIENTED_EDGE ( 'NONE', *, *, #6986, .T. ) ;
#2306 = PLANE ( 'NONE',  #7949 ) ;
#2307 = FACE_BOUND ( 'NONE', #2294, .T. ) ;
#2308 = VECTOR ( 'NONE', #991, 1000.000000000000000 ) ;
#2309 = CARTESIAN_POINT ( 'NONE',  ( -0.9749999999999997558, 0.1499999999999999944, 1.650000000000000799 ) ) ;
#2310 = ADVANCED_FACE ( 'NONE', ( #7111 ), #7842, .T. ) ;
#2311 = FACE_OUTER_BOUND ( 'NONE', #4707, .T. ) ;
#2312 = VERTEX_POINT ( 'NONE', #4921 ) ;
#2313 = ORIENTED_EDGE ( 'NONE', *, *, #3210, .T. ) ;
#2314 = ADVANCED_FACE ( 'NONE', ( #1157 ), #951, .F. ) ;
#2315 = ORIENTED_EDGE ( 'NONE', *, *, #2398, .F. ) ;
#2316 = VECTOR ( 'NONE', #1101, 1000.000000000000000 ) ;
#2317 = DIRECTION ( 'NONE',  ( -1.000000000000000000, 0.000000000000000000, 1.047444401652940007E-14 ) ) ;
#2318 = DIRECTION ( 'NONE',  ( 1.000000000000000000, -0.000000000000000000, 3.942553354492742052E-16 ) ) ;
#2319 = DIRECTION ( 'NONE',  ( -0.000000000000000000, -1.000000000000000000, -0.000000000000000000 ) ) ;
#2320 = DIRECTION ( 'NONE',  ( 0.000000000000000000, 0.000000000000000000, -1.000000000000000000 ) ) ;
#2321 = FACE_OUTER_BOUND ( 'NONE', #8452, .T. ) ;
#2322 = ORIENTED_EDGE ( 'NONE', *, *, #80, .F. ) ;
#2323 = DIRECTION ( 'NONE',  ( -1.000000000000000000, 0.000000000000000000, 1.047444401652940007E-14 ) ) ;
#2324 = ORIENTED_EDGE ( 'NONE', *, *, #3122, .F. ) ;
#2325 = EDGE_CURVE ( 'NONE', #9299, #540, #7018, .T. ) ;
#2326 = DIRECTION ( 'NONE',  ( -0.000000000000000000, -0.000000000000000000, 1.000000000000000000 ) ) ;
#2327 = EDGE_CURVE ( 'NONE', #6394, #8277, #8597, .T. ) ;
#2328 = EDGE_CURVE ( 'NONE', #7693, #2174, #6466, .T. ) ;
#2329 = FILL_AREA_STYLE_COLOUR ( '', #4471 ) ;
#2330 = PLANE ( 'NONE',  #7318 ) ;
#2331 = CARTESIAN_POINT ( 'NONE',  ( -1.124999999999999334, 0.1499999999999999667, 1.999999999999999556 ) ) ;
#2332 = CARTESIAN_POINT ( 'NONE',  ( -1.619058829184436110, 0.08999999999999999667, -0.4749999999999823252 ) ) ;
#2333 = EDGE_CURVE ( 'NONE', #3530, #3794, #4091, .T. ) ;
#2334 = CARTESIAN_POINT ( 'NONE',  ( 1.125000000000000666, 0.05000000000000000278, 1.925000000000001155 ) ) ;
#2335 = EDGE_CURVE ( 'NONE', #1553, #5693, #1004, .T. ) ;
#2336 = DIRECTION ( 'NONE',  ( -0.000000000000000000, 0.000000000000000000, 1.000000000000000000 ) ) ;
#2337 = EDGE_LOOP ( 'NONE', ( #2904, #2918, #2171, #7705 ) ) ;
#2338 = CARTESIAN_POINT ( 'NONE',  ( -1.124999999999999778, 0.04999999999999999584, -1.650000000000000577 ) ) ;
#2339 = ORIENTED_EDGE ( 'NONE', *, *, #5406, .F. ) ;
#2340 = VECTOR ( 'NONE', #2921, 1000.000000000000000 ) ;
#2341 = ORIENTED_EDGE ( 'NONE', *, *, #9011, .T. ) ;
#2342 = AXIS2_PLACEMENT_3D ( 'NONE', #511, #2106, #8136 ) ;
#2343 = DIRECTION ( 'NONE',  ( -0.000000000000000000, -1.000000000000000000, -0.000000000000000000 ) ) ;
#2344 = CARTESIAN_POINT ( 'NONE',  ( 1.925000000000002709, 0.08999999999999999667, 0.8249999999999926281 ) ) ;
#2345 =( NAMED_UNIT ( * ) PLANE_ANGLE_UNIT ( ) SI_UNIT ( $, .RADIAN. ) );
#2346 = CARTESIAN_POINT ( 'NONE',  ( 0.8250000000000006217, 0.08999999999999999667, 1.999999999999999556 ) ) ;
#2347 = AXIS2_PLACEMENT_3D ( 'NONE', #1976, #3669, #7327 ) ;
#2348 = EDGE_CURVE ( 'NONE', #6903, #1584, #4087, .T. ) ;
#2349 = ORIENTED_EDGE ( 'NONE', *, *, #6999, .T. ) ;
#2350 = LINE ( 'NONE', #5360, #3378 ) ;
#2351 = ORIENTED_EDGE ( 'NONE', *, *, #3793, .T. ) ;
#2352 =( GEOMETRIC_REPRESENTATION_CONTEXT ( 3 ) GLOBAL_UNCERTAINTY_ASSIGNED_CONTEXT ( ( #1902 ) ) GLOBAL_UNIT_ASSIGNED_CONTEXT ( ( #1847, #6269, #7161 ) ) REPRESENTATION_CONTEXT ( 'NONE', 'WORKASPACE' ) );
#2353 = AXIS2_PLACEMENT_3D ( 'NONE', #9390, #5504, #4182 ) ;
#2354 = ORIENTED_EDGE ( 'NONE', *, *, #5170, .T. ) ;
#2355 = ORIENTED_EDGE ( 'NONE', *, *, #7608, .T. ) ;
#2356 = VECTOR ( 'NONE', #4152, 1000.000000000000000 ) ;
#2357 = CARTESIAN_POINT ( 'NONE',  ( 1.924999999999999156, 0.000000000000000000, -0.4749999999999999223 ) ) ;
#2358 = DIRECTION ( 'NONE',  ( -0.000000000000000000, 0.000000000000000000, 1.000000000000000000 ) ) ;
#2359 = CARTESIAN_POINT ( 'NONE',  ( 1.649999999999999023, 0.05000000000000002359, -1.125000000000000000 ) ) ;
#2360 = DIRECTION ( 'NONE',  ( -0.000000000000000000, -1.000000000000000000, 0.000000000000000000 ) ) ;
#2361 =( NAMED_UNIT ( * ) SI_UNIT ( $, .STERADIAN. ) SOLID_ANGLE_UNIT ( ) );
#2362 = VERTEX_POINT ( 'NONE', #3454 ) ;
#2363 = VERTEX_POINT ( 'NONE', #2608 ) ;
#2364 = ORIENTED_EDGE ( 'NONE', *, *, #7730, .F. ) ;
#2365 = PLANE ( 'NONE',  #2259 ) ;
#2366 = DIRECTION ( 'NONE',  ( 0.000000000000000000, 0.000000000000000000, -1.000000000000000000 ) ) ;
#2367 = LINE ( 'NONE', #1519, #6789 ) ;
#2368 = CARTESIAN_POINT ( 'NONE',  ( -0.3249999999999997891, 0.1499999999999999667, -1.650000000000000799 ) ) ;
#2369 = EDGE_CURVE ( 'NONE', #2986, #7998, #6268, .T. ) ;
#2370 = DIRECTION ( 'NONE',  ( 0.000000000000000000, 0.000000000000000000, 1.000000000000000000 ) ) ;
#2371 = ORIENTED_EDGE ( 'NONE', *, *, #7663, .F. ) ;
#2372 = CARTESIAN_POINT ( 'NONE',  ( -1.619058829184429449, 0.08999999999999999667, 0.1750000000000176414 ) ) ;
#2373 = ORIENTED_EDGE ( 'NONE', *, *, #2156, .T. ) ;
#2374 = DIRECTION ( 'NONE',  ( 0.000000000000000000, 0.000000000000000000, 1.000000000000000000 ) ) ;
#2375 = PLANE ( 'NONE',  #3774 ) ;
#2377 = PLANE ( 'NONE',  #7512 ) ;
#2376 = DIRECTION ( 'NONE',  ( -1.000000000000000000, 0.000000000000000000, -3.942553354492742052E-16 ) ) ;
#2378 = DIRECTION ( 'NONE',  ( 0.000000000000000000, -1.000000000000000000, 0.000000000000000000 ) ) ;
#2379 = EDGE_CURVE ( 'NONE', #317, #4037, #3465, .T. ) ;
#2380 = DIRECTION ( 'NONE',  ( 0.000000000000000000, 0.000000000000000000, -1.000000000000000000 ) ) ;
#2381 = EDGE_CURVE ( 'NONE', #8387, #6346, #2510, .T. ) ;
#2382 = DIRECTION ( 'NONE',  ( -0.000000000000000000, -1.000000000000000000, -0.000000000000000000 ) ) ;
#2383 = DIRECTION ( 'NONE',  ( 1.577021341797095637E-15, -0.000000000000000000, 1.000000000000000000 ) ) ;
#2384 = ADVANCED_FACE ( 'NONE', ( #7064 ), #273, .F. ) ;
#2385 = ORIENTED_EDGE ( 'NONE', *, *, #2955, .T. ) ;
#2386 = CARTESIAN_POINT ( 'NONE',  ( -1.924999999999986500, 0.1499999999999999667, 1.125000000000020650 ) ) ;
#2387 = EDGE_LOOP ( 'NONE', ( #2007, #8781, #1698, #4039, #2043, #5623 ) ) ;
#2388 = ORIENTED_EDGE ( 'NONE', *, *, #6755, .F. ) ;
#2389 = CARTESIAN_POINT ( 'NONE',  ( -1.649999999999999023, 0.1499999999999999667, -0.1750000000000000167 ) ) ;
#2390 = AXIS2_PLACEMENT_3D ( 'NONE', #1123, #3377, #5585 ) ;
#2391 = CARTESIAN_POINT ( 'NONE',  ( 1.924999999999997824, 0.08999999999999999667, -0.4750000000000073053 ) ) ;
#2392 = CARTESIAN_POINT ( 'NONE',  ( -1.924999999999999156, 0.6702163011671202764, -0.1749999999999999056 ) ) ;
#2393 = DIRECTION ( 'NONE',  ( 0.000000000000000000, 0.000000000000000000, -1.000000000000000000 ) ) ;
#2394 = CIRCLE ( 'NONE', #8080, 0.1499999999999999667 ) ;
#2395 = VERTEX_POINT ( 'NONE', #7894 ) ;
#2396 = CARTESIAN_POINT ( 'NONE',  ( -1.924999999999999156, 0.6702163011671202764, -0.4749999999999999223 ) ) ;
#2397 = ADVANCED_FACE ( 'NONE', ( #1102 ), #4137, .F. ) ;
#2398 = EDGE_CURVE ( 'NONE', #453, #9671, #5665, .T. ) ;
#2399 = ORIENTED_EDGE ( 'NONE', *, *, #3232, .T. ) ;
#2400 = VECTOR ( 'NONE', #2183, 1000.000000000000000 ) ;
#2401 = ORIENTED_EDGE ( 'NONE', *, *, #3867, .F. ) ;
#2402 = ORIENTED_EDGE ( 'NONE', *, *, #7280, .F. ) ;
#2403 = EDGE_CURVE ( 'NONE', #8727, #4767, #4333, .T. ) ;
#2404 = VECTOR ( 'NONE', #3275, 1000.000000000000000 ) ;
#2405 = VECTOR ( 'NONE', #6487, 1000.000000000000000 ) ;
#2406 = DIRECTION ( 'NONE',  ( 0.000000000000000000, -1.000000000000000000, 0.000000000000000000 ) ) ;
#2407 = DIRECTION ( 'NONE',  ( -0.000000000000000000, -1.000000000000000000, -0.000000000000000000 ) ) ;
#2408 = PRESENTATION_STYLE_ASSIGNMENT (( #7653 ) ) ;
#2409 = CARTESIAN_POINT ( 'NONE',  ( 1.925000000000005373, 0.08999999999999999667, 1.124999999999992450 ) ) ;
#2410 = PRESENTATION_LAYER_ASSIGNMENT (  '', '', ( #658 ) ) ;
#2411 = CARTESIAN_POINT ( 'NONE',  ( 0.3250000000000001776, 0.1499999999999999667, -1.650000000000000799 ) ) ;
#2412 = LINE ( 'NONE', #954, #497 ) ;
#2413 = ORIENTED_EDGE ( 'NONE', *, *, #648, .T. ) ;
#2414 = VECTOR ( 'NONE', #6736, 1000.000000000000000 ) ;
#2415 = COLOUR_RGB ( '',0.7921568627450980005, 0.8196078431372548767, 0.9333333333333333481 ) ;
#2416 = VERTEX_POINT ( 'NONE', #7256 ) ;
#2417 = ORIENTED_EDGE ( 'NONE', *, *, #5041, .F. ) ;
#2418 = UNCERTAINTY_MEASURE_WITH_UNIT (LENGTH_MEASURE( 1.000000000000000082E-05 ), #9821, 'distance_accuracy_value', 'NONE');
#2419 =( GEOMETRIC_REPRESENTATION_CONTEXT ( 3 ) GLOBAL_UNCERTAINTY_ASSIGNED_CONTEXT ( ( #8455 ) ) GLOBAL_UNIT_ASSIGNED_CONTEXT ( ( #9802, #3801, #9042 ) ) REPRESENTATION_CONTEXT ( 'NONE', 'WORKASPACE' ) );
#2420 = CLOSED_SHELL ( 'NONE', ( #1538, #6988, #9662, #5304, #4145, #4213, #3596, #9819, #4086, #5352 ) ) ;
#2421 = FACE_OUTER_BOUND ( 'NONE', #7069, .T. ) ;
#2422 = AXIS2_PLACEMENT_3D ( 'NONE', #7409, #2165, #9050 ) ;
#2423 = FACE_OUTER_BOUND ( 'NONE', #169, .T. ) ;
#2424 = LINE ( 'NONE', #1860, #9324 ) ;
#2425 = FACE_OUTER_BOUND ( 'NONE', #5382, .T. ) ;
#2426 = DIRECTION ( 'NONE',  ( 0.000000000000000000, -1.000000000000000000, 0.000000000000000000 ) ) ;
#2427 = VERTEX_POINT ( 'NONE', #4379 ) ;
#2428 = CARTESIAN_POINT ( 'NONE',  ( 0.9750000000000001998, 0.000000000000000000, 1.650000000000000799 ) ) ;
#2429 = VERTEX_POINT ( 'NONE', #7442 ) ;
#2430 = DIRECTION ( 'NONE',  ( 0.000000000000000000, 1.000000000000000000, 0.000000000000000000 ) ) ;
#2431 = VECTOR ( 'NONE', #7580, 1000.000000000000000 ) ;
#2432 =( NAMED_UNIT ( * ) PLANE_ANGLE_UNIT ( ) SI_UNIT ( $, .RADIAN. ) );
#2433 = CARTESIAN_POINT ( 'NONE',  ( -1.649999999999999023, 0.6702163011671202764, -1.125000000000000000 ) ) ;
#2435 = CARTESIAN_POINT ( 'NONE',  ( 1.999999999999995781, 0.08999999999999999667, -1.125000000000007550 ) ) ;
#2434 = DIRECTION ( 'NONE',  ( 3.942553354492742052E-16, 0.000000000000000000, -1.000000000000000000 ) ) ;
#2436 = CARTESIAN_POINT ( 'NONE',  ( -1.125000000000000666, 0.08999999999999999667, -1.924999999999999600 ) ) ;
#2437 = DIRECTION ( 'NONE',  ( 1.000000000000000000, 0.000000000000000000, -1.577021341797093074E-15 ) ) ;
#2438 = FACE_OUTER_BOUND ( 'NONE', #4283, .T. ) ;
#2439 = ORIENTED_EDGE ( 'NONE', *, *, #3367, .T. ) ;
#2440 = AXIS2_PLACEMENT_3D ( 'NONE', #112, #9185, #3099 ) ;
#2441 = EDGE_CURVE ( 'NONE', #1284, #8651, #6656, .T. ) ;
#2442 = DIRECTION ( 'NONE',  ( -1.000000000000000000, 0.000000000000000000, 3.942553354492742052E-16 ) ) ;
#2443 = ORIENTED_EDGE ( 'NONE', *, *, #5976, .F. ) ;
#2444 = ADVANCED_FACE ( 'NONE', ( #5915 ), #2908, .T. ) ;
#2445 = CARTESIAN_POINT ( 'NONE',  ( -0.9749999999999997558, 0.1499999999999999667, 1.650000000000000799 ) ) ;
#2446 = ORIENTED_EDGE ( 'NONE', *, *, #4330, .T. ) ;
#2447 = DIRECTION ( 'NONE',  ( 0.000000000000000000, -1.000000000000000000, 0.000000000000000000 ) ) ;
#2448 = CARTESIAN_POINT ( 'NONE',  ( 1.649999999999999023, 0.1499999999999999667, -0.1750000000000000167 ) ) ;
#2449 = CARTESIAN_POINT ( 'NONE',  ( 1.199999999999999956, 3.544112549695427994, -1.199999999999999734 ) ) ;
#2450 = DIRECTION ( 'NONE',  ( -1.000000000000000000, 0.000000000000000000, 0.000000000000000000 ) ) ;
#2451 = ORIENTED_EDGE ( 'NONE', *, *, #3293, .F. ) ;
#2452 = DIRECTION ( 'NONE',  ( 1.000000000000000000, -0.000000000000000000, 3.942553354492742545E-16 ) ) ;
#2453 = EDGE_CURVE ( 'NONE', #5326, #7505, #9631, .T. ) ;
#2454 = ORIENTED_EDGE ( 'NONE', *, *, #8528, .F. ) ;
#2455 = ADVANCED_FACE ( 'NONE', ( #4973 ), #7396, .F. ) ;
#2456 = VECTOR ( 'NONE', #9561, 1000.000000000000000 ) ;
#2457 = EDGE_LOOP ( 'NONE', ( #6910, #5957, #1174, #4189 ) ) ;
#2458 = ORIENTED_EDGE ( 'NONE', *, *, #7962, .F. ) ;
#2459 =( GEOMETRIC_REPRESENTATION_CONTEXT ( 3 ) GLOBAL_UNCERTAINTY_ASSIGNED_CONTEXT ( ( #4200 ) ) GLOBAL_UNIT_ASSIGNED_CONTEXT ( ( #7037, #2432, #5438 ) ) REPRESENTATION_CONTEXT ( 'NONE', 'WORKASPACE' ) );
#2460 = CARTESIAN_POINT ( 'NONE',  ( 1.924999999999996492, 0.08999999999999999667, -0.8250000000000073941 ) ) ;
#2461 = EDGE_CURVE ( 'NONE', #2699, #7557, #2752, .T. ) ;
#2462 = DIRECTION ( 'NONE',  ( 0.000000000000000000, -1.000000000000000000, 0.000000000000000000 ) ) ;
#2463 = CARTESIAN_POINT ( 'NONE',  ( 1.099999999999999867, 0.1499999999999999667, 1.200000000000000178 ) ) ;
#2464 = AXIS2_PLACEMENT_3D ( 'NONE', #5022, #513, #8599 ) ;
#2465 = DIRECTION ( 'NONE',  ( 1.000000000000000000, 0.000000000000000000, 0.000000000000000000 ) ) ;
#2466 = CARTESIAN_POINT ( 'NONE',  ( 0.9750000000000001998, 0.1499999999999999944, -1.650000000000000799 ) ) ;
#2467 = EDGE_CURVE ( 'NONE', #2841, #6346, #2003, .T. ) ;
#2468 = LINE ( 'NONE', #1608, #6359 ) ;
#2469 = ORIENTED_EDGE ( 'NONE', *, *, #5721, .F. ) ;
#2470 = VECTOR ( 'NONE', #1407, 1000.000000000000000 ) ;
#2471 = ORIENTED_EDGE ( 'NONE', *, *, #446, .T. ) ;
#2472 = VERTEX_POINT ( 'NONE', #5810 ) ;
#2473 = CIRCLE ( 'NONE', #9447, 0.1499999999999999667 ) ;
#2474 = DIRECTION ( 'NONE',  ( -0.000000000000000000, -0.000000000000000000, 1.000000000000000000 ) ) ;
#2475 = DIRECTION ( 'NONE',  ( 0.000000000000000000, 0.000000000000000000, -1.000000000000000000 ) ) ;
#2476 = FACE_OUTER_BOUND ( 'NONE', #5226, .T. ) ;
#2477 = EDGE_CURVE ( 'NONE', #4455, #2958, #5020, .T. ) ;
#2478 = DIRECTION ( 'NONE',  ( 0.000000000000000000, 0.000000000000000000, -1.000000000000000000 ) ) ;
#2479 = FACE_OUTER_BOUND ( 'NONE', #2387, .T. ) ;
#2480 = ORIENTED_EDGE ( 'NONE', *, *, #8083, .F. ) ;
#2481 = PLANE ( 'NONE',  #1501 ) ;
#2482 = ORIENTED_EDGE ( 'NONE', *, *, #4524, .T. ) ;
#2483 = ADVANCED_FACE ( 'NONE', ( #4241 ), #5115, .T. ) ;
#2484 = CARTESIAN_POINT ( 'NONE',  ( 0.8249999999999992895, 0.08999999999999999667, -1.999999999999999556 ) ) ;
#2485 = CARTESIAN_POINT ( 'NONE',  ( 0.1750000000000002387, 0.000000000000000000, 1.650000000000000577 ) ) ;
#2486 = FACE_OUTER_BOUND ( 'NONE', #3705, .T. ) ;
#2487 = CARTESIAN_POINT ( 'NONE',  ( 2.000000000000000000, 0.08999999999999999667, 0.1749999999999923839 ) ) ;
#2488 = CARTESIAN_POINT ( 'NONE',  ( 0.4750000000000001443, 0.05000000000000000278, 0.000000000000000000 ) ) ;
#2489 = PLANE ( 'NONE',  #3524 ) ;
#2490 = LINE ( 'NONE', #3388, #3519 ) ;
#2491 = VERTEX_POINT ( 'NONE', #8043 ) ;
#2492 = ORIENTED_EDGE ( 'NONE', *, *, #8093, .F. ) ;
#2493 = CARTESIAN_POINT ( 'NONE',  ( -0.8250000000000006217, 0.1499999999999999667, -1.999999999999999556 ) ) ;
#2494 = VERTEX_POINT ( 'NONE', #7299 ) ;
#2495 = LINE ( 'NONE', #8531, #6228 ) ;
#2496 = EDGE_LOOP ( 'NONE', ( #4080, #1465, #2626, #9150, #6769 ) ) ;
#2497 = DIRECTION ( 'NONE',  ( 0.000000000000000000, 0.000000000000000000, -1.000000000000000000 ) ) ;
#2498 = CARTESIAN_POINT ( 'NONE',  ( 1.099999999999999867, 0.1499999999999999667, -1.099999999999999645 ) ) ;
#2499 = PRESENTATION_STYLE_ASSIGNMENT (( #9293 ) ) ;
#2500 = LINE ( 'NONE', #8536, #1979 ) ;
#2501 = ADVANCED_FACE ( 'NONE', ( #5160 ), #8889, .T. ) ;
#2502 = ORIENTED_EDGE ( 'NONE', *, *, #8620, .F. ) ;
#2503 =( NAMED_UNIT ( * ) SI_UNIT ( $, .STERADIAN. ) SOLID_ANGLE_UNIT ( ) );
#2504 = VERTEX_POINT ( 'NONE', #4286 ) ;
#2505 = ORIENTED_EDGE ( 'NONE', *, *, #2866, .F. ) ;
#2506 = AXIS2_PLACEMENT_3D ( 'NONE', #103, #8521, #4657 ) ;
#2507 = EDGE_LOOP ( 'NONE', ( #111, #6720, #124, #1540 ) ) ;
#2508 = CYLINDRICAL_SURFACE ( 'NONE', #8002, 0.1499999999999999667 ) ;
#2509 = VECTOR ( 'NONE', #5800, 1000.000000000000000 ) ;
#2510 = LINE ( 'NONE', #9501, #8030 ) ;
#2511 = DIRECTION ( 'NONE',  ( -1.000000000000000000, 0.000000000000000000, 1.445602896647339706E-15 ) ) ;
#2512 = AXIS2_PLACEMENT_3D ( 'NONE', #2714, #2567, #7904 ) ;
#2513 = ADVANCED_FACE ( 'NONE', ( #2853 ), #8182, .F. ) ;
#2514 = VERTEX_POINT ( 'NONE', #6510 ) ;
#2515 = VECTOR ( 'NONE', #6598, 1000.000000000000000 ) ;
#2516 = ORIENTED_EDGE ( 'NONE', *, *, #1221, .F. ) ;
#2517 = PRESENTATION_LAYER_ASSIGNMENT (  '', '', ( #1869 ) ) ;
#2518 = EDGE_CURVE ( 'NONE', #882, #1829, #5065, .T. ) ;
#2519 = ORIENTED_EDGE ( 'NONE', *, *, #6505, .F. ) ;
#2520 = UNCERTAINTY_MEASURE_WITH_UNIT (LENGTH_MEASURE( 1.000000000000000082E-05 ), #7711, 'distance_accuracy_value', 'NONE');
#2521 = AXIS2_PLACEMENT_3D ( 'NONE', #4974, #512, #7993 ) ;
#2522 = CARTESIAN_POINT ( 'NONE',  ( -1.649999999999999023, 0.000000000000000000, 0.9749999999999999778 ) ) ;
#2523 = CARTESIAN_POINT ( 'NONE',  ( 1.924999999999999156, 0.000000000000000000, 1.125000000000000222 ) ) ;
#2524 = CARTESIAN_POINT ( 'NONE',  ( 1.924999999999999156, 0.1499999999999999667, 0.8249999999999999556 ) ) ;
#2525 = DIRECTION ( 'NONE',  ( 0.000000000000000000, 0.000000000000000000, -1.000000000000000000 ) ) ;
#2526 = CARTESIAN_POINT ( 'NONE',  ( -1.619058829184429449, 0.1499999999999999667, 0.1750000000000176414 ) ) ;
#2527 = ORIENTED_EDGE ( 'NONE', *, *, #6956, .T. ) ;
#2528 = CARTESIAN_POINT ( 'NONE',  ( -1.125000000000000666, 0.08999999999999999667, -1.619058829184431225 ) ) ;
#2529 = ORIENTED_EDGE ( 'NONE', *, *, #5640, .T. ) ;
#2530 = DIRECTION ( 'NONE',  ( -1.000000000000000000, 0.000000000000000000, -1.807003620809174385E-16 ) ) ;
#2531 = EDGE_CURVE ( 'NONE', #7115, #4580, #8089, .T. ) ;
#2532 = ADVANCED_FACE ( 'NONE', ( #1396 ), #5712, .F. ) ;
#2533 =( LENGTH_UNIT ( ) NAMED_UNIT ( * ) SI_UNIT ( .MILLI., .METRE. ) );
#2534 = DIRECTION ( 'NONE',  ( -1.000000000000000000, 0.000000000000000000, 1.445602896647339706E-15 ) ) ;
#2535 = LINE ( 'NONE', #6437, #7939 ) ;
#2536 = CARTESIAN_POINT ( 'NONE',  ( -1.124999999999999334, 0.08999999999999999667, 1.924999999999999600 ) ) ;
#2537 = CARTESIAN_POINT ( 'NONE',  ( -1.649999999999999023, 0.1499999999999999667, 0.1750000000000000167 ) ) ;
#2538 = CARTESIAN_POINT ( 'NONE',  ( -0.9749999999999997558, 0.6702163011671209425, -1.650000000000000799 ) ) ;
#2539 = EDGE_LOOP ( 'NONE', ( #6441, #5414, #8540, #2516 ) ) ;
#2540 = ORIENTED_EDGE ( 'NONE', *, *, #9066, .F. ) ;
#2541 = CARTESIAN_POINT ( 'NONE',  ( 1.924999999999999156, 0.05000000000000002359, -0.8249999999999998446 ) ) ;
#2542 = ORIENTED_EDGE ( 'NONE', *, *, #4972, .F. ) ;
#2543 = LINE ( 'NONE', #6251, #3714 ) ;
#2544 = VERTEX_POINT ( 'NONE', #9747 ) ;
#2545 = DIRECTION ( 'NONE',  ( -0.000000000000000000, -1.000000000000000000, -0.000000000000000000 ) ) ;
#2546 = LINE ( 'NONE', #3345, #4098 ) ;
#2547 = DIRECTION ( 'NONE',  ( -1.000000000000000000, 0.000000000000000000, 3.491481338843133355E-15 ) ) ;
#2548 = CARTESIAN_POINT ( 'NONE',  ( -1.619058829184436110, 0.08999999999999999667, -0.4749999999999823252 ) ) ;
#2549 = ORIENTED_EDGE ( 'NONE', *, *, #20, .T. ) ;
#2550 = ORIENTED_EDGE ( 'NONE', *, *, #4351, .F. ) ;
#2551 = ORIENTED_EDGE ( 'NONE', *, *, #2646, .F. ) ;
#2552 = ORIENTED_EDGE ( 'NONE', *, *, #4700, .T. ) ;
#2553 = AXIS2_PLACEMENT_3D ( 'NONE', #4553, #1628, #3133 ) ;
#2554 = DIRECTION ( 'NONE',  ( 0.000000000000000000, 1.000000000000000000, 0.000000000000000000 ) ) ;
#2555 = VECTOR ( 'NONE', #6898, 1000.000000000000000 ) ;
#2556 = FACE_OUTER_BOUND ( 'NONE', #7416, .T. ) ;
#2557 = DIRECTION ( 'NONE',  ( 0.000000000000000000, 0.000000000000000000, 1.000000000000000000 ) ) ;
#2558 = LINE ( 'NONE', #6467, #3892 ) ;
#2559 = ORIENTED_EDGE ( 'NONE', *, *, #4610, .T. ) ;
#2560 = VECTOR ( 'NONE', #8276, 1000.000000000000000 ) ;
#2561 = ORIENTED_EDGE ( 'NONE', *, *, #1295, .F. ) ;
#2562 = VECTOR ( 'NONE', #4940, 1000.000000000000000 ) ;
#2563 = ORIENTED_EDGE ( 'NONE', *, *, #5843, .F. ) ;
#2564 = EDGE_CURVE ( 'NONE', #8154, #86, #6861, .T. ) ;
#2565 = VECTOR ( 'NONE', #8248, 1000.000000000000000 ) ;
#2566 = DIRECTION ( 'NONE',  ( 0.000000000000000000, 1.000000000000000000, 0.000000000000000000 ) ) ;
#2567 = DIRECTION ( 'NONE',  ( 0.000000000000000000, 1.000000000000000000, 0.000000000000000000 ) ) ;
#2568 = CARTESIAN_POINT ( 'NONE',  ( -0.8249999999999992895, 0.000000000000000000, 1.925000000000000933 ) ) ;
#2569 = AXIS2_PLACEMENT_3D ( 'NONE', #6700, #2945, #7335 ) ;
#2570 = CARTESIAN_POINT ( 'NONE',  ( -0.9749999999999997558, 0.04999999999999999584, 1.650000000000000799 ) ) ;
#2571 = VECTOR ( 'NONE', #3028, 1000.000000000000000 ) ;
#2572 = ORIENTED_EDGE ( 'NONE', *, *, #5354, .F. ) ;
#2573 = DIRECTION ( 'NONE',  ( 0.000000000000000000, -1.000000000000000000, 0.000000000000000000 ) ) ;
#2574 = ORIENTED_EDGE ( 'NONE', *, *, #6891, .F. ) ;
#2575 = DIRECTION ( 'NONE',  ( 0.000000000000000000, 0.000000000000000000, -1.000000000000000000 ) ) ;
#2576 =( GEOMETRIC_REPRESENTATION_CONTEXT ( 3 ) GLOBAL_UNCERTAINTY_ASSIGNED_CONTEXT ( ( #8654 ) ) GLOBAL_UNIT_ASSIGNED_CONTEXT ( ( #1954, #7898, #1106 ) ) REPRESENTATION_CONTEXT ( 'NONE', 'WORKASPACE' ) );
#2577 = VECTOR ( 'NONE', #2197, 1000.000000000000000 ) ;
#2578 = VECTOR ( 'NONE', #9770, 1000.000000000000000 ) ;
#2579 = AXIS2_PLACEMENT_3D ( 'NONE', #920, #3913, #5525 ) ;
#2580 = SURFACE_SIDE_STYLE ('',( #5636 ) ) ;
#2581 = LINE ( 'NONE', #3882, #9149 ) ;
#2582 = CARTESIAN_POINT ( 'NONE',  ( 0.1750000000000002387, 0.000000000000000000, -1.925000000000000933 ) ) ;
#2583 = CARTESIAN_POINT ( 'NONE',  ( 0.4749999999999993117, 0.08999999999999999667, -1.924999999999999600 ) ) ;
#2584 = DIRECTION ( 'NONE',  ( 1.445602896647339706E-15, 0.000000000000000000, 1.000000000000000000 ) ) ;
#2585 = EDGE_CURVE ( 'NONE', #4590, #3979, #8337, .T. ) ;
#2586 = CARTESIAN_POINT ( 'NONE',  ( 0.1750000000000002387, 0.1499999999999999667, 1.650000000000000577 ) ) ;
#2587 = ORIENTED_EDGE ( 'NONE', *, *, #5902, .F. ) ;
#2588 = ORIENTED_EDGE ( 'NONE', *, *, #2629, .F. ) ;
#2589 = ADVANCED_FACE ( 'NONE', ( #7641 ), #899, .F. ) ;
#2590 = AXIS2_PLACEMENT_3D ( 'NONE', #2971, #5217, #6621 ) ;
#2591 = CARTESIAN_POINT ( 'NONE',  ( 1.924999999999999156, 0.1499999999999999667, -0.1749999999999999056 ) ) ;
#2592 = ORIENTED_EDGE ( 'NONE', *, *, #7645, .T. ) ;
#2593 = FACE_OUTER_BOUND ( 'NONE', #449, .T. ) ;
#2594 = ORIENTED_EDGE ( 'NONE', *, *, #2348, .F. ) ;
#2595 = PLANE ( 'NONE',  #3362 ) ;
#2596 = AXIS2_PLACEMENT_3D ( 'NONE', #3341, #9382, #8629 ) ;
#2597 = CARTESIAN_POINT ( 'NONE',  ( -1.924999999999999156, 0.000000000000000000, 0.1750000000000000167 ) ) ;
#2598 = CARTESIAN_POINT ( 'NONE',  ( -0.4749999999999997558, 0.1499999999999999944, -1.650000000000000577 ) ) ;
#2599 = EDGE_CURVE ( 'NONE', #2230, #7454, #9794, .T. ) ;
#2600 = CARTESIAN_POINT ( 'NONE',  ( 1.124999999999998890, 0.1499999999999999667, -1.925000000000001377 ) ) ;
#2601 = ORIENTED_EDGE ( 'NONE', *, *, #8195, .T. ) ;
#2602 = EDGE_CURVE ( 'NONE', #8039, #2429, #7497, .T. ) ;
#2603 = ORIENTED_EDGE ( 'NONE', *, *, #8588, .F. ) ;
#2604 = ORIENTED_EDGE ( 'NONE', *, *, #1839, .F. ) ;
#2605 = VECTOR ( 'NONE', #4861, 1000.000000000000000 ) ;
#2606 = ORIENTED_EDGE ( 'NONE', *, *, #6493, .F. ) ;
#2607 = FACE_OUTER_BOUND ( 'NONE', #3792, .T. ) ;
#2608 = CARTESIAN_POINT ( 'NONE',  ( 0.4750000000000005884, 0.000000000000000000, 1.925000000000000933 ) ) ;
#2609 = CARTESIAN_POINT ( 'NONE',  ( 1.099999999999999867, 0.1499999999999999667, -1.199999999999999734 ) ) ;
#2610 = DIRECTION ( 'NONE',  ( 0.000000000000000000, 1.000000000000000000, 0.000000000000000000 ) ) ;
#2611 = VECTOR ( 'NONE', #139, 1000.000000000000000 ) ;
#2612 = SURFACE_SIDE_STYLE ('',( #4877 ) ) ;
#2613 = ORIENTED_EDGE ( 'NONE', *, *, #6144, .T. ) ;
#2614 = VERTEX_POINT ( 'NONE', #5206 ) ;
#2615 = EDGE_LOOP ( 'NONE', ( #9027, #609, #2760, #5458 ) ) ;
#2616 = UNCERTAINTY_MEASURE_WITH_UNIT (LENGTH_MEASURE( 1.000000000000000082E-05 ), #5233, 'distance_accuracy_value', 'NONE');
#2617 = VECTOR ( 'NONE', #8045, 1000.000000000000000 ) ;
#2618 = LINE ( 'NONE', #7168, #983 ) ;
#2619 = ADVANCED_FACE ( 'NONE', ( #3149 ), #4479, .F. ) ;
#2620 = SURFACE_STYLE_FILL_AREA ( #1960 ) ;
#2621 = DIRECTION ( 'NONE',  ( 0.000000000000000000, 0.000000000000000000, -1.000000000000000000 ) ) ;
#2622 = CARTESIAN_POINT ( 'NONE',  ( -0.1750000000000006828, 0.08999999999999999667, -1.619058829184431225 ) ) ;
#2623 = LINE ( 'NONE', #6526, #2456 ) ;
#2624 = STYLED_ITEM ( 'NONE', ( #3969 ), #1986 ) ;
#2625 = PLANE ( 'NONE',  #4768 ) ;
#2626 = ORIENTED_EDGE ( 'NONE', *, *, #2048, .F. ) ;
#2627 = DIRECTION ( 'NONE',  ( 0.000000000000000000, 0.000000000000000000, 1.000000000000000000 ) ) ;
#2628 = ORIENTED_EDGE ( 'NONE', *, *, #9788, .F. ) ;
#2629 = EDGE_CURVE ( 'NONE', #7454, #1401, #2249, .T. ) ;
#2630 = CYLINDRICAL_SURFACE ( 'NONE', #8564, 0.1499999999999999667 ) ;
#2631 = CARTESIAN_POINT ( 'NONE',  ( 0.000000000000000000, 1.500000000000000000, 0.000000000000000000 ) ) ;
#2632 = DIRECTION ( 'NONE',  ( -1.000000000000000000, 0.000000000000000000, 3.491481338843133355E-15 ) ) ;
#2633 = LINE ( 'NONE', #1871, #4939 ) ;
#2634 = DIRECTION ( 'NONE',  ( 0.000000000000000000, 0.000000000000000000, -1.000000000000000000 ) ) ;
#2635 = CARTESIAN_POINT ( 'NONE',  ( -1.619058829184426340, 0.1499999999999999667, 0.4750000000000175748 ) ) ;
#2636 = DIRECTION ( 'NONE',  ( 0.000000000000000000, 1.000000000000000000, 0.000000000000000000 ) ) ;
#2637 = ORIENTED_EDGE ( 'NONE', *, *, #404, .F. ) ;
#2638 = ORIENTED_EDGE ( 'NONE', *, *, #8613, .F. ) ;
#2639 = VECTOR ( 'NONE', #2801, 1000.000000000000000 ) ;
#2640 = EDGE_CURVE ( 'NONE', #6603, #1840, #1643, .T. ) ;
#2641 = DIRECTION ( 'NONE',  ( 0.000000000000000000, -0.000000000000000000, -1.000000000000000000 ) ) ;
#2642 = ORIENTED_EDGE ( 'NONE', *, *, #5694, .T. ) ;
#2643 = EDGE_CURVE ( 'NONE', #2953, #8154, #3052, .T. ) ;
#2644 = EDGE_CURVE ( 'NONE', #2211, #4731, #3896, .T. ) ;
#2645 = VERTEX_POINT ( 'NONE', #1543 ) ;
#2646 = EDGE_CURVE ( 'NONE', #6369, #7401, #9142, .T. ) ;
#2647 = LINE ( 'NONE', #1935, #7465 ) ;
#2648 = CARTESIAN_POINT ( 'NONE',  ( -0.8249999999999997335, 0.1499999999999999944, -1.925000000000000933 ) ) ;
#2649 = CARTESIAN_POINT ( 'NONE',  ( -1.924999999999999156, 0.6702163011671202764, 0.4750000000000000333 ) ) ;
#2650 = DIRECTION ( 'NONE',  ( -1.000000000000000000, 0.000000000000000000, 0.000000000000000000 ) ) ;
#2651 = CARTESIAN_POINT ( 'NONE',  ( 0.000000000000000000, 0.05000000000000000278, 0.8249999999999999556 ) ) ;
#2652 = PLANE ( 'NONE',  #6397 ) ;
#2653 = ORIENTED_EDGE ( 'NONE', *, *, #795, .F. ) ;
#2654 = ORIENTED_EDGE ( 'NONE', *, *, #6083, .T. ) ;
#2655 = ORIENTED_EDGE ( 'NONE', *, *, #4438, .T. ) ;
#2656 = VERTEX_POINT ( 'NONE', #8437 ) ;
#2657 = DIRECTION ( 'NONE',  ( 0.000000000000000000, -1.000000000000000000, 0.000000000000000000 ) ) ;
#2658 = EDGE_CURVE ( 'NONE', #1342, #661, #8229, .T. ) ;
#2659 = DIRECTION ( 'NONE',  ( 0.000000000000000000, -0.000000000000000000, 1.000000000000000000 ) ) ;
#2660 = LINE ( 'NONE', #1053, #3309 ) ;
#2661 = CARTESIAN_POINT ( 'NONE',  ( 2.000000000000003553, 0.1499999999999999667, 1.124999999999992228 ) ) ;
#2662 = CARTESIAN_POINT ( 'NONE',  ( 1.999999999999995781, 0.08999999999999999667, -1.125000000000007550 ) ) ;
#2663 = ORIENTED_EDGE ( 'NONE', *, *, #4081, .T. ) ;
#2664 = EDGE_CURVE ( 'NONE', #1035, #5292, #3007, .T. ) ;
#2665 = VERTEX_POINT ( 'NONE', #7590 ) ;
#2666 = ORIENTED_EDGE ( 'NONE', *, *, #7593, .T. ) ;
#2667 = DIRECTION ( 'NONE',  ( -1.000000000000000000, 0.000000000000000000, 1.445602896647339706E-15 ) ) ;
#2668 = AXIS2_PLACEMENT_3D ( 'NONE', #4986, #4395, #5074 ) ;
#2669 = CARTESIAN_POINT ( 'NONE',  ( -0.3249999999999997891, 0.1499999999999999944, -1.650000000000000799 ) ) ;
#2670 = LINE ( 'NONE', #8708, #130 ) ;
#2671 = STYLED_ITEM ( 'NONE', ( #2408 ), #2173 ) ;
#2672 = CARTESIAN_POINT ( 'NONE',  ( -1.619058829184439885, 0.08999999999999999667, -0.8249999999999824141 ) ) ;
#2673 = CARTESIAN_POINT ( 'NONE',  ( 0.4750000000000001443, 0.6702163011671209425, -1.650000000000000577 ) ) ;
#2674 = LINE ( 'NONE', #2818, #2085 ) ;
#2675 = ORIENTED_EDGE ( 'NONE', *, *, #604, .F. ) ;
#2676 = ORIENTED_EDGE ( 'NONE', *, *, #3671, .F. ) ;
#2677 = AXIS2_PLACEMENT_3D ( 'NONE', #2536, #7086, #5540 ) ;
#2678 = LINE ( 'NONE', #4113, #8879 ) ;
#2679 = DIRECTION ( 'NONE',  ( 1.577021341797095637E-15, 0.000000000000000000, 1.000000000000000000 ) ) ;
#2680 = DIRECTION ( 'NONE',  ( 1.577021341797095835E-15, 0.000000000000000000, 1.000000000000000000 ) ) ;
#2681 = LINE ( 'NONE', #5686, #2092 ) ;
#2682 = CARTESIAN_POINT ( 'NONE',  ( 1.125000000000000222, 0.6702163011671209425, -1.925000000000000933 ) ) ;
#2683 = DIRECTION ( 'NONE',  ( 0.000000000000000000, 0.000000000000000000, -1.000000000000000000 ) ) ;
#2684 = DIRECTION ( 'NONE',  ( 0.000000000000000000, -0.000000000000000000, -1.000000000000000000 ) ) ;
#2685 = ORIENTED_EDGE ( 'NONE', *, *, #6868, .T. ) ;
#2686 = ORIENTED_EDGE ( 'NONE', *, *, #5954, .F. ) ;
#2687 = FACE_OUTER_BOUND ( 'NONE', #6966, .T. ) ;
#2688 = EDGE_LOOP ( 'NONE', ( #2303, #5007, #5818, #937 ) ) ;
#2689 = ADVANCED_FACE ( 'NONE', ( #6055 ), #3845, .F. ) ;
#2690 = ORIENTED_EDGE ( 'NONE', *, *, #1426, .T. ) ;
#2691 = DIRECTION ( 'NONE',  ( 0.000000000000000000, 0.000000000000000000, -1.000000000000000000 ) ) ;
#2692 = DIRECTION ( 'NONE',  ( 0.000000000000000000, -1.000000000000000000, 0.000000000000000000 ) ) ;
#2693 = DIRECTION ( 'NONE',  ( 0.000000000000000000, 0.000000000000000000, -1.000000000000000000 ) ) ;
#2694 = DIRECTION ( 'NONE',  ( 0.000000000000000000, -1.000000000000000000, 0.000000000000000000 ) ) ;
#2695 = PLANE ( 'NONE',  #7394 ) ;
#2696 = LINE ( 'NONE', #5701, #8631 ) ;
#2697 = VERTEX_POINT ( 'NONE', #6103 ) ;
#2698 = ORIENTED_EDGE ( 'NONE', *, *, #1425, .T. ) ;
#2699 = VERTEX_POINT ( 'NONE', #2344 ) ;
#2700 = ORIENTED_EDGE ( 'NONE', *, *, #2881, .F. ) ;
#2701 = LINE ( 'NONE', #8645, #2797 ) ;
#2702 = FACE_OUTER_BOUND ( 'NONE', #4503, .T. ) ;
#2703 = FACE_OUTER_BOUND ( 'NONE', #5646, .T. ) ;
#2704 = LINE ( 'NONE', #7163, #2617 ) ;
#2705 = ADVANCED_FACE ( 'NONE', ( #5357 ), #8383, .T. ) ;
#2706 = DIRECTION ( 'NONE',  ( 1.000000000000000000, 0.000000000000000000, 0.000000000000000000 ) ) ;
#2707 = EDGE_LOOP ( 'NONE', ( #9074, #5492, #4568, #6413 ) ) ;
#2708 = EDGE_CURVE ( 'NONE', #5648, #6840, #7688, .T. ) ;
#2709 = EDGE_LOOP ( 'NONE', ( #6035, #1600, #319, #9035 ) ) ;
#2710 = UNCERTAINTY_MEASURE_WITH_UNIT (LENGTH_MEASURE( 1.000000000000000082E-05 ), #3201, 'distance_accuracy_value', 'NONE');
#2711 = VERTEX_POINT ( 'NONE', #2391 ) ;
#2712 = CARTESIAN_POINT ( 'NONE',  ( -1.999999999999999112, 0.1500000000000008271, -0.1749999999999785616 ) ) ;
#2713 = FILL_AREA_STYLE_COLOUR ( '', #5295 ) ;
#2714 = CARTESIAN_POINT ( 'NONE',  ( -1.599999999999999201, 1.500000000000000000, -1.600000000000000755 ) ) ;
#2715 = SURFACE_SIDE_STYLE ('',( #522 ) ) ;
#2716 = VECTOR ( 'NONE', #636, 1000.000000000000000 ) ;
#2717 = DIRECTION ( 'NONE',  ( 1.000000000000000000, 0.000000000000000000, 0.000000000000000000 ) ) ;
#2718 = AXIS2_PLACEMENT_3D ( 'NONE', #2209, #4533, #1355 ) ;
#2719 = LINE ( 'NONE', #1118, #8578 ) ;
#2720 = VERTEX_POINT ( 'NONE', #5402 ) ;
#2721 = VECTOR ( 'NONE', #2636, 1000.000000000000000 ) ;
#2722 = EDGE_CURVE ( 'NONE', #7048, #8214, #2546, .T. ) ;
#2723 = VECTOR ( 'NONE', #9715, 1000.000000000000000 ) ;
#2725 = DIRECTION ( 'NONE',  ( 0.000000000000000000, -0.000000000000000000, 1.000000000000000000 ) ) ;
#2724 = VECTOR ( 'NONE', #1421, 1000.000000000000000 ) ;
#2726 = CARTESIAN_POINT ( 'NONE',  ( -1.999999999999990896, 0.08999999999999999667, 0.8250000000000216049 ) ) ;
#2727 = AXIS2_PLACEMENT_3D ( 'NONE', #2142, #5149, #8172 ) ;
#2728 = DIRECTION ( 'NONE',  ( -0.000000000000000000, -1.000000000000000000, -0.000000000000000000 ) ) ;
#2729 = DIRECTION ( 'NONE',  ( 0.000000000000000000, -1.000000000000000000, 0.000000000000000000 ) ) ;
#2730 = DIRECTION ( 'NONE',  ( 1.000000000000000000, 0.000000000000000000, 0.000000000000000000 ) ) ;
#2731 = DIRECTION ( 'NONE',  ( 0.000000000000000000, -1.000000000000000000, 0.000000000000000000 ) ) ;
#2732 = ORIENTED_EDGE ( 'NONE', *, *, #8428, .F. ) ;
#2733 = ORIENTED_EDGE ( 'NONE', *, *, #3298, .T. ) ;
#2734 = COLOUR_RGB ( '',0.7921568627450980005, 0.8196078431372548767, 0.9333333333333333481 ) ;
#2735 = DIRECTION ( 'NONE',  ( 0.000000000000000000, -1.000000000000000000, 0.000000000000000000 ) ) ;
#2736 = VECTOR ( 'NONE', #1144, 1000.000000000000000 ) ;
#2737 = ORIENTED_EDGE ( 'NONE', *, *, #7669, .F. ) ;
#2738 = AXIS2_PLACEMENT_3D ( 'NONE', #5374, #1618, #5474 ) ;
#2739 = CLOSED_SHELL ( 'NONE', ( #3440, #4683, #1039, #5587, #7852, #8374, #4096 ) ) ;
#2740 = ORIENTED_EDGE ( 'NONE', *, *, #5006, .T. ) ;
#2741 = CARTESIAN_POINT ( 'NONE',  ( -1.124999999999999778, 0.6702163011671209425, -1.925000000000000933 ) ) ;
#2742 = CARTESIAN_POINT ( 'NONE',  ( -1.125000000000000666, 0.08999999999999999667, -1.999999999999999556 ) ) ;
#2743 = CARTESIAN_POINT ( 'NONE',  ( 0.9750000000000001998, 0.04999999999999999584, 1.650000000000000799 ) ) ;
#2744 = CARTESIAN_POINT ( 'NONE',  ( -1.619058829184419457, 0.1499999999999999667, 1.125000000000017542 ) ) ;
#2745 = AXIS2_PLACEMENT_3D ( 'NONE', #3114, #1556, #5465 ) ;
#2746 = LINE ( 'NONE', #4813, #3108 ) ;
#2747 = ORIENTED_EDGE ( 'NONE', *, *, #873, .F. ) ;
#2748 = VERTEX_POINT ( 'NONE', #2448 ) ;
#2749 = ORIENTED_EDGE ( 'NONE', *, *, #6818, .F. ) ;
#2750 = ORIENTED_EDGE ( 'NONE', *, *, #3452, .F. ) ;
#2751 = LINE ( 'NONE', #3304, #3593 ) ;
#2752 = LINE ( 'NONE', #8800, #8508 ) ;
#2753 = DIRECTION ( 'NONE',  ( -1.000000000000000000, 0.000000000000000000, 4.937084235490472864E-15 ) ) ;
#2754 = EDGE_CURVE ( 'NONE', #9139, #1011, #1868, .T. ) ;
#2755 = DIRECTION ( 'NONE',  ( 0.000000000000000000, 0.000000000000000000, 1.000000000000000000 ) ) ;
#2756 = EDGE_CURVE ( 'NONE', #4532, #1805, #1787, .T. ) ;
#2757 = DIRECTION ( 'NONE',  ( 0.000000000000000000, 0.000000000000000000, -1.000000000000000000 ) ) ;
#2758 =( GEOMETRIC_REPRESENTATION_CONTEXT ( 3 ) GLOBAL_UNCERTAINTY_ASSIGNED_CONTEXT ( ( #4980 ) ) GLOBAL_UNIT_ASSIGNED_CONTEXT ( ( #5381, #8414, #1626 ) ) REPRESENTATION_CONTEXT ( 'NONE', 'WORKASPACE' ) );
#2759 = EDGE_LOOP ( 'NONE', ( #4045, #700, #4424, #6474 ) ) ;
#2760 = ORIENTED_EDGE ( 'NONE', *, *, #3065, .F. ) ;
#2761 = EDGE_CURVE ( 'NONE', #6101, #2711, #7102, .T. ) ;
#2762 = VERTEX_POINT ( 'NONE', #9339 ) ;
#2763 = ADVANCED_FACE ( 'NONE', ( #212 ), #162, .T. ) ;
#2764 = CARTESIAN_POINT ( 'NONE',  ( -1.924999999999999156, 0.1499999999999999667, 1.125000000000000222 ) ) ;
#2765 = CARTESIAN_POINT ( 'NONE',  ( 1.619058829184433002, 0.1499999999999999667, 0.4749999999999936495 ) ) ;
#2766 = CIRCLE ( 'NONE', #8134, 0.1499999999999999667 ) ;
#2767 = EDGE_CURVE ( 'NONE', #3694, #6888, #3196, .T. ) ;
#2768 = DIRECTION ( 'NONE',  ( 1.000000000000000000, 0.000000000000000000, 0.000000000000000000 ) ) ;
#2769 = FACE_OUTER_BOUND ( 'NONE', #4838, .T. ) ;
#2770 = FACE_OUTER_BOUND ( 'NONE', #2276, .T. ) ;
#2771 = SURFACE_SIDE_STYLE ('',( #5732 ) ) ;
#2772 = VERTEX_POINT ( 'NONE', #2598 ) ;
#2773 = AXIS2_PLACEMENT_3D ( 'NONE', #6056, #2450, #6156 ) ;
#2774 = EDGE_CURVE ( 'NONE', #3644, #8214, #4032, .T. ) ;
#2775 = AXIS2_PLACEMENT_3D ( 'NONE', #2631, #7083, #3281 ) ;
#2776 = CARTESIAN_POINT ( 'NONE',  ( 0.9750000000000001998, 0.1499999999999999944, 1.650000000000000799 ) ) ;
#2777 = LINE ( 'NONE', #5043, #280 ) ;
#2778 = CARTESIAN_POINT ( 'NONE',  ( 0.1749999999999993228, 0.1499999999999999667, -1.925000000000000044 ) ) ;
#2779 = CARTESIAN_POINT ( 'NONE',  ( 0.4749999999999993117, 0.08999999999999999667, -1.999999999999999556 ) ) ;
#2780 = LINE ( 'NONE', #2635, #8251 ) ;
#2781 = ADVANCED_FACE ( 'NONE', ( #5455 ), #5653, .F. ) ;
#2782 = CARTESIAN_POINT ( 'NONE',  ( 1.924999999999999156, 0.6702163011671202764, 1.125000000000000222 ) ) ;
#2783 = VECTOR ( 'NONE', #7833, 1000.000000000000000 ) ;
#2784 = VERTEX_POINT ( 'NONE', #5606 ) ;
#2785 = ORIENTED_EDGE ( 'NONE', *, *, #1413, .F. ) ;
#2786 = PLANE ( 'NONE',  #3041 ) ;
#2787 = VECTOR ( 'NONE', #7363, 1000.000000000000000 ) ;
#2788 = ORIENTED_EDGE ( 'NONE', *, *, #9260, .F. ) ;
#2790 = VECTOR ( 'NONE', #2447, 1000.000000000000000 ) ;
#2789 = DIRECTION ( 'NONE',  ( 0.000000000000000000, 0.000000000000000000, -1.000000000000000000 ) ) ;
#2791 = CARTESIAN_POINT ( 'NONE',  ( -1.649999999999999023, 0.1499999999999999667, -0.1750000000000000167 ) ) ;
#2792 = CARTESIAN_POINT ( 'NONE',  ( 0.8249999999999992895, 0.08999999999999999667, -1.924999999999999600 ) ) ;
#2793 = LINE ( 'NONE', #9535, #9639 ) ;
#2794 = CARTESIAN_POINT ( 'NONE',  ( -1.649999999999999023, 0.6702163011671202764, 0.4749999999999999223 ) ) ;
#2795 = CARTESIAN_POINT ( 'NONE',  ( -0.8249999999999992895, 0.000000000000000000, 1.925000000000000933 ) ) ;
#2796 = ORIENTED_EDGE ( 'NONE', *, *, #8664, .T. ) ;
#2797 = VECTOR ( 'NONE', #6416, 1000.000000000000000 ) ;
#2798 = DIRECTION ( 'NONE',  ( -1.000000000000000000, 0.000000000000000000, 0.000000000000000000 ) ) ;
#2799 = VERTEX_POINT ( 'NONE', #6306 ) ;
#2800 = VERTEX_POINT ( 'NONE', #4812 ) ;
#2801 = DIRECTION ( 'NONE',  ( -0.000000000000000000, -0.000000000000000000, 1.000000000000000000 ) ) ;
#2802 = EDGE_CURVE ( 'NONE', #9198, #5888, #8685, .T. ) ;
#2803 = DIRECTION ( 'NONE',  ( 1.000000000000000000, 0.000000000000000000, 0.000000000000000000 ) ) ;
#2804 = SURFACE_STYLE_USAGE ( .BOTH. , #9697 ) ;
#2805 = CARTESIAN_POINT ( 'NONE',  ( -1.649999999999999023, 0.000000000000000000, 0.8249999999999999556 ) ) ;
#2806 = CARTESIAN_POINT ( 'NONE',  ( -1.999999999999990896, 0.08999999999999999667, 0.8250000000000216049 ) ) ;
#2807 = VERTEX_POINT ( 'NONE', #5555 ) ;
#2808 = ORIENTED_EDGE ( 'NONE', *, *, #9596, .F. ) ;
#2809 = PRODUCT_DEFINITION_CONTEXT ( 'detailed design', #2155, 'design' ) ;
#2810 = ORIENTED_EDGE ( 'NONE', *, *, #3122, .T. ) ;
#2811 = EDGE_CURVE ( 'NONE', #2697, #8049, #8637, .T. ) ;
#2812 = CARTESIAN_POINT ( 'NONE',  ( 1.099999999999999867, 0.05000000000000000278, -1.199999999999999734 ) ) ;
#2813 = EDGE_CURVE ( 'NONE', #3155, #1404, #9441, .T. ) ;
#2814 = PRESENTATION_STYLE_ASSIGNMENT (( #4393 ) ) ;
#2815 = FACE_OUTER_BOUND ( 'NONE', #9766, .T. ) ;
#2816 = DIRECTION ( 'NONE',  ( 1.000000000000000000, 0.000000000000000000, 0.000000000000000000 ) ) ;
#2818 = CARTESIAN_POINT ( 'NONE',  ( 1.924999999999999156, 0.6702163011671202764, -0.1749999999999999056 ) ) ;
#2817 = VECTOR ( 'NONE', #8974, 1000.000000000000000 ) ;
#2819 = CARTESIAN_POINT ( 'NONE',  ( -1.924999999999999156, 0.05000000000000002359, 0.1750000000000000167 ) ) ;
#2820 = VERTEX_POINT ( 'NONE', #4077 ) ;
#2821 = ADVANCED_FACE ( 'NONE', ( #7054 ), #1835, .F. ) ;
#2822 = CIRCLE ( 'NONE', #8673, 0.1499999999999999667 ) ;
#2823 = AXIS2_PLACEMENT_3D ( 'NONE', #6316, #6417, #4871 ) ;
#2824 = LINE ( 'NONE', #9471, #6387 ) ;
#2825 = LINE ( 'NONE', #7271, #6204 ) ;
#2826 = FACE_OUTER_BOUND ( 'NONE', #574, .T. ) ;
#2827 = LINE ( 'NONE', #8719, #8355 ) ;
#2828 = FACE_OUTER_BOUND ( 'NONE', #5602, .T. ) ;
#2829 = VECTOR ( 'NONE', #2236, 1000.000000000000000 ) ;
#2830 = CARTESIAN_POINT ( 'NONE',  ( 0.3250000000000001776, 0.6702163011671209425, 1.650000000000000799 ) ) ;
#2831 = ORIENTED_EDGE ( 'NONE', *, *, #3816, .T. ) ;
#2832 = EDGE_LOOP ( 'NONE', ( #7109, #3046, #7750, #4644, #3580 ) ) ;
#2833 = EDGE_CURVE ( 'NONE', #2851, #6764, #3295, .T. ) ;
#2834 = EDGE_CURVE ( 'NONE', #1352, #3842, #6203, .T. ) ;
#2835 = VECTOR ( 'NONE', #7443, 1000.000000000000000 ) ;
#2836 = AXIS2_PLACEMENT_3D ( 'NONE', #7737, #262, #942 ) ;
#2837 = PLANE ( 'NONE',  #7928 ) ;
#2838 = AXIS2_PLACEMENT_3D ( 'NONE', #2622, #5528, #1809 ) ;
#2839 = ADVANCED_FACE ( 'NONE', ( #4716 ), #6255, .F. ) ;
#2840 = AXIS2_PLACEMENT_3D ( 'NONE', #900, #366, #2547 ) ;
#2841 = VERTEX_POINT ( 'NONE', #7003 ) ;
#2842 = CYLINDRICAL_SURFACE ( 'NONE', #8095, 0.1000000000000000472 ) ;
#2843 = DIRECTION ( 'NONE',  ( 0.000000000000000000, 1.000000000000000000, 0.000000000000000000 ) ) ;
#2844 = DIRECTION ( 'NONE',  ( -0.000000000000000000, -1.000000000000000000, -0.000000000000000000 ) ) ;
#2845 = LINE ( 'NONE', #2744, #3312 ) ;
#2846 = EDGE_CURVE ( 'NONE', #5142, #552, #8518, .T. ) ;
#2847 = CARTESIAN_POINT ( 'NONE',  ( 0.000000000000000000, 0.05000000000000000278, -1.125000000000000000 ) ) ;
#2848 = DIRECTION ( 'NONE',  ( 0.000000000000000000, 1.000000000000000000, 0.000000000000000000 ) ) ;
#2849 = ORIENTED_EDGE ( 'NONE', *, *, #8216, .F. ) ;
#2850 = DIRECTION ( 'NONE',  ( 0.000000000000000000, -0.000000000000000000, 1.000000000000000000 ) ) ;
#2851 = VERTEX_POINT ( 'NONE', #7387 ) ;
#2852 = DIRECTION ( 'NONE',  ( 0.000000000000000000, 0.000000000000000000, -1.000000000000000000 ) ) ;
#2853 = FACE_OUTER_BOUND ( 'NONE', #1500, .T. ) ;
#2854 = FACE_OUTER_BOUND ( 'NONE', #7355, .T. ) ;
#2855 = EDGE_LOOP ( 'NONE', ( #1524, #7511, #5867, #1734 ) ) ;
#2856 = PRESENTATION_STYLE_ASSIGNMENT (( #2301 ) ) ;
#2857 = ORIENTED_EDGE ( 'NONE', *, *, #7663, .T. ) ;
#2858 = ORIENTED_EDGE ( 'NONE', *, *, #7546, .T. ) ;
#2859 = VERTEX_POINT ( 'NONE', #8933 ) ;
#2860 = ORIENTED_EDGE ( 'NONE', *, *, #6703, .T. ) ;
#2861 = FACE_OUTER_BOUND ( 'NONE', #8825, .T. ) ;
#2862 = LINE ( 'NONE', #4440, #6577 ) ;
#2863 = PLANE ( 'NONE',  #445 ) ;
#2864 = DIRECTION ( 'NONE',  ( 0.000000000000000000, 1.000000000000000000, 0.000000000000000000 ) ) ;
#2865 = FACE_OUTER_BOUND ( 'NONE', #3110, .T. ) ;
#2866 = EDGE_CURVE ( 'NONE', #3911, #317, #592, .T. ) ;
#2867 = LINE ( 'NONE', #7367, #7149 ) ;
#2868 = DIRECTION ( 'NONE',  ( 1.047444401652940007E-14, 0.000000000000000000, 1.000000000000000000 ) ) ;
#2869 = ORIENTED_EDGE ( 'NONE', *, *, #6986, .F. ) ;
#2870 = EDGE_CURVE ( 'NONE', #3406, #4731, #7980, .T. ) ;
#2871 = CARTESIAN_POINT ( 'NONE',  ( 0.4750000000000001443, 0.1499999999999999667, -1.925000000000000933 ) ) ;
#2872 = VECTOR ( 'NONE', #8319, 1000.000000000000000 ) ;
#2873 = DIRECTION ( 'NONE',  ( 0.000000000000000000, 0.000000000000000000, -1.000000000000000000 ) ) ;
#2874 = FACE_OUTER_BOUND ( 'NONE', #1477, .T. ) ;
#2875 = PLANE ( 'NONE',  #6934 ) ;
#2876 = DIRECTION ( 'NONE',  ( -1.000000000000000000, 0.000000000000000000, 0.000000000000000000 ) ) ;
#2877 = AXIS2_PLACEMENT_3D ( 'NONE', #9331, #7088, #892 ) ;
#2878 = LINE ( 'NONE', #3480, #3829 ) ;
#2879 = ORIENTED_EDGE ( 'NONE', *, *, #146, .T. ) ;
#2880 = ORIENTED_EDGE ( 'NONE', *, *, #3654, .T. ) ;
#2881 = EDGE_CURVE ( 'NONE', #3739, #9295, #2143, .T. ) ;
#2882 = EDGE_CURVE ( 'NONE', #190, #9231, #2845, .T. ) ;
#2883 = FACE_OUTER_BOUND ( 'NONE', #820, .T. ) ;
#2884 = VECTOR ( 'NONE', #8978, 1000.000000000000000 ) ;
#2885 = VECTOR ( 'NONE', #7100, 1000.000000000000000 ) ;
#2886 = VECTOR ( 'NONE', #7680, 1000.000000000000000 ) ;
#2887 = EDGE_CURVE ( 'NONE', #4495, #7990, #3491, .T. ) ;
#2888 = CARTESIAN_POINT ( 'NONE',  ( -1.124999999999999778, 0.1499999999999999944, 1.650000000000000577 ) ) ;
#2889 = ORIENTED_EDGE ( 'NONE', *, *, #4699, .F. ) ;
#2890 = DIRECTION ( 'NONE',  ( 0.000000000000000000, -1.000000000000000000, 0.000000000000000000 ) ) ;
#2891 = CARTESIAN_POINT ( 'NONE',  ( -1.649999999999999023, 0.000000000000000000, -0.9749999999999999778 ) ) ;
#2892 = AXIS2_PLACEMENT_3D ( 'NONE', #7846, #5716, #5620 ) ;
#2893 = LINE ( 'NONE', #6451, #5260 ) ;
#2894 = EDGE_CURVE ( 'NONE', #4883, #9576, #9630, .T. ) ;
#2895 = DIRECTION ( 'NONE',  ( 0.000000000000000000, 0.000000000000000000, 1.000000000000000000 ) ) ;
#2896 = CARTESIAN_POINT ( 'NONE',  ( -0.8249999999999992895, 0.1500000000000008271, 1.999999999999999556 ) ) ;
#2897 = VECTOR ( 'NONE', #3476, 1000.000000000000000 ) ;
#2898 = CIRCLE ( 'NONE', #7940, 0.1000000000000000472 ) ;
#2899 = CARTESIAN_POINT ( 'NONE',  ( -0.8250000000000006217, 0.1499999999999999667, -1.999999999999999556 ) ) ;
#2900 = ORIENTED_EDGE ( 'NONE', *, *, #9475, .F. ) ;
#2901 = VECTOR ( 'NONE', #5668, 1000.000000000000000 ) ;
#2902 = DIRECTION ( 'NONE',  ( 0.000000000000000000, 0.000000000000000000, 1.000000000000000000 ) ) ;
#2903 = CLOSED_SHELL ( 'NONE', ( #3485, #8502, #4201, #9528, #5660, #9686 ) ) ;
#2904 = ORIENTED_EDGE ( 'NONE', *, *, #7159, .F. ) ;
#2905 = VECTOR ( 'NONE', #2317, 1000.000000000000000 ) ;
#2906 = EDGE_CURVE ( 'NONE', #6109, #1780, #2793, .T. ) ;
#2907 = CARTESIAN_POINT ( 'NONE',  ( -0.8249999999999992895, 0.1499999999999999944, 1.925000000000000933 ) ) ;
#2908 = PLANE ( 'NONE',  #447 ) ;
#2909 = DIRECTION ( 'NONE',  ( 1.000000000000000000, 0.000000000000000000, 0.000000000000000000 ) ) ;
#2910 = CARTESIAN_POINT ( 'NONE',  ( -0.9749999999999997558, 0.1499999999999999944, 1.650000000000000799 ) ) ;
#2911 = EDGE_CURVE ( 'NONE', #7023, #3200, #4370, .T. ) ;
#2912 = ORIENTED_EDGE ( 'NONE', *, *, #1177, .T. ) ;
#2913 = FILL_AREA_STYLE ('',( #608 ) ) ;
#2914 = ORIENTED_EDGE ( 'NONE', *, *, #8886, .T. ) ;
#2915 = VECTOR ( 'NONE', #9680, 1000.000000000000000 ) ;
#2916 = ORIENTED_EDGE ( 'NONE', *, *, #635, .F. ) ;
#2917 = VERTEX_POINT ( 'NONE', #9681 ) ;
#2918 = ORIENTED_EDGE ( 'NONE', *, *, #4389, .F. ) ;
#2919 = CARTESIAN_POINT ( 'NONE',  ( -1.924999999999999156, 0.6702163011671202764, 0.4750000000000000333 ) ) ;
#2920 = CARTESIAN_POINT ( 'NONE',  ( -1.924999999999999156, 0.000000000000000000, -0.4749999999999999223 ) ) ;
#2921 = DIRECTION ( 'NONE',  ( 0.000000000000000000, 0.000000000000000000, -1.000000000000000000 ) ) ;
#2922 = DIRECTION ( 'NONE',  ( 0.000000000000000000, -0.000000000000000000, -1.000000000000000000 ) ) ;
#2923 = CIRCLE ( 'NONE', #9248, 0.1499999999999999667 ) ;
#2924 = CARTESIAN_POINT ( 'NONE',  ( -1.619058829184419457, 0.08999999999999999667, 1.125000000000017542 ) ) ;
#2925 =( NAMED_UNIT ( * ) PLANE_ANGLE_UNIT ( ) SI_UNIT ( $, .RADIAN. ) );
#2926 = ORIENTED_EDGE ( 'NONE', *, *, #8528, .T. ) ;
#2927 = EDGE_LOOP ( 'NONE', ( #9756, #8641, #5501, #1886 ) ) ;
#2928 = VECTOR ( 'NONE', #3469, 1000.000000000000000 ) ;
#2929 = CARTESIAN_POINT ( 'NONE',  ( 0.8250000000000006217, 0.08999999999999999667, 1.924999999999999600 ) ) ;
#2930 = CARTESIAN_POINT ( 'NONE',  ( 0.1749999999999976297, 0.05000000000000000278, 1.774149009521733381E-15 ) ) ;
#2931 = DIRECTION ( 'NONE',  ( -1.000000000000000000, 0.000000000000000000, 4.937084235490472864E-15 ) ) ;
#2932 = CARTESIAN_POINT ( 'NONE',  ( -0.8249999999999992895, 0.08999999999999999667, 1.999999999999999556 ) ) ;
#2933 = PLANE ( 'NONE',  #3681 ) ;
#2934 = ADVANCED_FACE ( 'NONE', ( #3445 ), #3540, .F. ) ;
#2936 = LINE ( 'NONE', #683, #5878 ) ;
#2935 = LINE ( 'NONE', #6740, #585 ) ;
#2937 = ORIENTED_EDGE ( 'NONE', *, *, #8810, .F. ) ;
#2938 = EDGE_LOOP ( 'NONE', ( #2900, #472, #3803, #5989 ) ) ;
#2939 = VECTOR ( 'NONE', #2511, 1000.000000000000000 ) ;
#2940 = CARTESIAN_POINT ( 'NONE',  ( 1.300000000000000044, 0.05000000000000000278, -1.925000000000000933 ) ) ;
#2941 = VECTOR ( 'NONE', #2168, 1000.000000000000000 ) ;
#2942 = LINE ( 'NONE', #1427, #3220 ) ;
#2943 = EDGE_LOOP ( 'NONE', ( #8366, #8434, #808, #4955 ) ) ;
#2944 = CIRCLE ( 'NONE', #4816, 0.1499999999999999667 ) ;
#2945 = DIRECTION ( 'NONE',  ( 0.000000000000000000, 0.000000000000000000, 1.000000000000000000 ) ) ;
#2946 = LINE ( 'NONE', #1430, #5028 ) ;
#2947 = FACE_OUTER_BOUND ( 'NONE', #3595, .T. ) ;
#2948 = EDGE_CURVE ( 'NONE', #736, #8191, #1237, .T. ) ;
#2949 = PLANE ( 'NONE',  #6348 ) ;
#2950 = AXIS2_PLACEMENT_3D ( 'NONE', #429, #6476, #105 ) ;
#2951 = CARTESIAN_POINT ( 'NONE',  ( -0.8249999999999997335, 0.1499999999999999944, -1.650000000000000577 ) ) ;
#2952 = EDGE_CURVE ( 'NONE', #8711, #5190, #5150, .T. ) ;
#2953 = VERTEX_POINT ( 'NONE', #7201 ) ;
#2954 = CARTESIAN_POINT ( 'NONE',  ( -1.925000000000005373, 0.1499999999999999667, -0.4749999999999791056 ) ) ;
#2955 = EDGE_CURVE ( 'NONE', #141, #7823, #2047, .T. ) ;
#2956 = ORIENTED_EDGE ( 'NONE', *, *, #9435, .T. ) ;
#2957 = VECTOR ( 'NONE', #3443, 1000.000000000000000 ) ;
#2958 = VERTEX_POINT ( 'NONE', #8173 ) ;
#2959 = LINE ( 'NONE', #9593, #2639 ) ;
#2960 = CARTESIAN_POINT ( 'NONE',  ( -0.8249999999999992895, 0.1499999999999999667, 1.619058829184431225 ) ) ;
#2961 = EDGE_CURVE ( 'NONE', #8387, #1150, #4277, .T. ) ;
#2962 = LINE ( 'NONE', #15, #2042 ) ;
#2963 = CARTESIAN_POINT ( 'NONE',  ( -0.4749999999999993117, 0.1499999999999999944, 1.925000000000001377 ) ) ;
#2964 = ORIENTED_EDGE ( 'NONE', *, *, #5484, .F. ) ;
#2965 = CARTESIAN_POINT ( 'NONE',  ( 0.4750000000000001443, 0.1499999999999999944, -1.650000000000000577 ) ) ;
#2966 = VECTOR ( 'NONE', #7283, 1000.000000000000000 ) ;
#2967 = VERTEX_POINT ( 'NONE', #8128 ) ;
#2968 = VERTEX_POINT ( 'NONE', #5011 ) ;
#2969 = VERTEX_POINT ( 'NONE', #8877 ) ;
#2970 = EDGE_CURVE ( 'NONE', #4486, #1910, #2090, .T. ) ;
#2971 = CARTESIAN_POINT ( 'NONE',  ( 1.924999999999999156, 0.6702163011671202764, -0.4749999999999999223 ) ) ;
#2972 =( LENGTH_UNIT ( ) NAMED_UNIT ( * ) SI_UNIT ( .MILLI., .METRE. ) );
#2973 = DIRECTION ( 'NONE',  ( 0.000000000000000000, 0.000000000000000000, -1.000000000000000000 ) ) ;
#2974 = CARTESIAN_POINT ( 'NONE',  ( -1.124999999999999334, 0.1499999999999999944, 1.925000000000001377 ) ) ;
#2975 = ORIENTED_EDGE ( 'NONE', *, *, #2640, .T. ) ;
#2976 = VERTEX_POINT ( 'NONE', #8733 ) ;
#2977 = ORIENTED_EDGE ( 'NONE', *, *, #633, .T. ) ;
#2978 = CARTESIAN_POINT ( 'NONE',  ( -0.8249999999999997335, 0.000000000000000000, -1.925000000000000933 ) ) ;
#2979 = CARTESIAN_POINT ( 'NONE',  ( 0.9750000000000001998, 0.000000000000000000, 1.650000000000000799 ) ) ;
#2980 = CARTESIAN_POINT ( 'NONE',  ( -1.599999999999999201, 1.500000000000000000, -1.433333333333334014 ) ) ;
#2981 = FILL_AREA_STYLE ('',( #680 ) ) ;
#2982 = DIRECTION ( 'NONE',  ( 0.000000000000000000, -1.000000000000000000, 0.000000000000000000 ) ) ;
#2984 = CARTESIAN_POINT ( 'NONE',  ( 2.000000000000003553, 0.1499999999999999667, 1.124999999999992228 ) ) ;
#2983 = LINE ( 'NONE', #8788, #2817 ) ;
#2985 = ORIENTED_EDGE ( 'NONE', *, *, #1254, .F. ) ;
#2986 = VERTEX_POINT ( 'NONE', #6452 ) ;
#2987 = CARTESIAN_POINT ( 'NONE',  ( 1.125000000000000222, 0.1499999999999999944, -1.925000000000000933 ) ) ;
#2988 = MECHANICAL_DESIGN_GEOMETRIC_PRESENTATION_REPRESENTATION (  '', ( #2671 ), #8674 ) ;
#2989 = AXIS2_PLACEMENT_3D ( 'NONE', #9426, #1821, #2634 ) ;
#2990 = SURFACE_STYLE_USAGE ( .BOTH. , #6698 ) ;
#2991 = ORIENTED_EDGE ( 'NONE', *, *, #6588, .T. ) ;
#2992 = LINE ( 'NONE', #2, #8744 ) ;
#2993 = CARTESIAN_POINT ( 'NONE',  ( 1.649999999999999023, 0.1499999999999999667, 0.3250000000000000111 ) ) ;
#2994 = DIRECTION ( 'NONE',  ( -0.000000000000000000, -1.000000000000000000, 0.000000000000000000 ) ) ;
#2995 = CIRCLE ( 'NONE', #1856, 0.1000000000000000472 ) ;
#2996 = CARTESIAN_POINT ( 'NONE',  ( 0.4749999999999993117, 0.1499999999999999667, -1.619058829184431225 ) ) ;
#2997 = VECTOR ( 'NONE', #8285, 1000.000000000000000 ) ;
#2998 = EDGE_CURVE ( 'NONE', #6253, #2859, #8029, .T. ) ;
#2999 = CARTESIAN_POINT ( 'NONE',  ( 1.924999999999999156, 0.1499999999999999667, 0.1749999999999999611 ) ) ;
#3000 = VECTOR ( 'NONE', #3, 1000.000000000000000 ) ;
#3001 = ORIENTED_EDGE ( 'NONE', *, *, #2461, .F. ) ;
#3002 = EDGE_CURVE ( 'NONE', #3337, #5691, #5699, .T. ) ;
#3003 = DIRECTION ( 'NONE',  ( 1.000000000000000000, 0.000000000000000000, -1.084202172485504434E-16 ) ) ;
#3004 = ORIENTED_EDGE ( 'NONE', *, *, #7584, .T. ) ;
#3005 = ORIENTED_EDGE ( 'NONE', *, *, #4389, .T. ) ;
#3006 = DIRECTION ( 'NONE',  ( 1.000000000000000000, 0.000000000000000000, -3.942553354492742545E-16 ) ) ;
#3007 = LINE ( 'NONE', #4669, #5502 ) ;
#3008 =( LENGTH_UNIT ( ) NAMED_UNIT ( * ) SI_UNIT ( .MILLI., .METRE. ) );
#3009 = CARTESIAN_POINT ( 'NONE',  ( 1.925000000000003819, 0.08999999999999999667, 0.8249999999999926281 ) ) ;
#3010 = ORIENTED_EDGE ( 'NONE', *, *, #1367, .F. ) ;
#3011 = LINE ( 'NONE', #3650, #6849 ) ;
#3012 = ORIENTED_EDGE ( 'NONE', *, *, #4415, .F. ) ;
#3013 = VERTEX_POINT ( 'NONE', #7243 ) ;
#3014 = VERTEX_POINT ( 'NONE', #457 ) ;
#3015 = ADVANCED_FACE ( 'NONE', ( #6499 ), #8222, .F. ) ;
#3016 = CARTESIAN_POINT ( 'NONE',  ( 1.999999999999999556, 0.000000000000000000, -6.982962677686265133E-15 ) ) ;
#3017 = CARTESIAN_POINT ( 'NONE',  ( -0.8249999999999997335, 0.000000000000000000, -1.925000000000000933 ) ) ;
#3018 = CYLINDRICAL_SURFACE ( 'NONE', #5815, 0.1499999999999999667 ) ;
#3019 = DIRECTION ( 'NONE',  ( 1.047444401652940007E-14, 0.000000000000000000, 1.000000000000000000 ) ) ;
#3020 = PRESENTATION_STYLE_ASSIGNMENT (( #3661 ) ) ;
#3021 = EDGE_LOOP ( 'NONE', ( #2079, #79, #3448, #6905 ) ) ;
#3022 = ADVANCED_FACE ( 'NONE', ( #743 ), #5199, .T. ) ;
#3023 = ORIENTED_EDGE ( 'NONE', *, *, #6892, .F. ) ;
#3024 = VERTEX_POINT ( 'NONE', #8375 ) ;
#3025 = EDGE_CURVE ( 'NONE', #5292, #4764, #9134, .T. ) ;
#3026 = CARTESIAN_POINT ( 'NONE',  ( -1.100000000000000089, 0.05000000000000012768, -1.100000000000000089 ) ) ;
#3027 = CARTESIAN_POINT ( 'NONE',  ( 0.1750000000000002387, 0.1499999999999999667, -1.650000000000000577 ) ) ;
#3028 = DIRECTION ( 'NONE',  ( 1.047444401652940007E-14, 0.000000000000000000, 1.000000000000000000 ) ) ;
#3030 = DIRECTION ( 'NONE',  ( 0.000000000000000000, -1.000000000000000000, 0.000000000000000000 ) ) ;
#3029 = DIRECTION ( 'NONE',  ( 1.000000000000000000, 0.000000000000000000, -3.491481338843133355E-15 ) ) ;
#3031 = VERTEX_POINT ( 'NONE', #7630 ) ;
#3032 = ORIENTED_EDGE ( 'NONE', *, *, #2998, .T. ) ;
#3033 = EDGE_CURVE ( 'NONE', #5512, #1838, #3886, .T. ) ;
#3034 = DIRECTION ( 'NONE',  ( 1.000000000000000000, 0.000000000000000000, -1.445602896647339706E-15 ) ) ;
#3035 = DIRECTION ( 'NONE',  ( 0.000000000000000000, -1.000000000000000000, 0.000000000000000000 ) ) ;
#3036 = DIRECTION ( 'NONE',  ( 0.000000000000000000, 1.000000000000000000, 0.000000000000000000 ) ) ;
#3037 = CARTESIAN_POINT ( 'NONE',  ( -1.924999999999999156, 0.000000000000000000, 0.4750000000000000333 ) ) ;
#3038 = CARTESIAN_POINT ( 'NONE',  ( -0.1750000000000006828, 0.08999999999999999667, -1.999999999999999556 ) ) ;
#3039 = PLANE ( 'NONE',  #7609 ) ;
#3040 = VECTOR ( 'NONE', #1580, 1000.000000000000000 ) ;
#3041 = AXIS2_PLACEMENT_3D ( 'NONE', #2039, #5795, #4508 ) ;
#3042 = FACE_OUTER_BOUND ( 'NONE', #5264, .T. ) ;
#3043 = VECTOR ( 'NONE', #2694, 1000.000000000000000 ) ;
#3044 = EDGE_LOOP ( 'NONE', ( #2313, #5247, #21, #1312, #8213, #6875 ) ) ;
#3045 = DIRECTION ( 'NONE',  ( 0.000000000000000000, -1.000000000000000000, 0.000000000000000000 ) ) ;
#3046 = ORIENTED_EDGE ( 'NONE', *, *, #470, .F. ) ;
#3047 = VECTOR ( 'NONE', #1749, 1000.000000000000000 ) ;
#3048 = EDGE_CURVE ( 'NONE', #6920, #7090, #5390, .T. ) ;
#3049 = VERTEX_POINT ( 'NONE', #5 ) ;
#3050 = DIRECTION ( 'NONE',  ( 0.000000000000000000, 1.000000000000000000, 0.000000000000000000 ) ) ;
#3051 = AXIS2_PLACEMENT_3D ( 'NONE', #9531, #4124, #3488 ) ;
#3052 = LINE ( 'NONE', #2202, #3303 ) ;
#3053 = VECTOR ( 'NONE', #1384, 1000.000000000000000 ) ;
#3054 = LINE ( 'NONE', #853, #9750 ) ;
#3055 = EDGE_CURVE ( 'NONE', #6001, #1202, #4563, .T. ) ;
#3056 = ORIENTED_EDGE ( 'NONE', *, *, #8068, .T. ) ;
#3057 = DIRECTION ( 'NONE',  ( -0.000000000000000000, -1.000000000000000000, -0.000000000000000000 ) ) ;
#3058 = CLOSED_SHELL ( 'NONE', ( #7360, #3089, #7195, #8139, #9179, #7911 ) ) ;
#3059 = VERTEX_POINT ( 'NONE', #6045 ) ;
#3060 = SURFACE_STYLE_FILL_AREA ( #1503 ) ;
#3061 = ORIENTED_EDGE ( 'NONE', *, *, #1585, .F. ) ;
#3062 = VECTOR ( 'NONE', #7967, 1000.000000000000000 ) ;
#3063 = ORIENTED_EDGE ( 'NONE', *, *, #7696, .T. ) ;
#3064 = AXIS2_PLACEMENT_3D ( 'NONE', #8206, #3719, #4447 ) ;
#3065 = EDGE_CURVE ( 'NONE', #2986, #924, #5252, .T. ) ;
#3066 = DIRECTION ( 'NONE',  ( -0.000000000000000000, 0.000000000000000000, 1.000000000000000000 ) ) ;
#3067 = DIRECTION ( 'NONE',  ( 0.000000000000000000, 0.000000000000000000, -1.000000000000000000 ) ) ;
#3068 = FACE_BOUND ( 'NONE', #2161, .T. ) ;
#3069 = DIRECTION ( 'NONE',  ( 0.000000000000000000, -0.000000000000000000, -1.000000000000000000 ) ) ;
#3070 = EDGE_CURVE ( 'NONE', #3254, #1119, #108, .T. ) ;
#3071 = AXIS2_PLACEMENT_3D ( 'NONE', #6164, #126, #7698 ) ;
#3072 = CARTESIAN_POINT ( 'NONE',  ( -0.1750000000000006828, 0.1499999999999999667, -1.619058829184431225 ) ) ;
#3073 = VERTEX_POINT ( 'NONE', #7435 ) ;
#3074 = ORIENTED_EDGE ( 'NONE', *, *, #3550, .F. ) ;
#3075 = EDGE_CURVE ( 'NONE', #6372, #8991, #5951, .T. ) ;
#3076 = ORIENTED_EDGE ( 'NONE', *, *, #9611, .F. ) ;
#3077 = ADVANCED_FACE ( 'NONE', ( #9031 ), #5998, .T. ) ;
#3078 = ADVANCED_FACE ( 'NONE', ( #4421, #2238, #8275, #6704, #641 ), #3039, .F. ) ;
#3079 = DIRECTION ( 'NONE',  ( 0.000000000000000000, 0.000000000000000000, -1.000000000000000000 ) ) ;
#3080 = CARTESIAN_POINT ( 'NONE',  ( -1.100000000000000089, 0.05000000000000000278, -1.200000000000000178 ) ) ;
#3081 = DIRECTION ( 'NONE',  ( -1.000000000000000000, 0.000000000000000000, 1.445602896647339706E-15 ) ) ;
#3083 = CARTESIAN_POINT ( 'NONE',  ( -1.999999999999997780, 0.1499999999999999667, 0.1750000000000216382 ) ) ;
#3082 = DIRECTION ( 'NONE',  ( 1.000000000000000000, 0.000000000000000000, -3.942553354492742052E-16 ) ) ;
#3084 = ORIENTED_EDGE ( 'NONE', *, *, #5526, .F. ) ;
#3085 = CARTESIAN_POINT ( 'NONE',  ( -0.4749999999999993117, 0.08999999999999999667, 1.925000000000000488 ) ) ;
#3086 = ORIENTED_EDGE ( 'NONE', *, *, #8520, .F. ) ;
#3087 = PLANE ( 'NONE',  #6664 ) ;
#3088 = CIRCLE ( 'NONE', #90, 0.1499999999999999667 ) ;
#3089 = ADVANCED_FACE ( 'NONE', ( #5302 ), #2949, .F. ) ;
#3090 = ADVANCED_FACE ( 'NONE', ( #8984 ), #1432, .T. ) ;
#3091 = DIRECTION ( 'NONE',  ( 0.000000000000000000, -1.000000000000000000, 0.000000000000000000 ) ) ;
#3092 = FACE_OUTER_BOUND ( 'NONE', #6360, .T. ) ;
#3093 = CARTESIAN_POINT ( 'NONE',  ( 1.124999999999999334, 0.08999999999999999667, -1.999999999999999556 ) ) ;
#3094 = DIRECTION ( 'NONE',  ( 0.000000000000000000, -1.000000000000000000, -0.000000000000000000 ) ) ;
#3095 = DIRECTION ( 'NONE',  ( 0.000000000000000000, 1.000000000000000000, 0.000000000000000000 ) ) ;
#3096 = AXIS2_PLACEMENT_3D ( 'NONE', #8509, #4054, #2525 ) ;
#3097 = LINE ( 'NONE', #9183, #7448 ) ;
#3098 = ORIENTED_EDGE ( 'NONE', *, *, #7477, .F. ) ;
#3099 = DIRECTION ( 'NONE',  ( 0.000000000000000000, 0.000000000000000000, 1.000000000000000000 ) ) ;
#3100 = ORIENTED_EDGE ( 'NONE', *, *, #9078, .T. ) ;
#3101 = VECTOR ( 'NONE', #7845, 1000.000000000000000 ) ;
#3102 = ORIENTED_EDGE ( 'NONE', *, *, #3002, .F. ) ;
#3103 = CARTESIAN_POINT ( 'NONE',  ( -1.649999999999999023, 0.6702163011671202764, -0.3250000000000000111 ) ) ;
#3104 = DIRECTION ( 'NONE',  ( 1.000000000000000000, 0.000000000000000000, -0.000000000000000000 ) ) ;
#3105 = SURFACE_STYLE_FILL_AREA ( #7591 ) ;
#3106 = FACE_OUTER_BOUND ( 'NONE', #4186, .T. ) ;
#3107 = ORIENTED_EDGE ( 'NONE', *, *, #4649, .F. ) ;
#3108 = VECTOR ( 'NONE', #7203, 1000.000000000000000 ) ;
#3109 = LINE ( 'NONE', #9245, #3851 ) ;
#3110 = EDGE_LOOP ( 'NONE', ( #7743, #9522, #9380, #7223, #494, #7919 ) ) ;
#3111 = VERTEX_POINT ( 'NONE', #9785 ) ;
#3112 = ORIENTED_EDGE ( 'NONE', *, *, #8031, .F. ) ;
#3113 = EDGE_CURVE ( 'NONE', #3059, #5793, #3834, .T. ) ;
#3114 = CARTESIAN_POINT ( 'NONE',  ( 1.649999999999999023, 0.1499999999999999667, -0.3250000000000000111 ) ) ;
#3115 = LINE ( 'NONE', #3809, #3618 ) ;
#3116 = DIRECTION ( 'NONE',  ( 0.000000000000000000, -1.000000000000000000, 0.000000000000000000 ) ) ;
#3117 = CIRCLE ( 'NONE', #4522, 0.1499999999999999667 ) ;
#3118 = CARTESIAN_POINT ( 'NONE',  ( 1.099999999999999867, 0.000000000000000000, 1.200000000000000178 ) ) ;
#3119 = EDGE_LOOP ( 'NONE', ( #6742, #5224, #6747, #4750 ) ) ;
#3120 = VERTEX_POINT ( 'NONE', #2334 ) ;
#3121 = ORIENTED_EDGE ( 'NONE', *, *, #3615, .F. ) ;
#3122 = EDGE_CURVE ( 'NONE', #915, #5888, #1778, .T. ) ;
#3123 = ADVANCED_FACE ( 'NONE', ( #6393 ), #8476, .T. ) ;
#3124 = CARTESIAN_POINT ( 'NONE',  ( -1.924999999999994049, 0.1499999999999999667, 0.4750000000000207390 ) ) ;
#3125 = DIRECTION ( 'NONE',  ( -1.000000000000000000, 0.000000000000000000, -0.000000000000000000 ) ) ;
#3126 = SURFACE_STYLE_USAGE ( .BOTH. , #5938 ) ;
#3127 = DIRECTION ( 'NONE',  ( 0.000000000000000000, 1.000000000000000000, 0.000000000000000000 ) ) ;
#3128 = EDGE_CURVE ( 'NONE', #685, #1404, #1634, .T. ) ;
#3129 = PLANE ( 'NONE',  #3207 ) ;
#3130 = ORIENTED_EDGE ( 'NONE', *, *, #3075, .T. ) ;
#3131 = CARTESIAN_POINT ( 'NONE',  ( 0.3250000000000001776, 0.6702163011671209425, 1.500000000000000888 ) ) ;
#3132 = VERTEX_POINT ( 'NONE', #980 ) ;
#3133 = DIRECTION ( 'NONE',  ( 0.000000000000000000, 0.000000000000000000, -1.000000000000000000 ) ) ;
#3134 = PRESENTATION_STYLE_ASSIGNMENT (( #6136 ) ) ;
#3136 =( LENGTH_UNIT ( ) NAMED_UNIT ( * ) SI_UNIT ( .MILLI., .METRE. ) );
#3135 = CARTESIAN_POINT ( 'NONE',  ( -0.9749999999999997558, 0.1499999999999999944, 1.650000000000000799 ) ) ;
#3137 = FACE_OUTER_BOUND ( 'NONE', #8966, .T. ) ;
#3138 = CARTESIAN_POINT ( 'NONE',  ( 0.3250000000000001776, 0.1499999999999999944, -1.650000000000000799 ) ) ;
#3139 = ADVANCED_FACE ( 'NONE', ( #4661 ), #1030, .F. ) ;
#3140 = EDGE_CURVE ( 'NONE', #4022, #2976, #6944, .T. ) ;
#3141 = CARTESIAN_POINT ( 'NONE',  ( -1.924999999999999156, 0.1499999999999999667, -0.1749999999999999056 ) ) ;
#3142 = COLOUR_RGB ( '',0.7921568627450980005, 0.8196078431372548767, 0.9333333333333333481 ) ;
#3143 = DIRECTION ( 'NONE',  ( 0.000000000000000000, 0.000000000000000000, -1.000000000000000000 ) ) ;
#3144 = EDGE_LOOP ( 'NONE', ( #2977, #3710, #9209, #4228, #6263, #1674 ) ) ;
#3145 = FACE_OUTER_BOUND ( 'NONE', #9661, .T. ) ;
#3146 = VERTEX_POINT ( 'NONE', #1683 ) ;
#3147 = ORIENTED_EDGE ( 'NONE', *, *, #7036, .T. ) ;
#3148 = CARTESIAN_POINT ( 'NONE',  ( -1.924999999999999156, 0.000000000000000000, 1.125000000000000222 ) ) ;
#3149 = FACE_OUTER_BOUND ( 'NONE', #2457, .T. ) ;
#3150 = CARTESIAN_POINT ( 'NONE',  ( -0.9749999999999997558, 0.04999999999999999584, 1.650000000000000799 ) ) ;
#3151 = PRODUCT_DEFINITION_SHAPE ( 'NONE', 'NONE',  #5727 ) ;
#3152 = DIRECTION ( 'NONE',  ( -0.000000000000000000, -1.000000000000000000, -0.000000000000000000 ) ) ;
#3153 = CIRCLE ( 'NONE', #7255, 0.1499999999999999667 ) ;
#3154 = ORIENTED_EDGE ( 'NONE', *, *, #9485, .T. ) ;
#3155 = VERTEX_POINT ( 'NONE', #4065 ) ;
#3156 = PRESENTATION_LAYER_ASSIGNMENT (  '', '', ( #3946 ) ) ;
#3157 = ORIENTED_EDGE ( 'NONE', *, *, #2453, .T. ) ;
#3158 = ORIENTED_EDGE ( 'NONE', *, *, #9788, .T. ) ;
#3159 = PLANE ( 'NONE',  #4059 ) ;
#3160 = CARTESIAN_POINT ( 'NONE',  ( 1.924999999999999156, 0.05000000000000000278, 0.1750000000000000167 ) ) ;
#3161 = DIRECTION ( 'NONE',  ( -0.000000000000000000, -1.000000000000000000, -0.000000000000000000 ) ) ;
#3162 = DIRECTION ( 'NONE',  ( 0.000000000000000000, -1.000000000000000000, 0.000000000000000000 ) ) ;
#3163 =( LENGTH_UNIT ( ) NAMED_UNIT ( * ) SI_UNIT ( .MILLI., .METRE. ) );
#3164 = ORIENTED_EDGE ( 'NONE', *, *, #1134, .T. ) ;
#3165 = ORIENTED_EDGE ( 'NONE', *, *, #710, .F. ) ;
#3166 = ORIENTED_EDGE ( 'NONE', *, *, #5157, .T. ) ;
#3167 = CARTESIAN_POINT ( 'NONE',  ( -1.124999999999999778, 0.1499999999999999944, -1.925000000000000933 ) ) ;
#3168 = EDGE_CURVE ( 'NONE', #7263, #5168, #7868, .T. ) ;
#3169 = CARTESIAN_POINT ( 'NONE',  ( 0.1750000000000006828, 0.1499999999999999667, 1.999999999999999556 ) ) ;
#3170 = FACE_OUTER_BOUND ( 'NONE', #913, .T. ) ;
#3171 = DIRECTION ( 'NONE',  ( 1.000000000000000000, 0.000000000000000000, 0.000000000000000000 ) ) ;
#3172 = CARTESIAN_POINT ( 'NONE',  ( -1.649999999999999023, 0.6702163011671204984, 0.8249999999999999556 ) ) ;
#3173 = VERTEX_POINT ( 'NONE', #2586 ) ;
#3174 = CARTESIAN_POINT ( 'NONE',  ( -1.924999999999999156, 0.1499999999999999667, -0.4749999999999999223 ) ) ;
#3175 = ORIENTED_EDGE ( 'NONE', *, *, #9726, .T. ) ;
#3176 = ADVANCED_FACE ( 'NONE', ( #5593 ), #9281, .T. ) ;
#3177 = CARTESIAN_POINT ( 'NONE',  ( 1.125000000000000666, 0.08999999999999999667, 1.924999999999999600 ) ) ;
#3178 = FILL_AREA_STYLE_COLOUR ( '', #3895 ) ;
#3179 = DIRECTION ( 'NONE',  ( 0.000000000000000000, 0.000000000000000000, -1.000000000000000000 ) ) ;
#3180 = CARTESIAN_POINT ( 'NONE',  ( -1.924999999999999156, 0.6702163011671202764, 1.125000000000000222 ) ) ;
#3181 = LINE ( 'NONE', #6188, #5819 ) ;
#3182 = EDGE_CURVE ( 'NONE', #2174, #7557, #3973, .T. ) ;
#3183 = DIRECTION ( 'NONE',  ( -1.000000000000000000, 0.000000000000000000, 0.000000000000000000 ) ) ;
#3184 = ADVANCED_FACE ( 'NONE', ( #5642 ), #7042, .T. ) ;
#3185 = CARTESIAN_POINT ( 'NONE',  ( -1.999999999999988010, 0.08999999999999999667, 1.125000000000021538 ) ) ;
#3186 = ORIENTED_EDGE ( 'NONE', *, *, #5635, .T. ) ;
#3187 = DIRECTION ( 'NONE',  ( -1.000000000000000000, 0.000000000000000000, 1.445602896647339706E-15 ) ) ;
#3188 = ORIENTED_EDGE ( 'NONE', *, *, #9347, .F. ) ;
#3189 = LINE ( 'NONE', #896, #9728 ) ;
#3190 = EDGE_CURVE ( 'NONE', #2210, #4320, #8572, .T. ) ;
#3191 = EDGE_CURVE ( 'NONE', #6759, #3954, #154, .T. ) ;
#3192 = ORIENTED_EDGE ( 'NONE', *, *, #4984, .F. ) ;
#3193 = CARTESIAN_POINT ( 'NONE',  ( -1.924999999999987832, 0.08999999999999999667, 1.125000000000020650 ) ) ;
#3194 = AXIS2_PLACEMENT_3D ( 'NONE', #3931, #156, #6801 ) ;
#3195 = VECTOR ( 'NONE', #8998, 1000.000000000000000 ) ;
#3196 = LINE ( 'NONE', #1043, #1551 ) ;
#3197 = PRESENTATION_STYLE_ASSIGNMENT (( #6406 ) ) ;
#3198 = CARTESIAN_POINT ( 'NONE',  ( -1.649999999999999023, 0.000000000000000000, -0.8249999999999999556 ) ) ;
#3199 = AXIS2_PLACEMENT_3D ( 'NONE', #5887, #7617, #2130 ) ;
#3200 = VERTEX_POINT ( 'NONE', #204 ) ;
#3201 =( LENGTH_UNIT ( ) NAMED_UNIT ( * ) SI_UNIT ( .MILLI., .METRE. ) );
#3202 = ORIENTED_EDGE ( 'NONE', *, *, #5003, .T. ) ;
#3203 = COLOUR_RGB ( '',0.7921568627450980005, 0.8196078431372548767, 0.9333333333333333481 ) ;
#3204 = ORIENTED_EDGE ( 'NONE', *, *, #9504, .T. ) ;
#3205 = ORIENTED_EDGE ( 'NONE', *, *, #4385, .F. ) ;
#3206 = EDGE_CURVE ( 'NONE', #3302, #9765, #8241, .T. ) ;
#3207 = AXIS2_PLACEMENT_3D ( 'NONE', #5479, #6928, #966 ) ;
#3208 = VECTOR ( 'NONE', #6940, 1000.000000000000000 ) ;
#3209 = CARTESIAN_POINT ( 'NONE',  ( 1.125000000000000222, 0.000000000000000000, -1.925000000000000933 ) ) ;
#3210 = EDGE_CURVE ( 'NONE', #9690, #7834, #8622, .T. ) ;
#3211 = FACE_OUTER_BOUND ( 'NONE', #8493, .T. ) ;
#3212 = CARTESIAN_POINT ( 'NONE',  ( 1.924999999999999156, 0.6702163011671202764, 0.4750000000000000333 ) ) ;
#3213 = FACE_OUTER_BOUND ( 'NONE', #9000, .T. ) ;
#3214 = DIRECTION ( 'NONE',  ( 0.000000000000000000, -1.000000000000000000, 0.000000000000000000 ) ) ;
#3215 = ORIENTED_EDGE ( 'NONE', *, *, #8377, .T. ) ;
#3216 = VECTOR ( 'NONE', #3585, 1000.000000000000000 ) ;
#3217 = CIRCLE ( 'NONE', #5254, 0.1499999999999999667 ) ;
#3218 = VERTEX_POINT ( 'NONE', #7136 ) ;
#3219 = EDGE_LOOP ( 'NONE', ( #4331, #6421, #3107, #5561 ) ) ;
#3220 = VECTOR ( 'NONE', #58, 1000.000000000000000 ) ;
#3221 = CLOSED_SHELL ( 'NONE', ( #3977, #343, #222, #5097, #1854, #2035 ) ) ;
#3222 = CARTESIAN_POINT ( 'NONE',  ( 1.619058829184435222, 0.08999999999999999667, 1.124999999999993561 ) ) ;
#3223 = VECTOR ( 'NONE', #3950, 1000.000000000000000 ) ;
#3224 = CARTESIAN_POINT ( 'NONE',  ( -2.000000000000011102, 0.1499999999999999667, -1.124999999999978240 ) ) ;
#3225 = SURFACE_SIDE_STYLE ('',( #4693 ) ) ;
#3226 = DIRECTION ( 'NONE',  ( -1.807003620809174385E-16, 0.000000000000000000, 1.000000000000000000 ) ) ;
#3227 = CARTESIAN_POINT ( 'NONE',  ( -1.649999999999999023, 0.1499999999999999667, 1.125000000000000000 ) ) ;
#3228 = ORIENTED_EDGE ( 'NONE', *, *, #6803, .T. ) ;
#3229 = CARTESIAN_POINT ( 'NONE',  ( 1.924999999999999156, 0.1499999999999999667, 1.125000000000000222 ) ) ;
#3230 = ORIENTED_EDGE ( 'NONE', *, *, #2708, .T. ) ;
#3231 = LINE ( 'NONE', #6980, #178 ) ;
#3232 = EDGE_CURVE ( 'NONE', #4741, #4268, #6340, .T. ) ;
#3233 = CARTESIAN_POINT ( 'NONE',  ( -1.924999999999999156, 0.1499999999999999667, -0.4749999999999999223 ) ) ;
#3234 = CARTESIAN_POINT ( 'NONE',  ( -3.252606517456514781E-16, 0.05000000000000000278, 1.124999999999999334 ) ) ;
#3235 = FACE_OUTER_BOUND ( 'NONE', #6531, .T. ) ;
#3236 = CARTESIAN_POINT ( 'NONE',  ( -1.124999999999999778, 0.1499999999999999667, 1.650000000000000577 ) ) ;
#3237 = DIRECTION ( 'NONE',  ( 0.000000000000000000, 1.000000000000000000, 0.000000000000000000 ) ) ;
#3238 = ORIENTED_EDGE ( 'NONE', *, *, #2070, .T. ) ;
#3239 = AXIS2_PLACEMENT_3D ( 'NONE', #9636, #5855, #1490 ) ;
#3240 = LINE ( 'NONE', #2591, #6829 ) ;
#3241 = ORIENTED_EDGE ( 'NONE', *, *, #1723, .T. ) ;
#3242 = DIRECTION ( 'NONE',  ( 0.000000000000000000, 1.000000000000000000, 0.000000000000000000 ) ) ;
#3243 = EDGE_CURVE ( 'NONE', #7987, #9012, #2490, .T. ) ;
#3244 = ORIENTED_EDGE ( 'NONE', *, *, #2640, .F. ) ;
#3245 = VECTOR ( 'NONE', #8247, 1000.000000000000000 ) ;
#3246 = FACE_OUTER_BOUND ( 'NONE', #7072, .T. ) ;
#3247 = DIRECTION ( 'NONE',  ( 0.000000000000000000, 0.000000000000000000, 1.000000000000000000 ) ) ;
#3248 = DIRECTION ( 'NONE',  ( 0.000000000000000000, 0.000000000000000000, -1.000000000000000000 ) ) ;
#3249 = EDGE_CURVE ( 'NONE', #8853, #5669, #5491, .T. ) ;
#3250 = ORIENTED_EDGE ( 'NONE', *, *, #3210, .F. ) ;
#3251 = SURFACE_STYLE_FILL_AREA ( #5509 ) ;
#3252 = ORIENTED_EDGE ( 'NONE', *, *, #6343, .T. ) ;
#3253 = VECTOR ( 'NONE', #6205, 1000.000000000000000 ) ;
#3254 = VERTEX_POINT ( 'NONE', #6192 ) ;
#3255 = ORIENTED_EDGE ( 'NONE', *, *, #9745, .T. ) ;
#3256 = AXIS2_PLACEMENT_3D ( 'NONE', #9712, #7412, #2922 ) ;
#3257 = DIRECTION ( 'NONE',  ( 1.577021341797093271E-15, -0.000000000000000000, 1.000000000000000000 ) ) ;
#3258 = DIRECTION ( 'NONE',  ( -0.000000000000000000, -1.000000000000000000, -0.000000000000000000 ) ) ;
#3259 = VECTOR ( 'NONE', #4193, 1000.000000000000000 ) ;
#3260 = CARTESIAN_POINT ( 'NONE',  ( -0.1750000000000006828, 0.08999999999999999667, -1.619058829184431225 ) ) ;
#3261 = LINE ( 'NONE', #4637, #2939 ) ;
#3262 = ADVANCED_FACE ( 'NONE', ( #2438 ), #8116, .T. ) ;
#3263 = PRESENTATION_STYLE_ASSIGNMENT (( #7657 ) ) ;
#3264 = VERTEX_POINT ( 'NONE', #5047 ) ;
#3265 = MECHANICAL_DESIGN_GEOMETRIC_PRESENTATION_REPRESENTATION (  '', ( #4820 ), #1984 ) ;
#3266 = ORIENTED_EDGE ( 'NONE', *, *, #742, .F. ) ;
#3267 = ADVANCED_FACE ( 'NONE', ( #9477 ), #4360, .T. ) ;
#3268 = VERTEX_POINT ( 'NONE', #8065 ) ;
#3269 = AXIS2_PLACEMENT_3D ( 'NONE', #7736, #3050, #941 ) ;
#3270 = DIRECTION ( 'NONE',  ( 1.000000000000000000, 0.000000000000000000, 0.000000000000000000 ) ) ;
#3271 = ADVANCED_FACE ( 'NONE', ( #5840 ), #7377, .F. ) ;
#3272 = PLANE ( 'NONE',  #9805 ) ;
#3273 = FILL_AREA_STYLE_COLOUR ( '', #9809 ) ;
#3274 = CARTESIAN_POINT ( 'NONE',  ( 0.3250000000000001776, 0.04999999999999999584, -1.650000000000000799 ) ) ;
#3275 = DIRECTION ( 'NONE',  ( -1.000000000000000000, -0.000000000000000000, -0.000000000000000000 ) ) ;
#3276 = ORIENTED_EDGE ( 'NONE', *, *, #1313, .T. ) ;
#3277 = DIRECTION ( 'NONE',  ( -1.000000000000000000, 0.000000000000000000, 0.000000000000000000 ) ) ;
#3278 = EDGE_LOOP ( 'NONE', ( #2519, #3422, #6260, #7290 ) ) ;
#3279 = VECTOR ( 'NONE', #9300, 1000.000000000000000 ) ;
#3280 = CARTESIAN_POINT ( 'NONE',  ( 0.9750000000000001998, 0.6702163011671209425, -1.650000000000000799 ) ) ;
#3281 = DIRECTION ( 'NONE',  ( 0.000000000000000000, -0.000000000000000000, 1.000000000000000000 ) ) ;
#3282 = DIRECTION ( 'NONE',  ( 0.000000000000000000, 1.000000000000000000, 0.000000000000000000 ) ) ;
#3283 = DIRECTION ( 'NONE',  ( -0.000000000000000000, -0.000000000000000000, 1.000000000000000000 ) ) ;
#3284 = CARTESIAN_POINT ( 'NONE',  ( -1.925000000000011369, 0.08999999999999999667, -1.124999999999979128 ) ) ;
#3285 = DIRECTION ( 'NONE',  ( 0.000000000000000000, 0.000000000000000000, -1.000000000000000000 ) ) ;
#3286 = ORIENTED_EDGE ( 'NONE', *, *, #196, .T. ) ;
#3287 = VERTEX_POINT ( 'NONE', #4267 ) ;
#3288 = DIRECTION ( 'NONE',  ( 0.000000000000000000, -1.000000000000000000, 0.000000000000000000 ) ) ;
#3289 = ORIENTED_EDGE ( 'NONE', *, *, #7730, .T. ) ;
#3290 = FACE_BOUND ( 'NONE', #1393, .T. ) ;
#3291 = ORIENTED_EDGE ( 'NONE', *, *, #6493, .T. ) ;
#3292 = DIRECTION ( 'NONE',  ( -1.445602896647339706E-15, 0.000000000000000000, -1.000000000000000000 ) ) ;
#3293 = EDGE_CURVE ( 'NONE', #870, #2230, #8823, .T. ) ;
#3294 = CIRCLE ( 'NONE', #4544, 0.1499999999999999667 ) ;
#3295 = LINE ( 'NONE', #7883, #763 ) ;
#3296 = CARTESIAN_POINT ( 'NONE',  ( 0.1750000000000002387, 0.6702163011671209425, -1.650000000000000577 ) ) ;
#3297 = VERTEX_POINT ( 'NONE', #486 ) ;
#3298 = EDGE_CURVE ( 'NONE', #7646, #5559, #5689, .T. ) ;
#3299 = ORIENTED_EDGE ( 'NONE', *, *, #1343, .T. ) ;
#3300 = ORIENTED_EDGE ( 'NONE', *, *, #155, .F. ) ;
#3301 = AXIS2_PLACEMENT_3D ( 'NONE', #4586, #7603, #8397 ) ;
#3302 = VERTEX_POINT ( 'NONE', #442 ) ;
#3303 = VECTOR ( 'NONE', #801, 1000.000000000000000 ) ;
#3304 = CARTESIAN_POINT ( 'NONE',  ( -0.8250000000000006217, 0.08999999999999999667, -1.999999999999999556 ) ) ;
#3305 = AXIS2_PLACEMENT_3D ( 'NONE', #4275, #3685, #6646 ) ;
#3306 = CARTESIAN_POINT ( 'NONE',  ( 1.924999999999999156, 0.05000000000000000278, 0.6500000000000000222 ) ) ;
#3307 = FACE_OUTER_BOUND ( 'NONE', #6331, .T. ) ;
#3308 = LINE ( 'NONE', #6167, #6889 ) ;
#3309 = VECTOR ( 'NONE', #5666, 1000.000000000000000 ) ;
#3310 = FILL_AREA_STYLE ('',( #7702 ) ) ;
#3311 = VERTEX_POINT ( 'NONE', #1874 ) ;
#3312 = VECTOR ( 'NONE', #6648, 1000.000000000000000 ) ;
#3313 = ORIENTED_EDGE ( 'NONE', *, *, #946, .T. ) ;
#3314 = AXIS2_PLACEMENT_3D ( 'NONE', #6076, #5376, #8310 ) ;
#3315 = EDGE_LOOP ( 'NONE', ( #2849, #4613, #1366, #1330 ) ) ;
#3316 = UNCERTAINTY_MEASURE_WITH_UNIT (LENGTH_MEASURE( 1.000000000000000082E-05 ), #1044, 'distance_accuracy_value', 'NONE');
#3317 = EDGE_CURVE ( 'NONE', #1202, #3817, #3528, .T. ) ;
#3318 = AXIS2_PLACEMENT_3D ( 'NONE', #3150, #6155, #2203 ) ;
#3319 = EDGE_CURVE ( 'NONE', #5446, #1107, #3625, .T. ) ;
#3320 = CARTESIAN_POINT ( 'NONE',  ( 1.925000000000002043, 0.1499999999999999667, 0.4749999999999925948 ) ) ;
#3321 = DIRECTION ( 'NONE',  ( -1.000000000000000000, 0.000000000000000000, -1.807003620809174139E-16 ) ) ;
#3322 = DIRECTION ( 'NONE',  ( 0.000000000000000000, 0.000000000000000000, 1.000000000000000000 ) ) ;
#3323 = LINE ( 'NONE', #9359, #7503 ) ;
#3324 = LINE ( 'NONE', #4695, #7933 ) ;
#3325 = EDGE_LOOP ( 'NONE', ( #7369, #4083, #8380, #1403 ) ) ;
#3326 = PRESENTATION_STYLE_ASSIGNMENT (( #292 ) ) ;
#3327 = VERTEX_POINT ( 'NONE', #2032 ) ;
#3328 = FACE_OUTER_BOUND ( 'NONE', #1143, .T. ) ;
#3329 = EDGE_CURVE ( 'NONE', #357, #2302, #9574, .T. ) ;
#3330 =( NAMED_UNIT ( * ) PLANE_ANGLE_UNIT ( ) SI_UNIT ( $, .RADIAN. ) );
#3331 =( NAMED_UNIT ( * ) PLANE_ANGLE_UNIT ( ) SI_UNIT ( $, .RADIAN. ) );
#3332 = CARTESIAN_POINT ( 'NONE',  ( -1.924999999999999156, 0.05000000000000002359, -0.1749999999999999056 ) ) ;
#3333 = PLANE ( 'NONE',  #8514 ) ;
#3334 = DIRECTION ( 'NONE',  ( 0.000000000000000000, -1.000000000000000000, 0.000000000000000000 ) ) ;
#3335 = EDGE_CURVE ( 'NONE', #526, #3815, #2394, .T. ) ;
#3336 = DIRECTION ( 'NONE',  ( -1.000000000000000000, 0.000000000000000000, 3.942553354492742052E-16 ) ) ;
#3337 = VERTEX_POINT ( 'NONE', #9670 ) ;
#3338 = EDGE_LOOP ( 'NONE', ( #3839, #4027, #3299, #6874, #9764, #7108 ) ) ;
#3339 = DIRECTION ( 'NONE',  ( 0.000000000000000000, 0.000000000000000000, -1.000000000000000000 ) ) ;
#3340 = ORIENTED_EDGE ( 'NONE', *, *, #4270, .F. ) ;
#3341 = CARTESIAN_POINT ( 'NONE',  ( 1.924999999999999156, 0.6702163011671202764, -0.8249999999999998446 ) ) ;
#3342 = ORIENTED_EDGE ( 'NONE', *, *, #7472, .T. ) ;
#3343 = CARTESIAN_POINT ( 'NONE',  ( 0.8250000000000006217, 0.1499999999999999667, 1.999999999999999556 ) ) ;
#3344 = LINE ( 'NONE', #6351, #6581 ) ;
#3345 = CARTESIAN_POINT ( 'NONE',  ( 0.8250000000000001776, 0.1499999999999999944, 1.650000000000000577 ) ) ;
#3346 = FACE_OUTER_BOUND ( 'NONE', #5425, .T. ) ;
#3347 = CARTESIAN_POINT ( 'NONE',  ( 0.1749999999999993783, 0.08999999999999999667, -1.999999999999999556 ) ) ;
#3348 = VERTEX_POINT ( 'NONE', #4899 ) ;
#3349 = ORIENTED_EDGE ( 'NONE', *, *, #9740, .F. ) ;
#3350 = LINE ( 'NONE', #3546, #4315 ) ;
#3351 = ORIENTED_EDGE ( 'NONE', *, *, #3379, .T. ) ;
#3352 = VECTOR ( 'NONE', #7526, 1000.000000000000000 ) ;
#3353 = CARTESIAN_POINT ( 'NONE',  ( 2.000000000000001332, 0.08999999999999999667, 0.4749999999999923173 ) ) ;
#3354 = ADVANCED_FACE ( 'NONE', ( #3578 ), #6440, .F. ) ;
#3355 = AXIS2_PLACEMENT_3D ( 'NONE', #7820, #5542, #933 ) ;
#3356 = CARTESIAN_POINT ( 'NONE',  ( -0.4749999999999997558, 0.000000000000000000, -1.925000000000000933 ) ) ;
#3357 = DIRECTION ( 'NONE',  ( 0.000000000000000000, -1.000000000000000000, -0.000000000000000000 ) ) ;
#3358 = PLANE ( 'NONE',  #2464 ) ;
#3359 = ORIENTED_EDGE ( 'NONE', *, *, #4352, .F. ) ;
#3360 = AXIS2_PLACEMENT_3D ( 'NONE', #6900, #5447, #3143 ) ;
#3361 = ORIENTED_EDGE ( 'NONE', *, *, #5844, .T. ) ;
#3362 = AXIS2_PLACEMENT_3D ( 'NONE', #2741, #361, #8025 ) ;
#3363 = ORIENTED_EDGE ( 'NONE', *, *, #5354, .T. ) ;
#3364 = ADVANCED_FACE ( 'NONE', ( #9618 ), #8776, .T. ) ;
#3365 = AXIS2_PLACEMENT_3D ( 'NONE', #7414, #1512, #620 ) ;
#3366 = LINE ( 'NONE', #6376, #7787 ) ;
#3367 = EDGE_CURVE ( 'NONE', #8590, #2665, #2878, .T. ) ;
#3368 = DIRECTION ( 'NONE',  ( 1.577021341797093271E-15, -0.000000000000000000, 1.000000000000000000 ) ) ;
#3369 = FACE_OUTER_BOUND ( 'NONE', #6613, .T. ) ;
#3370 = CARTESIAN_POINT ( 'NONE',  ( -0.4749999999999997558, 0.000000000000000000, 1.650000000000000577 ) ) ;
#3371 = AXIS2_PLACEMENT_3D ( 'NONE', #1528, #4558, #7578 ) ;
#3372 = DIRECTION ( 'NONE',  ( -1.000000000000000000, 0.000000000000000000, -3.942553354492742052E-16 ) ) ;
#3373 = ORIENTED_EDGE ( 'NONE', *, *, #6465, .F. ) ;
#3374 = LINE ( 'NONE', #2528, #1480 ) ;
#3375 = VERTEX_POINT ( 'NONE', #5091 ) ;
#3376 = EDGE_CURVE ( 'NONE', #6603, #1428, #4920, .T. ) ;
#3377 = DIRECTION ( 'NONE',  ( 0.000000000000000000, 1.000000000000000000, 0.000000000000000000 ) ) ;
#3378 = VECTOR ( 'NONE', #3944, 1000.000000000000000 ) ;
#3379 = EDGE_CURVE ( 'NONE', #7233, #8991, #1185, .T. ) ;
#3380 = CLOSED_SHELL ( 'NONE', ( #580, #3354, #2705, #8239, #3427, #1191 ) ) ;
#3381 = EDGE_CURVE ( 'NONE', #7505, #798, #7232, .T. ) ;
#3382 = VECTOR ( 'NONE', #1471, 1000.000000000000000 ) ;
#3383 = CIRCLE ( 'NONE', #8746, 0.1499999999999999667 ) ;
#3384 = CARTESIAN_POINT ( 'NONE',  ( 0.1749999999999993783, 0.1499999999999999667, -1.999999999999999556 ) ) ;
#3385 = CARTESIAN_POINT ( 'NONE',  ( 0.8249999999999992895, 0.08999999999999999667, -1.925000000000000933 ) ) ;
#3386 = LINE ( 'NONE', #6390, #9634 ) ;
#3387 = CARTESIAN_POINT ( 'NONE',  ( 0.4749999999999993117, 0.08999999999999999667, -1.619058829184431225 ) ) ;
#3388 = CARTESIAN_POINT ( 'NONE',  ( 0.8250000000000006217, 0.08999999999999999667, 1.999999999999999556 ) ) ;
#3389 = ORIENTED_EDGE ( 'NONE', *, *, #3802, .T. ) ;
#3390 = EDGE_LOOP ( 'NONE', ( #3891, #1260, #5223, #4631, #5551 ) ) ;
#3391 = CIRCLE ( 'NONE', #8914, 0.1499999999999999667 ) ;
#3392 = CARTESIAN_POINT ( 'NONE',  ( -0.4749999999999993117, 0.6702163011671209425, 1.925000000000001377 ) ) ;
#3393 = ORIENTED_EDGE ( 'NONE', *, *, #8335, .F. ) ;
#3394 = ORIENTED_EDGE ( 'NONE', *, *, #3633, .T. ) ;
#3395 = CARTESIAN_POINT ( 'NONE',  ( 1.649999999999999023, 0.1499999999999999667, -1.125000000000000000 ) ) ;
#3396 = AXIS2_PLACEMENT_3D ( 'NONE', #530, #8862, #4948 ) ;
#3397 = CARTESIAN_POINT ( 'NONE',  ( 0.9750000000000001998, 0.000000000000000000, -1.650000000000000799 ) ) ;
#3398 = DIRECTION ( 'NONE',  ( -1.000000000000000000, 0.000000000000000000, -0.000000000000000000 ) ) ;
#3399 = DIRECTION ( 'NONE',  ( 0.000000000000000000, -1.000000000000000000, 0.000000000000000000 ) ) ;
#3400 = SURFACE_STYLE_FILL_AREA ( #8535 ) ;
#3401 = CARTESIAN_POINT ( 'NONE',  ( 1.649999999999999023, 0.05000000000000002359, -0.3250000000000000111 ) ) ;
#3402 = ORIENTED_EDGE ( 'NONE', *, *, #9296, .F. ) ;
#3403 = ORIENTED_EDGE ( 'NONE', *, *, #4505, .T. ) ;
#3404 = VERTEX_POINT ( 'NONE', #1522 ) ;
#3405 = VECTOR ( 'NONE', #7860, 1000.000000000000000 ) ;
#3406 = VERTEX_POINT ( 'NONE', #3083 ) ;
#3407 = LINE ( 'NONE', #7892, #4839 ) ;
#3408 = DIRECTION ( 'NONE',  ( 0.000000000000000000, 1.000000000000000000, 0.000000000000000000 ) ) ;
#3409 = CARTESIAN_POINT ( 'NONE',  ( -0.8249999999999997335, 0.1499999999999999944, -1.925000000000000933 ) ) ;
#3410 = CARTESIAN_POINT ( 'NONE',  ( -1.924999999999999156, 0.05000000000000002359, 0.4750000000000000333 ) ) ;
#3411 = AXIS2_PLACEMENT_3D ( 'NONE', #1511, #5275, #5469 ) ;
#3412 =( NAMED_UNIT ( * ) SI_UNIT ( $, .STERADIAN. ) SOLID_ANGLE_UNIT ( ) );
#3413 = ORIENTED_EDGE ( 'NONE', *, *, #3425, .T. ) ;
#3414 = VERTEX_POINT ( 'NONE', #3723 ) ;
#3415 = EDGE_CURVE ( 'NONE', #504, #6211, #5189, .T. ) ;
#3416 = ORIENTED_EDGE ( 'NONE', *, *, #5601, .T. ) ;
#3417 = AXIS2_PLACEMENT_3D ( 'NONE', #129, #3162, #1748 ) ;
#3418 = PLANE ( 'NONE',  #5904 ) ;
#3419 = DIRECTION ( 'NONE',  ( 0.000000000000000000, -0.000000000000000000, -1.000000000000000000 ) ) ;
#3420 = CARTESIAN_POINT ( 'NONE',  ( 1.124999999999999334, 0.1499999999999999667, -1.999999999999999556 ) ) ;
#3421 = CARTESIAN_POINT ( 'NONE',  ( -0.1749999999999998224, 0.05000000000000000278, 0.000000000000000000 ) ) ;
#3422 = ORIENTED_EDGE ( 'NONE', *, *, #8389, .T. ) ;
#3423 = SURFACE_SIDE_STYLE ('',( #5782 ) ) ;
#3424 = ORIENTED_EDGE ( 'NONE', *, *, #4908, .T. ) ;
#3425 = EDGE_CURVE ( 'NONE', #1804, #6566, #9121, .T. ) ;
#3426 = DIRECTION ( 'NONE',  ( 0.000000000000000000, 0.000000000000000000, 1.000000000000000000 ) ) ;
#3427 = ADVANCED_FACE ( 'NONE', ( #3823 ), #6741, .T. ) ;
#3428 = PLANE ( 'NONE',  #1037 ) ;
#3429 = DIRECTION ( 'NONE',  ( 1.000000000000000000, 0.000000000000000000, 0.000000000000000000 ) ) ;
#3430 = DIRECTION ( 'NONE',  ( -0.000000000000000000, -1.000000000000000000, -0.000000000000000000 ) ) ;
#3431 = DIRECTION ( 'NONE',  ( -1.000000000000000000, 0.000000000000000000, 3.491481338843133355E-15 ) ) ;
#3432 = CARTESIAN_POINT ( 'NONE',  ( -1.599999999999999201, 1.399999999999999911, -1.600000000000000755 ) ) ;
#3433 = DIRECTION ( 'NONE',  ( 0.000000000000000000, -1.000000000000000000, 0.000000000000000000 ) ) ;
#3434 = ORIENTED_EDGE ( 'NONE', *, *, #3600, .F. ) ;
#3435 = ORIENTED_EDGE ( 'NONE', *, *, #153, .F. ) ;
#3436 = AXIS2_PLACEMENT_3D ( 'NONE', #4075, #3292, #1786 ) ;
#3437 = CARTESIAN_POINT ( 'NONE',  ( 1.924999999999999156, 0.05000000000000000278, 1.300000000000000044 ) ) ;
#3438 = VERTEX_POINT ( 'NONE', #4597 ) ;
#3439 = EDGE_CURVE ( 'NONE', #4580, #7673, #8212, .T. ) ;
#3440 = ADVANCED_FACE ( 'NONE', ( #2321 ), #4502, .T. ) ;
#3441 = ORIENTED_EDGE ( 'NONE', *, *, #1156, .T. ) ;
#3442 = CARTESIAN_POINT ( 'NONE',  ( -0.8249999999999997335, 0.04999999999999999584, -1.650000000000000577 ) ) ;
#3443 = DIRECTION ( 'NONE',  ( 0.000000000000000000, -1.000000000000000000, 0.000000000000000000 ) ) ;
#3444 = CARTESIAN_POINT ( 'NONE',  ( 1.999999999999996669, 0.1499999999999999667, -0.8250000000000076161 ) ) ;
#3445 = FACE_OUTER_BOUND ( 'NONE', #6504, .T. ) ;
#3446 = LINE ( 'NONE', #8789, #3556 ) ;
#3447 = EDGE_CURVE ( 'NONE', #3909, #8293, #959, .T. ) ;
#3448 = ORIENTED_EDGE ( 'NONE', *, *, #939, .F. ) ;
#3449 = ORIENTED_EDGE ( 'NONE', *, *, #2009, .F. ) ;
#3450 = ORIENTED_EDGE ( 'NONE', *, *, #2602, .T. ) ;
#3451 = ORIENTED_EDGE ( 'NONE', *, *, #3033, .F. ) ;
#3452 = EDGE_CURVE ( 'NONE', #7504, #1311, #9774, .T. ) ;
#3453 = DIRECTION ( 'NONE',  ( -1.000000000000000000, -0.000000000000000000, 1.047444401652940007E-14 ) ) ;
#3454 = CARTESIAN_POINT ( 'NONE',  ( -1.925000000000004485, 0.08999999999999999667, -0.4749999999999791056 ) ) ;
#3455 = SURFACE_SIDE_STYLE ('',( #423 ) ) ;
#3456 = CARTESIAN_POINT ( 'NONE',  ( -0.8249999999999992895, 0.1499999999999999944, 1.925000000000000933 ) ) ;
#3457 = EDGE_CURVE ( 'NONE', #8643, #5648, #7474, .T. ) ;
#3458 = CARTESIAN_POINT ( 'NONE',  ( 0.1750000000000006828, 0.000000000000000000, 1.925000000000001377 ) ) ;
#3459 = ORIENTED_EDGE ( 'NONE', *, *, #8932, .F. ) ;
#3460 = EDGE_LOOP ( 'NONE', ( #8082, #8352, #4313, #4817 ) ) ;
#3461 = DIRECTION ( 'NONE',  ( 3.491481338843133355E-15, -0.000000000000000000, 1.000000000000000000 ) ) ;
#3462 = VECTOR ( 'NONE', #4053, 1000.000000000000000 ) ;
#3463 = DIRECTION ( 'NONE',  ( 0.000000000000000000, -0.000000000000000000, -1.000000000000000000 ) ) ;
#3464 = CARTESIAN_POINT ( 'NONE',  ( 1.924999999999999156, 0.6702163011671202764, 0.1750000000000000167 ) ) ;
#3465 = CIRCLE ( 'NONE', #6133, 0.1499999999999999667 ) ;
#3466 = SURFACE_SIDE_STYLE ('',( #1169 ) ) ;
#3467 = DIRECTION ( 'NONE',  ( -0.000000000000000000, -1.000000000000000000, -0.000000000000000000 ) ) ;
#3468 = DIRECTION ( 'NONE',  ( 0.000000000000000000, -1.000000000000000000, 0.000000000000000000 ) ) ;
#3469 = DIRECTION ( 'NONE',  ( 0.000000000000000000, 0.000000000000000000, 1.000000000000000000 ) ) ;
#3470 = ORIENTED_EDGE ( 'NONE', *, *, #9014, .F. ) ;
#3471 = VECTOR ( 'NONE', #1577, 1000.000000000000000 ) ;
#3472 = COLOUR_RGB ( '',0.7921568627450980005, 0.8196078431372548767, 0.9333333333333333481 ) ;
#3473 = EDGE_CURVE ( 'NONE', #9184, #6768, #4146, .T. ) ;
#3474 = LINE ( 'NONE', #4994, #3869 ) ;
#3475 = DIRECTION ( 'NONE',  ( 0.000000000000000000, 0.000000000000000000, -1.000000000000000000 ) ) ;
#3476 = DIRECTION ( 'NONE',  ( -0.000000000000000000, -1.000000000000000000, -0.000000000000000000 ) ) ;
#3477 = DIRECTION ( 'NONE',  ( 0.000000000000000000, -1.000000000000000000, 0.000000000000000000 ) ) ;
#3478 = EDGE_CURVE ( 'NONE', #1838, #7691, #6688, .T. ) ;
#3479 = FACE_OUTER_BOUND ( 'NONE', #3700, .T. ) ;
#3480 = CARTESIAN_POINT ( 'NONE',  ( -0.8250000000000006217, 0.08999999999999999667, -1.999999999999999556 ) ) ;
#3481 = ORIENTED_EDGE ( 'NONE', *, *, #1097, .F. ) ;
#3482 = VERTEX_POINT ( 'NONE', #95 ) ;
#3483 = FACE_OUTER_BOUND ( 'NONE', #2059, .T. ) ;
#3484 = ORIENTED_EDGE ( 'NONE', *, *, #848, .F. ) ;
#3485 = ADVANCED_FACE ( 'NONE', ( #6837 ), #8921, .F. ) ;
#3486 = ADVANCED_FACE ( 'NONE', ( #3875 ), #6885, .F. ) ;
#3487 = ORIENTED_EDGE ( 'NONE', *, *, #6582, .F. ) ;
#3488 = DIRECTION ( 'NONE',  ( 0.000000000000000000, 0.000000000000000000, -1.000000000000000000 ) ) ;
#3489 = DIRECTION ( 'NONE',  ( 0.000000000000000000, 0.000000000000000000, 1.000000000000000000 ) ) ;
#3490 = PLANE ( 'NONE',  #6696 ) ;
#3491 = LINE ( 'NONE', #1290, #5347 ) ;
#3492 = LINE ( 'NONE', #1837, #2783 ) ;
#3493 = EDGE_LOOP ( 'NONE', ( #5119, #6659, #6605, #9250 ) ) ;
#3494 = EDGE_CURVE ( 'NONE', #9483, #715, #9073, .T. ) ;
#3495 = ORIENTED_EDGE ( 'NONE', *, *, #3473, .T. ) ;
#3496 = ORIENTED_EDGE ( 'NONE', *, *, #8317, .F. ) ;
#3497 = EDGE_CURVE ( 'NONE', #657, #5240, #7570, .T. ) ;
#3498 = ORIENTED_EDGE ( 'NONE', *, *, #5600, .F. ) ;
#3499 = CARTESIAN_POINT ( 'NONE',  ( -1.124999999999999778, 0.1499999999999999944, -1.650000000000000577 ) ) ;
#3500 = CARTESIAN_POINT ( 'NONE',  ( 1.999999999999999112, 0.1499999999999999667, -0.1750000000000076772 ) ) ;
#3501 = PLANE ( 'NONE',  #2521 ) ;
#3502 = CARTESIAN_POINT ( 'NONE',  ( 0.3250000000000001776, 0.1499999999999999944, -1.650000000000000799 ) ) ;
#3503 = PLANE ( 'NONE',  #7162 ) ;
#3504 = EDGE_CURVE ( 'NONE', #2253, #1107, #2936, .T. ) ;
#3505 = ORIENTED_EDGE ( 'NONE', *, *, #6118, .T. ) ;
#3506 = ORIENTED_EDGE ( 'NONE', *, *, #8799, .F. ) ;
#3507 = UNCERTAINTY_MEASURE_WITH_UNIT (LENGTH_MEASURE( 1.000000000000000082E-05 ), #9241, 'distance_accuracy_value', 'NONE');
#3508 = EDGE_CURVE ( 'NONE', #2472, #7449, #2228, .T. ) ;
#3509 = ORIENTED_EDGE ( 'NONE', *, *, #8316, .T. ) ;
#3510 = LINE ( 'NONE', #1113, #7468 ) ;
#3511 = PRESENTATION_STYLE_ASSIGNMENT (( #5926 ) ) ;
#3512 = DIRECTION ( 'NONE',  ( 0.000000000000000000, -0.000000000000000000, -1.000000000000000000 ) ) ;
#3513 = PRESENTATION_STYLE_ASSIGNMENT (( #431 ) ) ;
#3514 = AXIS2_PLACEMENT_3D ( 'NONE', #8330, #7633, #2336 ) ;
#3515 = CARTESIAN_POINT ( 'NONE',  ( 1.925000000000003819, 0.6702163011671209425, 0.8249999999999926281 ) ) ;
#3516 = DIRECTION ( 'NONE',  ( 0.000000000000000000, 0.000000000000000000, -1.000000000000000000 ) ) ;
#3517 = FACE_OUTER_BOUND ( 'NONE', #2943, .T. ) ;
#3518 = ORIENTED_EDGE ( 'NONE', *, *, #8451, .T. ) ;
#3519 = VECTOR ( 'NONE', #9428, 1000.000000000000000 ) ;
#3520 = STYLED_ITEM ( 'NONE', ( #5038 ), #8419 ) ;
#3522 = LINE ( 'NONE', #5834, #7183 ) ;
#3521 = AXIS2_PLACEMENT_3D ( 'NONE', #188, #4651, #6975 ) ;
#3523 = DIRECTION ( 'NONE',  ( 0.000000000000000000, -1.000000000000000000, 0.000000000000000000 ) ) ;
#3524 = AXIS2_PLACEMENT_3D ( 'NONE', #8425, #4796, #7819 ) ;
#3525 = DIRECTION ( 'NONE',  ( 0.000000000000000000, -1.000000000000000000, 0.000000000000000000 ) ) ;
#3526 = CARTESIAN_POINT ( 'NONE',  ( 0.000000000000000000, 0.000000000000000000, 1.999999999999999556 ) ) ;
#3527 = CARTESIAN_POINT ( 'NONE',  ( 1.999999999999997780, 0.08999999999999999667, -0.4750000000000075828 ) ) ;
#3528 = LINE ( 'NONE', #7970, #9210 ) ;
#3529 = ORIENTED_EDGE ( 'NONE', *, *, #6949, .T. ) ;
#3530 = VERTEX_POINT ( 'NONE', #2274 ) ;
#3531 = VECTOR ( 'NONE', #1211, 1000.000000000000000 ) ;
#3532 = CARTESIAN_POINT ( 'NONE',  ( 1.649999999999999023, 0.1499999999999999667, 0.1750000000000000167 ) ) ;
#3533 = VECTOR ( 'NONE', #4418, 1000.000000000000000 ) ;
#3534 = CIRCLE ( 'NONE', #9224, 0.1666666666666667407 ) ;
#3535 = EDGE_CURVE ( 'NONE', #1684, #2784, #8313, .T. ) ;
#3536 = EDGE_LOOP ( 'NONE', ( #3340, #9088, #9234, #8464 ) ) ;
#3537 = CARTESIAN_POINT ( 'NONE',  ( -1.924999999999989830, 0.08999999999999999667, 0.8250000000000208278 ) ) ;
#3538 = FACE_OUTER_BOUND ( 'NONE', #7117, .T. ) ;
#3539 = DIRECTION ( 'NONE',  ( 0.000000000000000000, -1.000000000000000000, 0.000000000000000000 ) ) ;
#3540 = PLANE ( 'NONE',  #6145 ) ;
#3541 = AXIS2_PLACEMENT_3D ( 'NONE', #4181, #9490, #2693 ) ;
#3542 = FACE_OUTER_BOUND ( 'NONE', #757, .T. ) ;
#3543 = DIRECTION ( 'NONE',  ( -1.047444401652940007E-14, 0.000000000000000000, -1.000000000000000000 ) ) ;
#3544 = CARTESIAN_POINT ( 'NONE',  ( 0.8250000000000006217, 0.1499999999999999667, 1.999999999999999556 ) ) ;
#3545 = ORIENTED_EDGE ( 'NONE', *, *, #5337, .F. ) ;
#3546 = CARTESIAN_POINT ( 'NONE',  ( -0.8249999999999997335, 0.1499999999999999667, -1.925000000000000933 ) ) ;
#3547 = ORIENTED_EDGE ( 'NONE', *, *, #3317, .T. ) ;
#3548 = EDGE_CURVE ( 'NONE', #7090, #6009, #8412, .T. ) ;
#3549 = DIRECTION ( 'NONE',  ( -1.577021341797095637E-15, 0.000000000000000000, -1.000000000000000000 ) ) ;
#3550 = EDGE_CURVE ( 'NONE', #291, #7792, #140, .T. ) ;
#3551 = CARTESIAN_POINT ( 'NONE',  ( -0.4749999999999993117, 0.1499999999999999667, 1.999999999999999556 ) ) ;
#3552 = DIRECTION ( 'NONE',  ( 4.937084235490472864E-15, 0.000000000000000000, 1.000000000000000000 ) ) ;
#3553 = LINE ( 'NONE', #4975, #3101 ) ;
#3554 = CARTESIAN_POINT ( 'NONE',  ( 1.619058829184435222, 0.08999999999999999667, 1.124999999999993561 ) ) ;
#3555 = AXIS2_PLACEMENT_3D ( 'NONE', #796, #3242, #7684 ) ;
#3556 = VECTOR ( 'NONE', #7982, 1000.000000000000000 ) ;
#3557 = ORIENTED_EDGE ( 'NONE', *, *, #4415, .T. ) ;
#3558 = ORIENTED_EDGE ( 'NONE', *, *, #563, .T. ) ;
#3559 = VERTEX_POINT ( 'NONE', #1017 ) ;
#3560 = ADVANCED_FACE ( 'NONE', ( #5530 ), #6176, .T. ) ;
#3561 = LINE ( 'NONE', #6724, #4639 ) ;
#3562 = CIRCLE ( 'NONE', #7347, 0.1499999999999999667 ) ;
#3563 = CARTESIAN_POINT ( 'NONE',  ( -0.3249999999999997891, 0.000000000000000000, -1.650000000000000799 ) ) ;
#3564 = CARTESIAN_POINT ( 'NONE',  ( 0.4750000000000001443, 0.1499999999999999944, 1.650000000000000577 ) ) ;
#3565 = DIRECTION ( 'NONE',  ( 0.000000000000000000, 0.000000000000000000, -1.000000000000000000 ) ) ;
#3566 = LINE ( 'NONE', #1965, #6835 ) ;
#3567 = CARTESIAN_POINT ( 'NONE',  ( -1.124999999999999334, 0.08999999999999999667, 1.924999999999999600 ) ) ;
#3568 = ORIENTED_EDGE ( 'NONE', *, *, #568, .T. ) ;
#3569 = EDGE_CURVE ( 'NONE', #4029, #3406, #4055, .T. ) ;
#3570 = VECTOR ( 'NONE', #324, 1000.000000000000000 ) ;
#3571 = EDGE_CURVE ( 'NONE', #7859, #38, #9269, .T. ) ;
#3572 = AXIS2_PLACEMENT_3D ( 'NONE', #8856, #5871, #1263 ) ;
#3573 = DIRECTION ( 'NONE',  ( -1.192004691317674036E-14, 0.000000000000000000, -1.000000000000000000 ) ) ;
#3574 = CARTESIAN_POINT ( 'NONE',  ( 0.9750000000000001998, 0.1499999999999999944, -1.650000000000000799 ) ) ;
#3575 = CARTESIAN_POINT ( 'NONE',  ( -2.000000000000004441, 0.1499999999999999667, -0.4749999999999783840 ) ) ;
#3576 = DIRECTION ( 'NONE',  ( -0.000000000000000000, -1.000000000000000000, -0.000000000000000000 ) ) ;
#3577 = FACE_OUTER_BOUND ( 'NONE', #2112, .T. ) ;
#3578 = FACE_OUTER_BOUND ( 'NONE', #4878, .T. ) ;
#3579 = AXIS2_PLACEMENT_3D ( 'NONE', #6887, #8077, #9683 ) ;
#3580 = ORIENTED_EDGE ( 'NONE', *, *, #4583, .F. ) ;
#3581 = ORIENTED_EDGE ( 'NONE', *, *, #8876, .F. ) ;
#3582 = LINE ( 'NONE', #8780, #8402 ) ;
#3583 =( GEOMETRIC_REPRESENTATION_CONTEXT ( 3 ) GLOBAL_UNCERTAINTY_ASSIGNED_CONTEXT ( ( #8050 ) ) GLOBAL_UNIT_ASSIGNED_CONTEXT ( ( #2972, #5869, #7456 ) ) REPRESENTATION_CONTEXT ( 'NONE', 'WORKASPACE' ) );
#3584 = VERTEX_POINT ( 'NONE', #6282 ) ;
#3586 = VECTOR ( 'NONE', #6201, 1000.000000000000000 ) ;
#3585 = DIRECTION ( 'NONE',  ( 1.577021341797093271E-15, -0.000000000000000000, 1.000000000000000000 ) ) ;
#3587 = PLANE ( 'NONE',  #3305 ) ;
#3588 = CARTESIAN_POINT ( 'NONE',  ( -1.924999999999997602, 0.1499999999999999667, 0.1750000000000212774 ) ) ;
#3589 = CARTESIAN_POINT ( 'NONE',  ( 1.999999999999999556, 0.000000000000000000, -6.982962677686265133E-15 ) ) ;
#3590 = CARTESIAN_POINT ( 'NONE',  ( -1.999999999999999556, 0.000000000000000000, 2.094888803305879382E-14 ) ) ;
#3591 = CARTESIAN_POINT ( 'NONE',  ( -0.4749999999999988676, 0.1499999999999999667, 1.925000000000000488 ) ) ;
#3592 = ORIENTED_EDGE ( 'NONE', *, *, #8826, .T. ) ;
#3593 = VECTOR ( 'NONE', #6315, 1000.000000000000000 ) ;
#3594 = CARTESIAN_POINT ( 'NONE',  ( -0.8249999999999992895, 0.1499999999999999667, 1.999999999999999556 ) ) ;
#3595 = EDGE_LOOP ( 'NONE', ( #4035, #7513, #8767, #6619 ) ) ;
#3596 = ADVANCED_FACE ( 'NONE', ( #1717 ), #9315, .T. ) ;
#3597 = CARTESIAN_POINT ( 'NONE',  ( -2.000000000000011102, 0.1499999999999999667, -1.124999999999978240 ) ) ;
#3598 = CARTESIAN_POINT ( 'NONE',  ( -1.924999999999999156, 0.6702163011671202764, -0.1749999999999999056 ) ) ;
#3599 = PRESENTATION_STYLE_ASSIGNMENT (( #2804 ) ) ;
#3600 = EDGE_CURVE ( 'NONE', #4519, #504, #290, .T. ) ;
#3601 = CARTESIAN_POINT ( 'NONE',  ( 0.1750000000000006828, 0.1499999999999999667, 1.619058829184431225 ) ) ;
#3602 = ORIENTED_EDGE ( 'NONE', *, *, #2135, .T. ) ;
#3603 = ORIENTED_EDGE ( 'NONE', *, *, #9504, .F. ) ;
#3604 = VERTEX_POINT ( 'NONE', #9217 ) ;
#3605 = EDGE_LOOP ( 'NONE', ( #4097, #9781, #1944, #3753 ) ) ;
#3606 = EDGE_LOOP ( 'NONE', ( #2454, #897, #6179, #8989 ) ) ;
#3607 = CARTESIAN_POINT ( 'NONE',  ( -0.8249999999999992895, 0.05000000000000000278, 1.925000000000001155 ) ) ;
#3608 = FILL_AREA_STYLE ('',( #8244 ) ) ;
#3609 = DIRECTION ( 'NONE',  ( -0.000000000000000000, -1.000000000000000000, -0.000000000000000000 ) ) ;
#3610 = CARTESIAN_POINT ( 'NONE',  ( 0.8249999999999992895, 0.08999999999999999667, -1.999999999999999556 ) ) ;
#3611 = DIRECTION ( 'NONE',  ( 1.000000000000000000, 0.000000000000000000, -1.445602896647339706E-15 ) ) ;
#3613 = CYLINDRICAL_SURFACE ( 'NONE', #5393, 0.1499999999999999667 ) ;
#3612 =( GEOMETRIC_REPRESENTATION_CONTEXT ( 3 ) GLOBAL_UNCERTAINTY_ASSIGNED_CONTEXT ( ( #9557 ) ) GLOBAL_UNIT_ASSIGNED_CONTEXT ( ( #4604, #3331, #1630 ) ) REPRESENTATION_CONTEXT ( 'NONE', 'WORKASPACE' ) );
#3614 = VERTEX_POINT ( 'NONE', #3227 ) ;
#3615 = EDGE_CURVE ( 'NONE', #6768, #7334, #3324, .T. ) ;
#3616 = EDGE_CURVE ( 'NONE', #1049, #2784, #6329, .T. ) ;
#3617 = AXIS2_PLACEMENT_3D ( 'NONE', #3026, #9166, #9822 ) ;
#3618 = VECTOR ( 'NONE', #6218, 1000.000000000000000 ) ;
#3619 = CARTESIAN_POINT ( 'NONE',  ( 1.649999999999999023, 0.1499999999999999667, -0.9749999999999999778 ) ) ;
#3620 = CARTESIAN_POINT ( 'NONE',  ( 2.000000000000002665, 0.08999999999999999667, 0.8249999999999924061 ) ) ;
#3621 = CARTESIAN_POINT ( 'NONE',  ( -0.1750000000000006828, 0.08999999999999999667, -1.999999999999999556 ) ) ;
#3622 = CARTESIAN_POINT ( 'NONE',  ( -1.099999999999999867, 0.1499999999999999667, 1.099999999999999423 ) ) ;
#3623 = DIRECTION ( 'NONE',  ( -1.000000000000000000, 0.000000000000000000, 1.445602896647339706E-15 ) ) ;
#3624 = CIRCLE ( 'NONE', #3776, 0.1499999999999999667 ) ;
#3625 = LINE ( 'NONE', #7329, #3672 ) ;
#3626 = VERTEX_POINT ( 'NONE', #923 ) ;
#3627 = EDGE_LOOP ( 'NONE', ( #3402, #3856, #9247, #2956 ) ) ;
#3628 = STYLED_ITEM ( 'NONE', ( #3599 ), #5167 ) ;
#3629 = VECTOR ( 'NONE', #5057, 1000.000000000000000 ) ;
#3630 = DIRECTION ( 'NONE',  ( 0.000000000000000000, -1.000000000000000000, 0.000000000000000000 ) ) ;
#3631 = EDGE_CURVE ( 'NONE', #6665, #526, #1812, .T. ) ;
#3632 = COLOUR_RGB ( '',0.7921568627450980005, 0.8196078431372548767, 0.9333333333333333481 ) ;
#3633 = EDGE_CURVE ( 'NONE', #5693, #9555, #6356, .T. ) ;
#3634 = DIRECTION ( 'NONE',  ( -0.000000000000000000, -0.000000000000000000, -1.000000000000000000 ) ) ;
#3635 = VERTEX_POINT ( 'NONE', #7809 ) ;
#3636 = CARTESIAN_POINT ( 'NONE',  ( -1.925000000000008260, 0.08999999999999999667, -0.8249999999999791944 ) ) ;
#3637 = DIRECTION ( 'NONE',  ( 1.000000000000000000, -0.000000000000000000, 3.942553354492742545E-16 ) ) ;
#3638 = PLANE ( 'NONE',  #1463 ) ;
#3639 = CARTESIAN_POINT ( 'NONE',  ( -1.999999999999997780, 0.08999999999999999667, 0.1750000000000216382 ) ) ;
#3640 = LINE ( 'NONE', #2847, #1794 ) ;
#3641 = DIRECTION ( 'NONE',  ( 1.000000000000000000, 0.000000000000000000, -3.491481338843133355E-15 ) ) ;
#3642 = EDGE_LOOP ( 'NONE', ( #2061, #8583, #6958, #4444 ) ) ;
#3643 = FACE_OUTER_BOUND ( 'NONE', #5407, .T. ) ;
#3644 = VERTEX_POINT ( 'NONE', #1071 ) ;
#3645 = PLANE ( 'NONE',  #7060 ) ;
#3646 = DIRECTION ( 'NONE',  ( 3.491481338843133355E-15, -0.000000000000000000, 1.000000000000000000 ) ) ;
#3647 = FILL_AREA_STYLE ('',( #4334 ) ) ;
#3648 = DIRECTION ( 'NONE',  ( -1.577021341797095637E-15, 0.000000000000000000, -1.000000000000000000 ) ) ;
#3649 = ORIENTED_EDGE ( 'NONE', *, *, #6266, .T. ) ;
#3650 = CARTESIAN_POINT ( 'NONE',  ( 1.949999999999999956, 0.05000000000000000278, -1.925000000000000933 ) ) ;
#3651 = EDGE_LOOP ( 'NONE', ( #985, #6258, #3509, #6409 ) ) ;
#3652 = ORIENTED_EDGE ( 'NONE', *, *, #7576, .T. ) ;
#3653 = ORIENTED_EDGE ( 'NONE', *, *, #1574, .T. ) ;
#3654 = EDGE_CURVE ( 'NONE', #5292, #5841, #4108, .T. ) ;
#3655 = ORIENTED_EDGE ( 'NONE', *, *, #5169, .T. ) ;
#3656 = DIRECTION ( 'NONE',  ( 0.000000000000000000, 0.000000000000000000, -1.000000000000000000 ) ) ;
#3657 = SURFACE_SIDE_STYLE ('',( #2166 ) ) ;
#3658 = CARTESIAN_POINT ( 'NONE',  ( -1.124999999999999334, 0.08999999999999999667, 1.999999999999999556 ) ) ;
#3659 = LINE ( 'NONE', #9423, #5772 ) ;
#3660 = PLANE ( 'NONE',  #703 ) ;
#3661 = SURFACE_STYLE_USAGE ( .BOTH. , #4399 ) ;
#3662 = ORIENTED_EDGE ( 'NONE', *, *, #8188, .F. ) ;
#3663 = ORIENTED_EDGE ( 'NONE', *, *, #5549, .F. ) ;
#3664 = ADVANCED_FACE ( 'NONE', ( #2479 ), #3129, .T. ) ;
#3665 = VECTOR ( 'NONE', #4372, 1000.000000000000000 ) ;
#3666 = CARTESIAN_POINT ( 'NONE',  ( -0.4749999999999993117, 0.000000000000000000, 1.925000000000001377 ) ) ;
#3667 = AXIS2_PLACEMENT_3D ( 'NONE', #4840, #5683, #2575 ) ;
#3668 = DIRECTION ( 'NONE',  ( 0.000000000000000000, 1.000000000000000000, 0.000000000000000000 ) ) ;
#3669 = DIRECTION ( 'NONE',  ( 0.000000000000000000, 1.000000000000000000, -0.000000000000000000 ) ) ;
#3670 = FACE_OUTER_BOUND ( 'NONE', #353, .T. ) ;
#3671 = EDGE_CURVE ( 'NONE', #5427, #7115, #6125, .T. ) ;
#3672 = VECTOR ( 'NONE', #1924, 1000.000000000000000 ) ;
#3673 = CARTESIAN_POINT ( 'NONE',  ( -0.4749999999999993117, 0.08999999999999999667, 1.999999999999999556 ) ) ;
#3674 = EDGE_LOOP ( 'NONE', ( #7671, #488, #9703, #7775 ) ) ;
#3675 = ORIENTED_EDGE ( 'NONE', *, *, #7947, .T. ) ;
#3676 = ADVANCED_FACE ( 'NONE', ( #5379 ), #8510, .F. ) ;
#3677 = ADVANCED_FACE ( 'NONE', ( #879 ), #4010, .T. ) ;
#3678 = DIRECTION ( 'NONE',  ( -3.491481338843133355E-15, 0.000000000000000000, -1.000000000000000000 ) ) ;
#3679 = CIRCLE ( 'NONE', #1906, 0.1499999999999999667 ) ;
#3680 = AXIS2_PLACEMENT_3D ( 'NONE', #2067, #5730, #4989 ) ;
#3681 = AXIS2_PLACEMENT_3D ( 'NONE', #8973, #6029, #3623 ) ;
#3682 = CARTESIAN_POINT ( 'NONE',  ( 0.1750000000000006828, 0.1499999999999999667, 1.999999999999999556 ) ) ;
#3683 = ORIENTED_EDGE ( 'NONE', *, *, #7584, .F. ) ;
#3684 = CARTESIAN_POINT ( 'NONE',  ( 0.3250000000000001776, 0.000000000000000000, 1.500000000000000888 ) ) ;
#3685 = DIRECTION ( 'NONE',  ( 0.000000000000000000, 1.000000000000000000, 0.000000000000000000 ) ) ;
#3686 = STYLED_ITEM ( 'NONE', ( #3020 ), #8503 ) ;
#3687 = CARTESIAN_POINT ( 'NONE',  ( -0.1749999999999998224, 0.1499999999999999944, -1.925000000000000933 ) ) ;
#3688 = CARTESIAN_POINT ( 'NONE',  ( 2.000000000000000888, 8.656854249492379694, 1.999999999999999112 ) ) ;
#3689 = EDGE_CURVE ( 'NONE', #8671, #7888, #7175, .T. ) ;
#3690 = VECTOR ( 'NONE', #8820, 1000.000000000000000 ) ;
#3691 = CIRCLE ( 'NONE', #8258, 0.1499999999999999667 ) ;
#3692 = LINE ( 'NONE', #5852, #3981 ) ;
#3693 = EDGE_CURVE ( 'NONE', #735, #190, #3566, .T. ) ;
#3694 = VERTEX_POINT ( 'NONE', #6528 ) ;
#3695 = MECHANICAL_DESIGN_GEOMETRIC_PRESENTATION_REPRESENTATION (  '', ( #7944 ), #39 ) ;
#3696 = PLANE ( 'NONE',  #6851 ) ;
#3697 = VECTOR ( 'NONE', #8278, 1000.000000000000000 ) ;
#3698 = ORIENTED_EDGE ( 'NONE', *, *, #8817, .F. ) ;
#3699 = EDGE_CURVE ( 'NONE', #9295, #4767, #2719, .T. ) ;
#3700 = EDGE_LOOP ( 'NONE', ( #2587, #5176, #9505, #958 ) ) ;
#3701 = AXIS2_PLACEMENT_3D ( 'NONE', #4963, #543, #2089 ) ;
#3702 = DIRECTION ( 'NONE',  ( 1.000000000000000000, 0.000000000000000000, -1.047444401652940007E-14 ) ) ;
#3703 = DIRECTION ( 'NONE',  ( 1.000000000000000000, -0.000000000000000000, 0.000000000000000000 ) ) ;
#3704 = DIRECTION ( 'NONE',  ( 0.000000000000000000, 1.000000000000000000, 0.000000000000000000 ) ) ;
#3705 = EDGE_LOOP ( 'NONE', ( #9575, #6867, #6349, #4765 ) ) ;
#3706 = SURFACE_STYLE_FILL_AREA ( #2913 ) ;
#3707 = VERTEX_POINT ( 'NONE', #7319 ) ;
#3708 = CIRCLE ( 'NONE', #4957, 0.1666666666666667407 ) ;
#3709 = ORIENTED_EDGE ( 'NONE', *, *, #196, .F. ) ;
#3710 = ORIENTED_EDGE ( 'NONE', *, *, #6712, .F. ) ;
#3711 = PLANE ( 'NONE',  #1310 ) ;
#3712 = CARTESIAN_POINT ( 'NONE',  ( 1.924999999999994271, 0.08999999999999999667, -1.125000000000007327 ) ) ;
#3713 = DIRECTION ( 'NONE',  ( 0.000000000000000000, 0.000000000000000000, 1.000000000000000000 ) ) ;
#3714 = VECTOR ( 'NONE', #845, 1000.000000000000000 ) ;
#3715 = DIRECTION ( 'NONE',  ( 0.000000000000000000, -1.000000000000000000, 0.000000000000000000 ) ) ;
#3716 = EDGE_LOOP ( 'NONE', ( #7224, #725, #5204, #5760, #7999, #8927 ) ) ;
#3717 = VERTEX_POINT ( 'NONE', #9608 ) ;
#3718 = CARTESIAN_POINT ( 'NONE',  ( -1.924999999999999156, 0.000000000000000000, -1.125000000000000000 ) ) ;
#3719 = DIRECTION ( 'NONE',  ( 0.000000000000000000, -1.000000000000000000, 0.000000000000000000 ) ) ;
#3720 = FACE_OUTER_BOUND ( 'NONE', #9091, .T. ) ;
#3721 = DIRECTION ( 'NONE',  ( 0.000000000000000000, 1.000000000000000000, -0.000000000000000000 ) ) ;
#3722 = CARTESIAN_POINT ( 'NONE',  ( -1.199999999999999956, 3.544112549695427994, -1.100000000000000089 ) ) ;
#3723 = CARTESIAN_POINT ( 'NONE',  ( -0.3249999999999997891, 0.1499999999999999944, 1.500000000000000888 ) ) ;
#3724 = EDGE_LOOP ( 'NONE', ( #1235, #684, #9523, #8899 ) ) ;
#3725 = ORIENTED_EDGE ( 'NONE', *, *, #102, .T. ) ;
#3726 = ADVANCED_FACE ( 'NONE', ( #5828 ), #6382, .F. ) ;
#3727 = VECTOR ( 'NONE', #3873, 1000.000000000000000 ) ;
#3728 = LINE ( 'NONE', #101, #8078 ) ;
#3729 = MECHANICAL_DESIGN_GEOMETRIC_PRESENTATION_REPRESENTATION (  '', ( #1239 ), #8955 ) ;
#3730 = DIRECTION ( 'NONE',  ( 0.000000000000000000, 0.000000000000000000, 1.000000000000000000 ) ) ;
#3731 = VERTEX_POINT ( 'NONE', #8106 ) ;
#3732 = VECTOR ( 'NONE', #8349, 1000.000000000000000 ) ;
#3733 = FACE_OUTER_BOUND ( 'NONE', #4493, .T. ) ;
#3734 = DIRECTION ( 'NONE',  ( 0.000000000000000000, -0.000000000000000000, 1.000000000000000000 ) ) ;
#3735 = DIRECTION ( 'NONE',  ( 0.000000000000000000, -1.000000000000000000, 0.000000000000000000 ) ) ;
#3736 = DIRECTION ( 'NONE',  ( -1.000000000000000000, 0.000000000000000000, 1.445602896647339706E-15 ) ) ;
#3737 = VECTOR ( 'NONE', #1167, 1000.000000000000000 ) ;
#3738 = DIRECTION ( 'NONE',  ( -0.000000000000000000, 1.000000000000000000, -0.000000000000000000 ) ) ;
#3739 = VERTEX_POINT ( 'NONE', #4155 ) ;
#3740 = CARTESIAN_POINT ( 'NONE',  ( -1.649999999999999023, 0.6702163011671202764, -1.125000000000000000 ) ) ;
#3741 = EDGE_CURVE ( 'NONE', #4314, #6665, #8411, .T. ) ;
#3742 = VERTEX_POINT ( 'NONE', #478 ) ;
#3743 = AXIS2_PLACEMENT_3D ( 'NONE', #8171, #9627, #4322 ) ;
#3744 = ORIENTED_EDGE ( 'NONE', *, *, #4747, .T. ) ;
#3745 = CARTESIAN_POINT ( 'NONE',  ( 0.000000000000000000, 0.000000000000000000, 1.999999999999999556 ) ) ;
#3746 = ADVANCED_FACE ( 'NONE', ( #2770 ), #2625, .F. ) ;
#3747 = DIRECTION ( 'NONE',  ( 1.000000000000000000, 0.000000000000000000, 0.000000000000000000 ) ) ;
#3748 = FILL_AREA_STYLE_COLOUR ( '', #8046 ) ;
#3749 = PLANE ( 'NONE',  #1656 ) ;
#3750 = ORIENTED_EDGE ( 'NONE', *, *, #6280, .F. ) ;
#3751 = DIRECTION ( 'NONE',  ( 0.000000000000000000, -1.000000000000000000, 0.000000000000000000 ) ) ;
#3752 = AXIS2_PLACEMENT_3D ( 'NONE', #1370, #2175, #5182 ) ;
#3753 = ORIENTED_EDGE ( 'NONE', *, *, #7913, .T. ) ;
#3754 =( NAMED_UNIT ( * ) PLANE_ANGLE_UNIT ( ) SI_UNIT ( $, .RADIAN. ) );
#3755 = ORIENTED_EDGE ( 'NONE', *, *, #8940, .T. ) ;
#3756 = ORIENTED_EDGE ( 'NONE', *, *, #5524, .T. ) ;
#3757 = EDGE_CURVE ( 'NONE', #4590, #6913, #2674, .T. ) ;
#3758 = CARTESIAN_POINT ( 'NONE',  ( -1.125000000000000666, 0.1499999999999999667, -1.924999999999998046 ) ) ;
#3759 = DIRECTION ( 'NONE',  ( 1.000000000000000000, 0.000000000000000000, -1.577021341797093074E-15 ) ) ;
#3760 = DIRECTION ( 'NONE',  ( 0.000000000000000000, -0.000000000000000000, -1.000000000000000000 ) ) ;
#3761 = CARTESIAN_POINT ( 'NONE',  ( -1.199999999999999956, 0.1499999999999999667, -1.200000000000000178 ) ) ;
#3762 = CARTESIAN_POINT ( 'NONE',  ( 0.000000000000000000, 0.000000000000000000, -1.999999999999999556 ) ) ;
#3763 = ORIENTED_EDGE ( 'NONE', *, *, #9051, .F. ) ;
#3764 = ORIENTED_EDGE ( 'NONE', *, *, #5647, .F. ) ;
#3765 = ORIENTED_EDGE ( 'NONE', *, *, #4270, .T. ) ;
#3766 = CARTESIAN_POINT ( 'NONE',  ( -1.619058829184442994, 0.08999999999999999667, -1.124999999999982458 ) ) ;
#3767 = CARTESIAN_POINT ( 'NONE',  ( -1.124999999999999778, 0.05000000000000000278, -1.925000000000000933 ) ) ;
#3768 = LINE ( 'NONE', #5886, #4930 ) ;
#3770 = CARTESIAN_POINT ( 'NONE',  ( 1.619058829184433002, 0.08999999999999999667, 0.4749999999999936495 ) ) ;
#3769 = CYLINDRICAL_SURFACE ( 'NONE', #2184, 0.1000000000000000472 ) ;
#3771 = VERTEX_POINT ( 'NONE', #5078 ) ;
#3772 = ORIENTED_EDGE ( 'NONE', *, *, #1754, .T. ) ;
#3773 = CARTESIAN_POINT ( 'NONE',  ( -1.924999999999999156, 0.6702163011671202764, 0.1750000000000000167 ) ) ;
#3774 = AXIS2_PLACEMENT_3D ( 'NONE', #7676, #887, #3179 ) ;
#3775 = VECTOR ( 'NONE', #2152, 1000.000000000000000 ) ;
#3776 = AXIS2_PLACEMENT_3D ( 'NONE', #7040, #7725, #3971 ) ;
#3777 = EDGE_CURVE ( 'NONE', #2711, #3530, #1320, .T. ) ;
#3778 = CARTESIAN_POINT ( 'NONE',  ( -1.924999999999999156, 0.05000000000000002359, 1.125000000000000222 ) ) ;
#3779 = LINE ( 'NONE', #3636, #3533 ) ;
#3780 = LINE ( 'NONE', #6798, #3000 ) ;
#3781 = DIRECTION ( 'NONE',  ( 0.000000000000000000, -1.000000000000000000, -0.000000000000000000 ) ) ;
#3782 = VECTOR ( 'NONE', #5033, 1000.000000000000000 ) ;
#3783 = DIRECTION ( 'NONE',  ( 0.000000000000000000, 0.000000000000000000, 1.000000000000000000 ) ) ;
#3784 = AXIS2_PLACEMENT_3D ( 'NONE', #6154, #4621, #9191 ) ;
#3785 = FACE_OUTER_BOUND ( 'NONE', #2855, .T. ) ;
#3786 = MECHANICAL_DESIGN_GEOMETRIC_PRESENTATION_REPRESENTATION (  '', ( #1869 ), #5349 ) ;
#3787 = ORIENTED_EDGE ( 'NONE', *, *, #7782, .T. ) ;
#3788 = EDGE_CURVE ( 'NONE', #3200, #4591, #8765, .T. ) ;
#3789 = DIRECTION ( 'NONE',  ( 1.000000000000000000, -0.000000000000000000, 0.000000000000000000 ) ) ;
#3790 = ADVANCED_FACE ( 'NONE', ( #7958 ), #337, .F. ) ;
#3791 = VECTOR ( 'NONE', #5960, 1000.000000000000000 ) ;
#3792 = EDGE_LOOP ( 'NONE', ( #4803, #9376, #5071, #2413 ) ) ;
#3793 = EDGE_CURVE ( 'NONE', #9286, #3694, #2017, .T. ) ;
#3794 = VERTEX_POINT ( 'NONE', #5630 ) ;
#3795 = CARTESIAN_POINT ( 'NONE',  ( 0.4750000000000005884, 0.1499999999999999667, 1.925000000000000933 ) ) ;
#3796 = DIRECTION ( 'NONE',  ( 0.000000000000000000, -1.000000000000000000, 0.000000000000000000 ) ) ;
#3797 = CARTESIAN_POINT ( 'NONE',  ( -1.199999999999999956, 0.05000000000000000278, 0.000000000000000000 ) ) ;
#3798 = DIRECTION ( 'NONE',  ( -1.000000000000000000, 0.000000000000000000, 0.000000000000000000 ) ) ;
#3799 = EDGE_CURVE ( 'NONE', #2363, #317, #8659, .T. ) ;
#3800 = ORIENTED_EDGE ( 'NONE', *, *, #1268, .T. ) ;
#3801 =( NAMED_UNIT ( * ) PLANE_ANGLE_UNIT ( ) SI_UNIT ( $, .RADIAN. ) );
#3802 = EDGE_CURVE ( 'NONE', #1119, #9145, #4301, .T. ) ;
#3803 = ORIENTED_EDGE ( 'NONE', *, *, #7596, .T. ) ;
#3804 =( LENGTH_UNIT ( ) NAMED_UNIT ( * ) SI_UNIT ( .MILLI., .METRE. ) );
#3805 = ADVANCED_FACE ( 'NONE', ( #4891 ), #7908, .T. ) ;
#3806 = ORIENTED_EDGE ( 'NONE', *, *, #1268, .F. ) ;
#3807 = ORIENTED_EDGE ( 'NONE', *, *, #5893, .F. ) ;
#3808 = CARTESIAN_POINT ( 'NONE',  ( -1.649999999999999023, 0.6702163011671202764, 0.3250000000000000111 ) ) ;
#3809 = CARTESIAN_POINT ( 'NONE',  ( -0.1749999999999993783, 0.08999999999999999667, 1.999999999999999556 ) ) ;
#3810 = PLANE ( 'NONE',  #7250 ) ;
#3811 = CARTESIAN_POINT ( 'NONE',  ( -1.199999999999999956, 0.1499999999999999667, 1.099999999999999867 ) ) ;
#3812 = DIRECTION ( 'NONE',  ( -0.000000000000000000, 0.000000000000000000, 1.000000000000000000 ) ) ;
#3813 = EDGE_LOOP ( 'NONE', ( #3289, #8037, #726, #8140, #507, #917 ) ) ;
#3814 = EDGE_CURVE ( 'NONE', #2302, #2820, #9513, .T. ) ;
#3815 = VERTEX_POINT ( 'NONE', #6480 ) ;
#3816 = EDGE_CURVE ( 'NONE', #8759, #6313, #8152, .T. ) ;
#3817 = VERTEX_POINT ( 'NONE', #6628 ) ;
#3818 = DIRECTION ( 'NONE',  ( 0.000000000000000000, -1.000000000000000000, 0.000000000000000000 ) ) ;
#3819 = DIRECTION ( 'NONE',  ( 0.000000000000000000, -1.000000000000000000, 0.000000000000000000 ) ) ;
#3820 = LINE ( 'NONE', #877, #4881 ) ;
#3821 = CARTESIAN_POINT ( 'NONE',  ( 0.4750000000000005884, 0.1499999999999999667, 1.925000000000000933 ) ) ;
#3823 = FACE_OUTER_BOUND ( 'NONE', #8757, .T. ) ;
#3822 = DIRECTION ( 'NONE',  ( 0.000000000000000000, 0.000000000000000000, 1.000000000000000000 ) ) ;
#3824 = EDGE_LOOP ( 'NONE', ( #9158, #9211, #4376, #9097 ) ) ;
#3825 = CARTESIAN_POINT ( 'NONE',  ( -0.9749999999999997558, 0.1499999999999999667, -1.650000000000000799 ) ) ;
#3826 = EDGE_LOOP ( 'NONE', ( #9417, #1900, #7089, #8612 ) ) ;
#3827 = CARTESIAN_POINT ( 'NONE',  ( -0.1750000000000006828, 0.1499999999999999667, -1.999999999999999556 ) ) ;
#3828 = VECTOR ( 'NONE', #2326, 1000.000000000000000 ) ;
#3829 = VECTOR ( 'NONE', #3433, 1000.000000000000000 ) ;
#3830 = DIRECTION ( 'NONE',  ( 0.000000000000000000, 0.000000000000000000, 1.000000000000000000 ) ) ;
#3831 = DIRECTION ( 'NONE',  ( 0.000000000000000000, 0.000000000000000000, -1.000000000000000000 ) ) ;
#3832 = CARTESIAN_POINT ( 'NONE',  ( -0.9749999999999997558, 0.1499999999999999667, 1.500000000000000888 ) ) ;
#3833 = CARTESIAN_POINT ( 'NONE',  ( -0.4750000000000005884, 0.08999999999999999667, -1.999999999999999556 ) ) ;
#3834 = LINE ( 'NONE', #62, #6183 ) ;
#3835 = AXIS2_PLACEMENT_3D ( 'NONE', #8577, #4902, #1138 ) ;
#3836 = CARTESIAN_POINT ( 'NONE',  ( -1.124999999999999778, 0.6702163011671209425, -1.650000000000000577 ) ) ;
#3837 = EDGE_CURVE ( 'NONE', #6667, #7961, #2867, .T. ) ;
#3838 = VECTOR ( 'NONE', #1222, 1000.000000000000000 ) ;
#3839 = ORIENTED_EDGE ( 'NONE', *, *, #4129, .T. ) ;
#3840 = DIRECTION ( 'NONE',  ( 0.000000000000000000, 0.000000000000000000, -1.000000000000000000 ) ) ;
#3841 = EDGE_LOOP ( 'NONE', ( #9527, #8743, #1204, #7588 ) ) ;
#3842 = VERTEX_POINT ( 'NONE', #2120 ) ;
#3843 = DIRECTION ( 'NONE',  ( 0.000000000000000000, 1.000000000000000000, -0.000000000000000000 ) ) ;
#3844 = CIRCLE ( 'NONE', #1139, 0.1499999999999999667 ) ;
#3845 = PLANE ( 'NONE',  #4879 ) ;
#3846 = VECTOR ( 'NONE', #7615, 1000.000000000000000 ) ;
#3847 = DIRECTION ( 'NONE',  ( 1.000000000000000000, 0.000000000000000000, 0.000000000000000000 ) ) ;
#3848 = ORIENTED_EDGE ( 'NONE', *, *, #9264, .T. ) ;
#3849 =( NAMED_UNIT ( * ) PLANE_ANGLE_UNIT ( ) SI_UNIT ( $, .RADIAN. ) );
#3850 = ADVANCED_FACE ( 'NONE', ( #5130 ), #3613, .T. ) ;
#3851 = VECTOR ( 'NONE', #2452, 1000.000000000000000 ) ;
#3852 = ORIENTED_EDGE ( 'NONE', *, *, #3065, .T. ) ;
#3853 = EDGE_CURVE ( 'NONE', #190, #6759, #7239, .T. ) ;
#3854 = ORIENTED_EDGE ( 'NONE', *, *, #7477, .T. ) ;
#3855 = VECTOR ( 'NONE', #3871, 1000.000000000000000 ) ;
#3856 = ORIENTED_EDGE ( 'NONE', *, *, #4282, .T. ) ;
#3857 = EDGE_CURVE ( 'NONE', #8644, #2363, #5799, .T. ) ;
#3858 = FACE_OUTER_BOUND ( 'NONE', #1708, .T. ) ;
#3859 = LINE ( 'NONE', #4635, #132 ) ;
#3860 = CARTESIAN_POINT ( 'NONE',  ( 0.4749999999999993117, 0.1499999999999999667, -1.999999999999999556 ) ) ;
#3861 = CARTESIAN_POINT ( 'NONE',  ( -1.924999999999999156, 0.6702163011671202764, -0.1749999999999999056 ) ) ;
#3862 = AXIS2_PLACEMENT_3D ( 'NONE', #28, #1654, #6111 ) ;
#3863 = LINE ( 'NONE', #4492, #6991 ) ;
#3864 = ORIENTED_EDGE ( 'NONE', *, *, #1970, .T. ) ;
#3865 = ORIENTED_EDGE ( 'NONE', *, *, #1181, .F. ) ;
#3866 = ORIENTED_EDGE ( 'NONE', *, *, #5640, .F. ) ;
#3867 = EDGE_CURVE ( 'NONE', #2147, #7126, #6544, .T. ) ;
#3868 = EDGE_CURVE ( 'NONE', #5362, #3438, #7977, .T. ) ;
#3869 = VECTOR ( 'NONE', #8012, 1000.000000000000000 ) ;
#3870 = DIRECTION ( 'NONE',  ( 0.000000000000000000, 0.000000000000000000, -1.000000000000000000 ) ) ;
#3871 = DIRECTION ( 'NONE',  ( -0.000000000000000000, -1.000000000000000000, -0.000000000000000000 ) ) ;
#3872 = PLANE ( 'NONE',  #3314 ) ;
#3873 = DIRECTION ( 'NONE',  ( 0.000000000000000000, 0.000000000000000000, 1.000000000000000000 ) ) ;
#3874 = EDGE_CURVE ( 'NONE', #4591, #8277, #7830, .T. ) ;
#3875 = FACE_OUTER_BOUND ( 'NONE', #6400, .T. ) ;
#3876 = ORIENTED_EDGE ( 'NONE', *, *, #4015, .F. ) ;
#3877 = DIRECTION ( 'NONE',  ( -1.000000000000000000, 0.000000000000000000, 0.000000000000000000 ) ) ;
#3878 = ORIENTED_EDGE ( 'NONE', *, *, #7237, .T. ) ;
#3879 = LINE ( 'NONE', #9777, #9684 ) ;
#3880 = AXIS2_PLACEMENT_3D ( 'NONE', #2428, #7715, #7032 ) ;
#3881 = EDGE_CURVE ( 'NONE', #1368, #8644, #6496, .T. ) ;
#3882 = CARTESIAN_POINT ( 'NONE',  ( 0.4749999999999988676, 0.08999999999999999667, -1.925000000000000488 ) ) ;
#3883 = FACE_OUTER_BOUND ( 'NONE', #6177, .T. ) ;
#3884 = DIRECTION ( 'NONE',  ( 1.000000000000000000, 0.000000000000000000, -0.000000000000000000 ) ) ;
#3885 = LINE ( 'NONE', #696, #6222 ) ;
#3886 = LINE ( 'NONE', #1485, #2555 ) ;
#3887 = AXIS2_PLACEMENT_3D ( 'NONE', #2368, #8608, #3916 ) ;
#3888 = CARTESIAN_POINT ( 'NONE',  ( 1.099999999999999867, 0.05000000000000000278, 1.200000000000000178 ) ) ;
#3889 = ORIENTED_EDGE ( 'NONE', *, *, #795, .T. ) ;
#3890 = CARTESIAN_POINT ( 'NONE',  ( -1.599999999999999201, 1.500000000000000000, -1.600000000000000755 ) ) ;
#3891 = ORIENTED_EDGE ( 'NONE', *, *, #8775, .F. ) ;
#3892 = VECTOR ( 'NONE', #5714, 1000.000000000000000 ) ;
#3893 = ORIENTED_EDGE ( 'NONE', *, *, #3070, .T. ) ;
#3894 = CARTESIAN_POINT ( 'NONE',  ( 1.125000000000000222, 0.1499999999999999944, 1.650000000000000577 ) ) ;
#3895 = COLOUR_RGB ( '',0.7921568627450980005, 0.8196078431372548767, 0.9333333333333333481 ) ;
#3896 = LINE ( 'NONE', #9038, #8836 ) ;
#3897 = FACE_OUTER_BOUND ( 'NONE', #8280, .T. ) ;
#3898 = VERTEX_POINT ( 'NONE', #3395 ) ;
#3899 = ORIENTED_EDGE ( 'NONE', *, *, #9817, .T. ) ;
#3900 = VERTEX_POINT ( 'NONE', #7198 ) ;
#3901 = ADVANCED_FACE ( 'NONE', ( #4961 ), #4855, .T. ) ;
#3902 = VERTEX_POINT ( 'NONE', #4229 ) ;
#3903 = ADVANCED_FACE ( 'NONE', ( #4810 ), #5604, .T. ) ;
#3904 = CARTESIAN_POINT ( 'NONE',  ( 2.782785576046128573E-15, 0.05000000000000000278, 1.924999999999999822 ) ) ;
#3905 = DIRECTION ( 'NONE',  ( -1.000000000000000000, -0.000000000000000000, 1.047444401652940007E-14 ) ) ;
#3906 = VECTOR ( 'NONE', #3006, 1000.000000000000000 ) ;
#3907 = CARTESIAN_POINT ( 'NONE',  ( 0.9750000000000001998, 0.000000000000000000, 1.500000000000000888 ) ) ;
#3908 =( NAMED_UNIT ( * ) PLANE_ANGLE_UNIT ( ) SI_UNIT ( $, .RADIAN. ) );
#3909 = VERTEX_POINT ( 'NONE', #6350 ) ;
#3910 = ORIENTED_EDGE ( 'NONE', *, *, #1488, .F. ) ;
#3911 = VERTEX_POINT ( 'NONE', #8635 ) ;
#3912 = EDGE_CURVE ( 'NONE', #4037, #2019, #7306, .T. ) ;
#3913 = DIRECTION ( 'NONE',  ( 0.000000000000000000, 1.000000000000000000, 0.000000000000000000 ) ) ;
#3914 = CARTESIAN_POINT ( 'NONE',  ( 1.199999999999999956, 0.1499999999999999667, -1.199999999999999734 ) ) ;
#3915 = DIRECTION ( 'NONE',  ( 0.000000000000000000, -0.000000000000000000, 1.000000000000000000 ) ) ;
#3916 = DIRECTION ( 'NONE',  ( 0.000000000000000000, 0.000000000000000000, -1.000000000000000000 ) ) ;
#3917 = CARTESIAN_POINT ( 'NONE',  ( 0.8250000000000001776, 0.1499999999999999944, -1.925000000000000933 ) ) ;
#3918 = EDGE_LOOP ( 'NONE', ( #7869, #9448, #2858, #7445 ) ) ;
#3919 = ORIENTED_EDGE ( 'NONE', *, *, #5490, .T. ) ;
#3920 = ADVANCED_FACE ( 'NONE', ( #6402 ), #2595, .F. ) ;
#3921 = PLANE ( 'NONE',  #2240 ) ;
#3922 = EDGE_CURVE ( 'NONE', #8884, #5178, #9438, .T. ) ;
#3923 = DIRECTION ( 'NONE',  ( 1.047444401652940007E-14, 0.000000000000000000, 1.000000000000000000 ) ) ;
#3925 = LINE ( 'NONE', #4887, #9108 ) ;
#3924 = DIRECTION ( 'NONE',  ( -1.000000000000000000, 0.000000000000000000, 3.942553354492742052E-16 ) ) ;
#3926 = CARTESIAN_POINT ( 'NONE',  ( 0.1750000000000006828, 0.1499999999999999667, 1.925000000000001377 ) ) ;
#3927 = CARTESIAN_POINT ( 'NONE',  ( -0.8249999999999997335, 0.1499999999999999667, -1.650000000000000577 ) ) ;
#3928 = DIRECTION ( 'NONE',  ( -3.491481338843133355E-15, 0.000000000000000000, -1.000000000000000000 ) ) ;
#3929 = AXIS2_PLACEMENT_3D ( 'NONE', #4452, #5237, #3029 ) ;
#3930 = EDGE_CURVE ( 'NONE', #6654, #882, #5750, .T. ) ;
#3931 = CARTESIAN_POINT ( 'NONE',  ( 1.619058829184428339, 0.08999999999999999667, -0.8250000000000062839 ) ) ;
#3932 = VERTEX_POINT ( 'NONE', #1243 ) ;
#3933 = DIRECTION ( 'NONE',  ( -0.000000000000000000, -1.000000000000000000, 0.000000000000000000 ) ) ;
#3934 = EDGE_CURVE ( 'NONE', #6001, #4417, #4274, .T. ) ;
#3935 = VECTOR ( 'NONE', #2621, 1000.000000000000000 ) ;
#3936 = ORIENTED_EDGE ( 'NONE', *, *, #1595, .F. ) ;
#3937 = VECTOR ( 'NONE', #7552, 1000.000000000000000 ) ;
#3938 = LINE ( 'NONE', #3894, #8642 ) ;
#3939 = CARTESIAN_POINT ( 'NONE',  ( -0.9749999999999997558, 0.1499999999999999944, -1.650000000000000799 ) ) ;
#3940 = SURFACE_STYLE_USAGE ( .BOTH. , #9442 ) ;
#3941 = DIRECTION ( 'NONE',  ( -3.491481338843133355E-15, 0.000000000000000000, -1.000000000000000000 ) ) ;
#3942 = CIRCLE ( 'NONE', #2030, 0.1000000000000000472 ) ;
#3943 = ORIENTED_EDGE ( 'NONE', *, *, #3452, .T. ) ;
#3944 = DIRECTION ( 'NONE',  ( 0.000000000000000000, 1.000000000000000000, 0.000000000000000000 ) ) ;
#3945 = ORIENTED_EDGE ( 'NONE', *, *, #3478, .T. ) ;
#3946 = STYLED_ITEM ( 'NONE', ( #8497 ), #5139 ) ;
#3947 = ORIENTED_EDGE ( 'NONE', *, *, #7057, .T. ) ;
#3948 = ORIENTED_EDGE ( 'NONE', *, *, #1111, .F. ) ;
#3949 = FACE_OUTER_BOUND ( 'NONE', #1710, .T. ) ;
#3950 = DIRECTION ( 'NONE',  ( 0.000000000000000000, -1.000000000000000000, 0.000000000000000000 ) ) ;
#3951 = CARTESIAN_POINT ( 'NONE',  ( 0.4750000000000001443, 0.000000000000000000, -1.925000000000000933 ) ) ;
#3952 = LINE ( 'NONE', #770, #5500 ) ;
#3953 = DIRECTION ( 'NONE',  ( 0.000000000000000000, 0.000000000000000000, -1.000000000000000000 ) ) ;
#3954 = VERTEX_POINT ( 'NONE', #3537 ) ;
#3955 = ORIENTED_EDGE ( 'NONE', *, *, #5877, .F. ) ;
#3956 = EDGE_CURVE ( 'NONE', #7070, #7925, #2647, .T. ) ;
#3957 = ORIENTED_EDGE ( 'NONE', *, *, #6098, .T. ) ;
#3958 = CARTESIAN_POINT ( 'NONE',  ( -1.125000000000000666, 0.1499999999999999667, -1.999999999999999556 ) ) ;
#3959 = LINE ( 'NONE', #3914, #6296 ) ;
#3960 =( NAMED_UNIT ( * ) PLANE_ANGLE_UNIT ( ) SI_UNIT ( $, .RADIAN. ) );
#3961 = CARTESIAN_POINT ( 'NONE',  ( -1.924999999999999156, 0.000000000000000000, -0.8249999999999998446 ) ) ;
#3962 = DIRECTION ( 'NONE',  ( 0.000000000000000000, -1.000000000000000000, 0.000000000000000000 ) ) ;
#3963 = ORIENTED_EDGE ( 'NONE', *, *, #8697, .F. ) ;
#3964 = SURFACE_SIDE_STYLE ('',( #7080 ) ) ;
#3965 = ORIENTED_EDGE ( 'NONE', *, *, #9611, .T. ) ;
#3966 = DIRECTION ( 'NONE',  ( 0.000000000000000000, 0.000000000000000000, 1.000000000000000000 ) ) ;
#3967 = EDGE_CURVE ( 'NONE', #8454, #3482, #9387, .T. ) ;
#3968 = EDGE_CURVE ( 'NONE', #6325, #5480, #1881, .T. ) ;
#3969 = PRESENTATION_STYLE_ASSIGNMENT (( #1818 ) ) ;
#3970 = FACE_OUTER_BOUND ( 'NONE', #310, .T. ) ;
#3971 = DIRECTION ( 'NONE',  ( 0.000000000000000000, 0.000000000000000000, -1.000000000000000000 ) ) ;
#3972 = LINE ( 'NONE', #6987, #4622 ) ;
#3973 = LINE ( 'NONE', #9230, #7767 ) ;
#3974 = VERTEX_POINT ( 'NONE', #4178 ) ;
#3975 = PLANE ( 'NONE',  #6024 ) ;
#3976 = VERTEX_POINT ( 'NONE', #3442 ) ;
#3977 = ADVANCED_FACE ( 'NONE', ( #3733 ), #5146, .T. ) ;
#3978 = DIRECTION ( 'NONE',  ( -0.000000000000000000, -1.000000000000000000, -0.000000000000000000 ) ) ;
#3979 = VERTEX_POINT ( 'NONE', #7432 ) ;
#3980 = CARTESIAN_POINT ( 'NONE',  ( 1.649999999999999023, 0.000000000000000000, 1.125000000000000000 ) ) ;
#3981 = VECTOR ( 'NONE', #7389, 1000.000000000000000 ) ;
#3982 = AXIS2_PLACEMENT_3D ( 'NONE', #1676, #2231, #5241 ) ;
#3983 = DIRECTION ( 'NONE',  ( -1.000000000000000000, 0.000000000000000000, -3.942553354492742052E-16 ) ) ;
#3984 = LINE ( 'NONE', #7521, #6924 ) ;
#3985 = CARTESIAN_POINT ( 'NONE',  ( -0.9749999999999997558, 0.000000000000000000, 1.500000000000000888 ) ) ;
#3986 = EDGE_CURVE ( 'NONE', #5039, #8131, #7483, .T. ) ;
#3987 = AXIS2_PLACEMENT_3D ( 'NONE', #1083, #6293, #7681 ) ;
#3988 = ORIENTED_EDGE ( 'NONE', *, *, #9003, .F. ) ;
#3989 = LINE ( 'NONE', #692, #666 ) ;
#3990 = ORIENTED_EDGE ( 'NONE', *, *, #4456, .F. ) ;
#3991 = ORIENTED_EDGE ( 'NONE', *, *, #7662, .F. ) ;
#3992 = ORIENTED_EDGE ( 'NONE', *, *, #1665, .F. ) ;
#3993 = VECTOR ( 'NONE', #4074, 1000.000000000000000 ) ;
#3994 = AXIS2_PLACEMENT_3D ( 'NONE', #9617, #5046, #4998 ) ;
#3995 = CARTESIAN_POINT ( 'NONE',  ( -1.649999999999999023, 0.1499999999999999667, -0.3250000000000000111 ) ) ;
#3996 = DIRECTION ( 'NONE',  ( 1.000000000000000000, -0.000000000000000000, 0.000000000000000000 ) ) ;
#3997 = CARTESIAN_POINT ( 'NONE',  ( 1.199999999999999956, 0.1499999999999999667, 1.100000000000000311 ) ) ;
#3998 = SURFACE_STYLE_FILL_AREA ( #7800 ) ;
#3999 = EDGE_LOOP ( 'NONE', ( #6395, #794, #5821, #6911 ) ) ;
#4000 = AXIS2_PLACEMENT_3D ( 'NONE', #3135, #788, #3831 ) ;
#4001 = VECTOR ( 'NONE', #3270, 1000.000000000000000 ) ;
#4002 = ORIENTED_EDGE ( 'NONE', *, *, #4473, .T. ) ;
#4003 = VERTEX_POINT ( 'NONE', #4366 ) ;
#4004 = UNCERTAINTY_MEASURE_WITH_UNIT (LENGTH_MEASURE( 1.000000000000000082E-05 ), #6530, 'distance_accuracy_value', 'NONE');
#4005 = VECTOR ( 'NONE', #8270, 1000.000000000000000 ) ;
#4006 = LINE ( 'NONE', #7027, #4001 ) ;
#4007 = VECTOR ( 'NONE', #1337, 1000.000000000000000 ) ;
#4008 = CARTESIAN_POINT ( 'NONE',  ( -1.649999999999999023, 0.05000000000000002359, 0.3250000000000000111 ) ) ;
#4009 = DIRECTION ( 'NONE',  ( 0.000000000000000000, 0.000000000000000000, 1.000000000000000000 ) ) ;
#4010 = PLANE ( 'NONE',  #8735 ) ;
#4011 = EDGE_LOOP ( 'NONE', ( #3084, #4592, #1206, #5792 ) ) ;
#4012 = LINE ( 'NONE', #5582, #3405 ) ;
#4013 = ORIENTED_EDGE ( 'NONE', *, *, #288, .T. ) ;
#4014 = DIRECTION ( 'NONE',  ( 1.000000000000000000, -0.000000000000000000, 0.000000000000000000 ) ) ;
#4015 = EDGE_CURVE ( 'NONE', #1047, #4723, #5099, .T. ) ;
#4016 = DIRECTION ( 'NONE',  ( 0.000000000000000000, -1.000000000000000000, 0.000000000000000000 ) ) ;
#4017 = CARTESIAN_POINT ( 'NONE',  ( -0.9749999999999997558, 0.1499999999999999944, 1.650000000000000799 ) ) ;
#4018 = LINE ( 'NONE', #1680, #916 ) ;
#4019 = ADVANCED_FACE ( 'NONE', ( #8219 ), #7384, .T. ) ;
#4020 = LINE ( 'NONE', #1823, #2886 ) ;
#4021 = DIRECTION ( 'NONE',  ( -0.000000000000000000, -1.000000000000000000, -0.000000000000000000 ) ) ;
#4022 = VERTEX_POINT ( 'NONE', #8272 ) ;
#4023 = ORIENTED_EDGE ( 'NONE', *, *, #6061, .F. ) ;
#4024 = VECTOR ( 'NONE', #5955, 1000.000000000000000 ) ;
#4025 = VECTOR ( 'NONE', #2573, 1000.000000000000000 ) ;
#4026 = CARTESIAN_POINT ( 'NONE',  ( -1.124999999999999778, 0.6702163011671209425, -1.925000000000000933 ) ) ;
#4027 = ORIENTED_EDGE ( 'NONE', *, *, #6739, .F. ) ;
#4028 = DIRECTION ( 'NONE',  ( 0.000000000000000000, 0.000000000000000000, -1.000000000000000000 ) ) ;
#4029 = VERTEX_POINT ( 'NONE', #2235 ) ;
#4030 = AXIS2_PLACEMENT_3D ( 'NONE', #4650, #3171, #2478 ) ;
#4031 = LINE ( 'NONE', #7881, #8804 ) ;
#4032 = LINE ( 'NONE', #364, #4564 ) ;
#4033 = DIRECTION ( 'NONE',  ( -1.000000000000000000, 0.000000000000000000, 0.000000000000000000 ) ) ;
#4034 = CARTESIAN_POINT ( 'NONE',  ( -0.3249999999999997891, 0.6702163011671209425, 1.500000000000000888 ) ) ;
#4035 = ORIENTED_EDGE ( 'NONE', *, *, #759, .F. ) ;
#4036 = ADVANCED_FACE ( 'NONE', ( #5053 ), #9732, .T. ) ;
#4037 = VERTEX_POINT ( 'NONE', #3684 ) ;
#4038 = ORIENTED_EDGE ( 'NONE', *, *, #2441, .T. ) ;
#4039 = ORIENTED_EDGE ( 'NONE', *, *, #2219, .T. ) ;
#4040 = LINE ( 'NONE', #4088, #5948 ) ;
#4041 = DIRECTION ( 'NONE',  ( 0.000000000000000000, 1.000000000000000000, -0.000000000000000000 ) ) ;
#4042 = MECHANICAL_DESIGN_GEOMETRIC_PRESENTATION_REPRESENTATION (  '', ( #5775 ), #2758 ) ;
#4043 = CARTESIAN_POINT ( 'NONE',  ( 1.925000000000005373, 0.08999999999999999667, 1.124999999999992450 ) ) ;
#4044 = CARTESIAN_POINT ( 'NONE',  ( 1.924999999999999156, 0.1499999999999999667, -0.4749999999999999223 ) ) ;
#4045 = ORIENTED_EDGE ( 'NONE', *, *, #632, .F. ) ;
#4046 = STYLED_ITEM ( 'NONE', ( #2814 ), #2123 ) ;
#4047 = ADVANCED_FACE ( 'NONE', ( #9678 ), #1382, .F. ) ;
#4048 = ORIENTED_EDGE ( 'NONE', *, *, #8394, .T. ) ;
#4049 = ORIENTED_EDGE ( 'NONE', *, *, #7370, .F. ) ;
#4050 = EDGE_CURVE ( 'NONE', #3900, #5559, #3779, .T. ) ;
#4051 = VECTOR ( 'NONE', #3549, 1000.000000000000000 ) ;
#4052 = DIRECTION ( 'NONE',  ( 0.000000000000000000, 0.000000000000000000, 1.000000000000000000 ) ) ;
#4053 = DIRECTION ( 'NONE',  ( -0.000000000000000000, -1.000000000000000000, -0.000000000000000000 ) ) ;
#4054 = DIRECTION ( 'NONE',  ( -0.000000000000000000, -1.000000000000000000, -0.000000000000000000 ) ) ;
#4055 = LINE ( 'NONE', #2526, #1601 ) ;
#4056 = ORIENTED_EDGE ( 'NONE', *, *, #258, .T. ) ;
#4057 = FILL_AREA_STYLE_COLOUR ( '', #5596 ) ;
#4058 = ORIENTED_EDGE ( 'NONE', *, *, #633, .F. ) ;
#4059 = AXIS2_PLACEMENT_3D ( 'NONE', #2460, #907, #5464 ) ;
#4060 = DIRECTION ( 'NONE',  ( 0.000000000000000000, -0.000000000000000000, 1.000000000000000000 ) ) ;
#4061 =( NAMED_UNIT ( * ) PLANE_ANGLE_UNIT ( ) SI_UNIT ( $, .RADIAN. ) );
#4062 = CARTESIAN_POINT ( 'NONE',  ( -1.924999999999999156, 0.1499999999999999667, -1.125000000000000000 ) ) ;
#4063 = DIRECTION ( 'NONE',  ( 0.000000000000000000, -0.000000000000000000, 1.000000000000000000 ) ) ;
#4064 = CARTESIAN_POINT ( 'NONE',  ( -0.4749999999999997558, 0.1499999999999999667, -1.650000000000000577 ) ) ;
#4065 = CARTESIAN_POINT ( 'NONE',  ( -1.925000000000009592, 0.08999999999999999667, -0.8249999999999791944 ) ) ;
#4066 = ORIENTED_EDGE ( 'NONE', *, *, #6549, .T. ) ;
#4067 = ORIENTED_EDGE ( 'NONE', *, *, #3182, .T. ) ;
#4068 = ADVANCED_FACE ( 'NONE', ( #2044 ), #1285, .F. ) ;
#4069 = DIRECTION ( 'NONE',  ( -1.000000000000000000, 0.000000000000000000, 1.084202172485504434E-16 ) ) ;
#4070 = ORIENTED_EDGE ( 'NONE', *, *, #399, .F. ) ;
#4071 = CARTESIAN_POINT ( 'NONE',  ( 0.4750000000000005884, 0.1499999999999999667, 1.925000000000000933 ) ) ;
#4072 = EDGE_CURVE ( 'NONE', #2019, #8644, #8981, .T. ) ;
#4073 = VERTEX_POINT ( 'NONE', #739 ) ;
#4074 = DIRECTION ( 'NONE',  ( -0.000000000000000000, -1.000000000000000000, -0.000000000000000000 ) ) ;
#4075 = CARTESIAN_POINT ( 'NONE',  ( -0.8249999999999992895, 0.6702163011671209425, 1.925000000000000933 ) ) ;
#4076 = AXIS2_PLACEMENT_3D ( 'NONE', #5589, #4016, #148 ) ;
#4077 = CARTESIAN_POINT ( 'NONE',  ( -0.4749999999999997558, 0.000000000000000000, -1.650000000000000577 ) ) ;
#4078 = DIRECTION ( 'NONE',  ( 0.000000000000000000, 0.000000000000000000, 1.000000000000000000 ) ) ;
#4079 = DIRECTION ( 'NONE',  ( 3.491481338843133355E-15, -0.000000000000000000, 1.000000000000000000 ) ) ;
#4080 = ORIENTED_EDGE ( 'NONE', *, *, #7717, .F. ) ;
#4081 = EDGE_CURVE ( 'NONE', #241, #3739, #2140, .T. ) ;
#4082 = EDGE_LOOP ( 'NONE', ( #7116, #402, #232, #1815 ) ) ;
#4083 = ORIENTED_EDGE ( 'NONE', *, *, #2477, .T. ) ;
#4084 = VECTOR ( 'NONE', #3116, 1000.000000000000000 ) ;
#4085 = ORIENTED_EDGE ( 'NONE', *, *, #2023, .F. ) ;
#4086 = ADVANCED_FACE ( 'NONE', ( #2187 ), #2842, .T. ) ;
#4087 = CIRCLE ( 'NONE', #7244, 0.1499999999999999667 ) ;
#4088 = CARTESIAN_POINT ( 'NONE',  ( 0.4749999999999993117, 0.08999999999999999667, -1.999999999999999556 ) ) ;
#4089 = VECTOR ( 'NONE', #1273, 1000.000000000000000 ) ;
#4090 = ADVANCED_FACE ( 'NONE', ( #1429 ), #4463, .T. ) ;
#4091 = LINE ( 'NONE', #3306, #6461 ) ;
#4092 = DIRECTION ( 'NONE',  ( 0.000000000000000000, -1.000000000000000000, 0.000000000000000000 ) ) ;
#4093 = CARTESIAN_POINT ( 'NONE',  ( 0.4750000000000005884, 0.1499999999999999667, 1.999999999999999556 ) ) ;
#4094 = EDGE_CURVE ( 'NONE', #5165, #9483, #2992, .T. ) ;
#4095 = VECTOR ( 'NONE', #3357, 1000.000000000000000 ) ;
#4096 = ADVANCED_FACE ( 'NONE', ( #5995 ), #6041, .F. ) ;
#4097 = ORIENTED_EDGE ( 'NONE', *, *, #2658, .T. ) ;
#4098 = VECTOR ( 'NONE', #4127, 1000.000000000000000 ) ;
#4099 = ORIENTED_EDGE ( 'NONE', *, *, #1970, .F. ) ;
#4100 = AXIS2_PLACEMENT_3D ( 'NONE', #5185, #6832, #3915 ) ;
#4101 = ORIENTED_EDGE ( 'NONE', *, *, #977, .T. ) ;
#4102 = UNCERTAINTY_MEASURE_WITH_UNIT (LENGTH_MEASURE( 1.000000000000000082E-05 ), #9072, 'distance_accuracy_value', 'NONE');
#4103 = LINE ( 'NONE', #4250, #1781 ) ;
#4104 = DIRECTION ( 'NONE',  ( -1.000000000000000000, 0.000000000000000000, 0.000000000000000000 ) ) ;
#4105 = LINE ( 'NONE', #9312, #1539 ) ;
#4106 = PRESENTATION_STYLE_ASSIGNMENT (( #9358 ) ) ;
#4107 = DIRECTION ( 'NONE',  ( 0.000000000000000000, 0.000000000000000000, -1.000000000000000000 ) ) ;
#4108 = LINE ( 'NONE', #7125, #35 ) ;
#4109 = ORIENTED_EDGE ( 'NONE', *, *, #3571, .F. ) ;
#4110 = DIRECTION ( 'NONE',  ( 0.000000000000000000, 1.000000000000000000, 0.000000000000000000 ) ) ;
#4111 = ORIENTED_EDGE ( 'NONE', *, *, #6083, .F. ) ;
#4112 = ADVANCED_FACE ( 'NONE', ( #59 ), #9177, .F. ) ;
#4113 = CARTESIAN_POINT ( 'NONE',  ( 1.950000000000002620, 0.05000000000000000278, 1.924999999999999822 ) ) ;
#4114 = PLANE ( 'NONE',  #6371 ) ;
#4115 = PLANE ( 'NONE',  #1771 ) ;
#4116 = FACE_OUTER_BOUND ( 'NONE', #4788, .T. ) ;
#4117 = FACE_OUTER_BOUND ( 'NONE', #3813, .T. ) ;
#4118 = DIRECTION ( 'NONE',  ( -0.000000000000000000, -1.000000000000000000, -0.000000000000000000 ) ) ;
#4119 = VERTEX_POINT ( 'NONE', #2487 ) ;
#4120 = EDGE_LOOP ( 'NONE', ( #6003, #7659, #231, #5363 ) ) ;
#4121 = PLANE ( 'NONE',  #9045 ) ;
#4122 = ORIENTED_EDGE ( 'NONE', *, *, #7289, .T. ) ;
#4123 = ORIENTED_EDGE ( 'NONE', *, *, #3837, .F. ) ;
#4124 = DIRECTION ( 'NONE',  ( -0.000000000000000000, -1.000000000000000000, -0.000000000000000000 ) ) ;
#4125 = CARTESIAN_POINT ( 'NONE',  ( 0.4749999999999993117, 0.1499999999999999667, -1.999999999999999556 ) ) ;
#4126 = LINE ( 'NONE', #4857, #5738 ) ;
#4127 = DIRECTION ( 'NONE',  ( 0.000000000000000000, -1.000000000000000000, 0.000000000000000000 ) ) ;
#4128 = DIRECTION ( 'NONE',  ( 0.000000000000000000, 1.000000000000000000, 0.000000000000000000 ) ) ;
#4129 = EDGE_CURVE ( 'NONE', #7449, #8843, #4702, .T. ) ;
#4130 = ORIENTED_EDGE ( 'NONE', *, *, #1221, .T. ) ;
#4131 = EDGE_LOOP ( 'NONE', ( #5060, #1672, #9342, #6919 ) ) ;
#4132 = DIRECTION ( 'NONE',  ( 1.807003620809174385E-16, 0.000000000000000000, -1.000000000000000000 ) ) ;
#4133 = ORIENTED_EDGE ( 'NONE', *, *, #2327, .T. ) ;
#4134 = VECTOR ( 'NONE', #3034, 1000.000000000000000 ) ;
#4135 = LINE ( 'NONE', #3353, #5316 ) ;
#4136 = VECTOR ( 'NONE', #2382, 1000.000000000000000 ) ;
#4137 = PLANE ( 'NONE',  #8999 ) ;
#4138 = EDGE_CURVE ( 'NONE', #4731, #4901, #6894, .T. ) ;
#4139 = CARTESIAN_POINT ( 'NONE',  ( 0.4750000000000001443, 0.04999999999999999584, -1.925000000000000933 ) ) ;
#4140 = ADVANCED_FACE ( 'NONE', ( #9278 ), #5298, .T. ) ;
#4141 = CARTESIAN_POINT ( 'NONE',  ( 1.924999999999998712, 0.08999999999999999667, -0.1750000000000073996 ) ) ;
#4142 = EDGE_LOOP ( 'NONE', ( #5771, #8342, #5310, #6052 ) ) ;
#4143 = VECTOR ( 'NONE', #5106, 1000.000000000000000 ) ;
#4144 = VERTEX_POINT ( 'NONE', #7039 ) ;
#4145 = ADVANCED_FACE ( 'NONE', ( #3092 ), #1726, .T. ) ;
#4146 = CIRCLE ( 'NONE', #4612, 0.1000000000000000472 ) ;
#4147 = ORIENTED_EDGE ( 'NONE', *, *, #6914, .F. ) ;
#4148 = VECTOR ( 'NONE', #5939, 1000.000000000000000 ) ;
#4149 = COLOUR_RGB ( '',0.7921568627450980005, 0.8196078431372548767, 0.9333333333333333481 ) ;
#4150 = CARTESIAN_POINT ( 'NONE',  ( 0.3250000000000001776, 0.04999999999999999584, 1.500000000000000888 ) ) ;
#4151 = FACE_OUTER_BOUND ( 'NONE', #5048, .T. ) ;
#4152 = DIRECTION ( 'NONE',  ( 1.000000000000000000, 0.000000000000000000, -3.491481338843133355E-15 ) ) ;
#4153 = CARTESIAN_POINT ( 'NONE',  ( 1.924999999999999156, 0.08999999999999999667, -0.1750000000000073996 ) ) ;
#4154 = VECTOR ( 'NONE', #7374, 1000.000000000000000 ) ;
#4155 = CARTESIAN_POINT ( 'NONE',  ( 1.924999999999999156, 0.05000000000000000278, -1.125000000000000000 ) ) ;
#4156 = AXIS2_PLACEMENT_3D ( 'NONE', #8013, #7966, #8771 ) ;
#4157 = ORIENTED_EDGE ( 'NONE', *, *, #8195, .F. ) ;
#4158 = CARTESIAN_POINT ( 'NONE',  ( 0.1750000000000006828, 0.08999999999999999667, 1.924999999999999600 ) ) ;
#4159 = ORIENTED_EDGE ( 'NONE', *, *, #7669, .T. ) ;
#4160 = FACE_OUTER_BOUND ( 'NONE', #5745, .T. ) ;
#4161 = MECHANICAL_DESIGN_GEOMETRIC_PRESENTATION_REPRESENTATION (  '', ( #8741 ), #2576 ) ;
#4162 = ADVANCED_FACE ( 'NONE', ( #3970 ), #5487, .T. ) ;
#4163 = AXIS2_PLACEMENT_3D ( 'NONE', #8795, #2798, #1999 ) ;
#4164 = VECTOR ( 'NONE', #1315, 1000.000000000000000 ) ;
#4165 = ADVANCED_FACE ( 'NONE', ( #8522 ), #1678, .T. ) ;
#4166 = DIRECTION ( 'NONE',  ( 0.000000000000000000, -1.000000000000000000, 0.000000000000000000 ) ) ;
#4167 = CARTESIAN_POINT ( 'NONE',  ( 1.125000000000000666, 0.1499999999999999667, 1.925000000000000933 ) ) ;
#4168 = CARTESIAN_POINT ( 'NONE',  ( -0.9749999999999997558, 0.000000000000000000, -1.650000000000000799 ) ) ;
#4169 = FACE_OUTER_BOUND ( 'NONE', #1151, .T. ) ;
#4170 = LINE ( 'NONE', #7969, #5564 ) ;
#4171 = CARTESIAN_POINT ( 'NONE',  ( 1.925000000000001377, 0.08999999999999999667, 0.4749999999999925948 ) ) ;
#4172 = ORIENTED_EDGE ( 'NONE', *, *, #8957, .F. ) ;
#4173 = ORIENTED_EDGE ( 'NONE', *, *, #1839, .T. ) ;
#4174 = AXIS2_PLACEMENT_3D ( 'NONE', #8786, #8732, #456 ) ;
#4175 = CARTESIAN_POINT ( 'NONE',  ( 0.1750000000000006828, 0.08999999999999999667, 1.999999999999999556 ) ) ;
#4176 = VERTEX_POINT ( 'NONE', #929 ) ;
#4177 = ORIENTED_EDGE ( 'NONE', *, *, #1711, .T. ) ;
#4178 = CARTESIAN_POINT ( 'NONE',  ( -0.1749999999999998224, 0.1499999999999999667, -1.650000000000000577 ) ) ;
#4179 = AXIS2_PLACEMENT_3D ( 'NONE', #2445, #3933, #9235 ) ;
#4180 = LINE ( 'NONE', #4811, #2957 ) ;
#4181 = CARTESIAN_POINT ( 'NONE',  ( -0.9749999999999997558, 0.000000000000000000, 1.650000000000000799 ) ) ;
#4182 = DIRECTION ( 'NONE',  ( 0.000000000000000000, 0.000000000000000000, -1.000000000000000000 ) ) ;
#4183 = CARTESIAN_POINT ( 'NONE',  ( 1.125000000000000666, 0.1500000000000008271, 1.999999999999999112 ) ) ;
#4184 = DIRECTION ( 'NONE',  ( 0.000000000000000000, 0.000000000000000000, 1.000000000000000000 ) ) ;
#4185 = ORIENTED_EDGE ( 'NONE', *, *, #4567, .F. ) ;
#4186 = EDGE_LOOP ( 'NONE', ( #3955, #2666, #7959, #4099 ) ) ;
#4187 = ORIENTED_EDGE ( 'NONE', *, *, #6631, .T. ) ;
#4188 = MECHANICAL_DESIGN_GEOMETRIC_PRESENTATION_REPRESENTATION (  '', ( #6721 ), #5921 ) ;
#4189 = ORIENTED_EDGE ( 'NONE', *, *, #4290, .F. ) ;
#4190 = DIRECTION ( 'NONE',  ( 1.000000000000000000, 0.000000000000000000, 1.807003620809174385E-16 ) ) ;
#4191 = DIRECTION ( 'NONE',  ( 0.000000000000000000, -0.000000000000000000, -1.000000000000000000 ) ) ;
#4192 = FILL_AREA_STYLE ('',( #1005 ) ) ;
#4193 = DIRECTION ( 'NONE',  ( -0.000000000000000000, -1.000000000000000000, -0.000000000000000000 ) ) ;
#4194 = AXIS2_PLACEMENT_3D ( 'NONE', #3515, #1116, #6428 ) ;
#4195 = PLANE ( 'NONE',  #9064 ) ;
#4196 = ADVANCED_FACE ( 'NONE', ( #3883 ), #975, .T. ) ;
#4197 = ORIENTED_EDGE ( 'NONE', *, *, #6649, .T. ) ;
#4198 = COLOUR_RGB ( '',0.7921568627450980005, 0.8196078431372548767, 0.9333333333333333481 ) ;
#4199 = ORIENTED_EDGE ( 'NONE', *, *, #1736, .T. ) ;
#4200 = UNCERTAINTY_MEASURE_WITH_UNIT (LENGTH_MEASURE( 1.000000000000000082E-05 ), #7037, 'distance_accuracy_value', 'NONE');
#4201 = ADVANCED_FACE ( 'NONE', ( #6186 ), #104, .F. ) ;
#4202 = AXIS2_PLACEMENT_3D ( 'NONE', #9242, #119, #2393 ) ;
#4203 = CARTESIAN_POINT ( 'NONE',  ( 0.9750000000000001998, 0.1499999999999999667, 1.650000000000000799 ) ) ;
#4204 = LINE ( 'NONE', #7218, #9755 ) ;
#4205 = CARTESIAN_POINT ( 'NONE',  ( 1.649999999999999023, 0.05000000000000002359, -0.8249999999999999556 ) ) ;
#4206 = CARTESIAN_POINT ( 'NONE',  ( -1.924999999999999156, 0.000000000000000000, -1.125000000000000000 ) ) ;
#4207 = CARTESIAN_POINT ( 'NONE',  ( 1.124999999999999334, 0.1499999999999999667, -1.619058829184431225 ) ) ;
#4208 = CARTESIAN_POINT ( 'NONE',  ( -0.3249999999999997891, 0.1499999999999999944, 1.650000000000000799 ) ) ;
#4209 = VERTEX_POINT ( 'NONE', #5386 ) ;
#4210 = LINE ( 'NONE', #434, #2928 ) ;
#4211 = ORIENTED_EDGE ( 'NONE', *, *, #49, .T. ) ;
#4212 = FACE_OUTER_BOUND ( 'NONE', #407, .T. ) ;
#4213 = ADVANCED_FACE ( 'NONE', ( #6241 ), #6984, .F. ) ;
#4214 = VECTOR ( 'NONE', #1495, 1000.000000000000000 ) ;
#4215 = CARTESIAN_POINT ( 'NONE',  ( -1.924999999999999156, 0.1499999999999999667, -0.8249999999999998446 ) ) ;
#4216 = DIRECTION ( 'NONE',  ( -3.491481338843133355E-15, 0.000000000000000000, -1.000000000000000000 ) ) ;
#4217 = LINE ( 'NONE', #7229, #8585 ) ;
#4218 = CARTESIAN_POINT ( 'NONE',  ( -0.8249999999999997335, 0.1499999999999999944, -1.650000000000000577 ) ) ;
#4219 = DIRECTION ( 'NONE',  ( 0.000000000000000000, 0.000000000000000000, 1.000000000000000000 ) ) ;
#4220 = EDGE_CURVE ( 'NONE', #1638, #8147, #9128, .T. ) ;
#4221 = DIRECTION ( 'NONE',  ( -0.000000000000000000, 0.000000000000000000, -1.000000000000000000 ) ) ;
#4222 = EDGE_LOOP ( 'NONE', ( #9316, #4848, #2114, #3919 ) ) ;
#4223 = ORIENTED_EDGE ( 'NONE', *, *, #4072, .T. ) ;
#4224 = AXIS2_PLACEMENT_3D ( 'NONE', #8596, #373, #6363 ) ;
#4225 = ADVANCED_FACE ( 'NONE', ( #6137 ), #8323, .T. ) ;
#4226 = LINE ( 'NONE', #6298, #23 ) ;
#4227 = ORIENTED_EDGE ( 'NONE', *, *, #8753, .F. ) ;
#4228 = ORIENTED_EDGE ( 'NONE', *, *, #4220, .T. ) ;
#4229 = CARTESIAN_POINT ( 'NONE',  ( -0.9749999999999997558, 0.1499999999999999944, 1.500000000000000888 ) ) ;
#4230 = DIRECTION ( 'NONE',  ( 1.000000000000000000, 0.000000000000000000, 0.000000000000000000 ) ) ;
#4231 = CARTESIAN_POINT ( 'NONE',  ( -1.999999999999990896, 0.1499999999999999667, 0.8250000000000216049 ) ) ;
#4232 = DIRECTION ( 'NONE',  ( 0.000000000000000000, 0.000000000000000000, 1.000000000000000000 ) ) ;
#4233 = EDGE_CURVE ( 'NONE', #1876, #3902, #1453, .T. ) ;
#4234 = CARTESIAN_POINT ( 'NONE',  ( -0.3249999999999997891, 0.1499999999999999667, 1.650000000000000799 ) ) ;
#4235 = EDGE_LOOP ( 'NONE', ( #3349, #7196 ) ) ;
#4236 = ADVANCED_FACE ( 'NONE', ( #6847 ), #2330, .F. ) ;
#4237 = ORIENTED_EDGE ( 'NONE', *, *, #5227, .F. ) ;
#4238 = ORIENTED_EDGE ( 'NONE', *, *, #9422, .T. ) ;
#4239 = EDGE_LOOP ( 'NONE', ( #3763, #2401, #2245, #607, #9538 ) ) ;
#4240 = DIRECTION ( 'NONE',  ( -1.000000000000000000, 0.000000000000000000, 0.000000000000000000 ) ) ;
#4241 = FACE_OUTER_BOUND ( 'NONE', #9706, .T. ) ;
#4242 = PLANE ( 'NONE',  #9486 ) ;
#4243 = CARTESIAN_POINT ( 'NONE',  ( 1.925000000000005151, 0.1499999999999999667, 1.124999999999992450 ) ) ;
#4244 = MECHANICAL_DESIGN_GEOMETRIC_PRESENTATION_REPRESENTATION (  '', ( #5652 ), #5328 ) ;
#4245 = VECTOR ( 'NONE', #9093, 1000.000000000000000 ) ;
#4246 = VERTEX_POINT ( 'NONE', #1229 ) ;
#4247 = EDGE_LOOP ( 'NONE', ( #7354, #1402, #7740, #8166 ) ) ;
#4248 = VECTOR ( 'NONE', #4063, 1000.000000000000000 ) ;
#4249 = ORIENTED_EDGE ( 'NONE', *, *, #7893, .T. ) ;
#4250 = CARTESIAN_POINT ( 'NONE',  ( -1.924999999999999156, 0.1499999999999999667, -0.8249999999999998446 ) ) ;
#4251 = AXIS2_PLACEMENT_3D ( 'NONE', #3563, #1317, #8054 ) ;
#4252 = SURFACE_STYLE_FILL_AREA ( #3608 ) ;
#4253 = DIRECTION ( 'NONE',  ( 0.000000000000000000, 1.000000000000000000, 0.000000000000000000 ) ) ;
#4254 = VECTOR ( 'NONE', #992, 1000.000000000000000 ) ;
#4255 = FILL_AREA_STYLE ('',( #9657 ) ) ;
#4256 = CARTESIAN_POINT ( 'NONE',  ( 1.125000000000000222, 0.1499999999999999667, 1.650000000000000577 ) ) ;
#4257 = DIRECTION ( 'NONE',  ( 0.000000000000000000, -0.000000000000000000, 1.000000000000000000 ) ) ;
#4258 = ORIENTED_EDGE ( 'NONE', *, *, #9803, .F. ) ;
#4259 = AXIS2_PLACEMENT_3D ( 'NONE', #6231, #7905, #3322 ) ;
#4260 = EDGE_CURVE ( 'NONE', #2697, #2953, #2535, .T. ) ;
#4261 =( GEOMETRIC_REPRESENTATION_CONTEXT ( 3 ) GLOBAL_UNCERTAINTY_ASSIGNED_CONTEXT ( ( #7754 ) ) GLOBAL_UNIT_ASSIGNED_CONTEXT ( ( #1498, #2345, #8384 ) ) REPRESENTATION_CONTEXT ( 'NONE', 'WORKASPACE' ) );
#4262 = CARTESIAN_POINT ( 'NONE',  ( 1.924999999999999156, 0.6702163011671204984, 1.125000000000000222 ) ) ;
#4263 = CARTESIAN_POINT ( 'NONE',  ( 1.924999999999997158, 0.08999999999999999667, -0.4750000000000073053 ) ) ;
#4264 = CARTESIAN_POINT ( 'NONE',  ( 1.124999999999999334, 0.08999999999999999667, -1.999999999999999556 ) ) ;
#4265 = CARTESIAN_POINT ( 'NONE',  ( 1.924999999999999156, 0.1499999999999999667, 1.125000000000000222 ) ) ;
#4266 = CYLINDRICAL_SURFACE ( 'NONE', #654, 0.1666666666666667407 ) ;
#4267 = CARTESIAN_POINT ( 'NONE',  ( 1.924999999999999156, 0.000000000000000000, 0.1750000000000000167 ) ) ;
#4268 = VERTEX_POINT ( 'NONE', #7272 ) ;
#4269 = ORIENTED_EDGE ( 'NONE', *, *, #5242, .T. ) ;
#4270 = EDGE_CURVE ( 'NONE', #2427, #7126, #6337, .T. ) ;
#4271 = DIRECTION ( 'NONE',  ( 1.000000000000000000, -0.000000000000000000, 0.000000000000000000 ) ) ;
#4272 = EDGE_CURVE ( 'NONE', #3898, #8727, #3844, .T. ) ;
#4273 = ORIENTED_EDGE ( 'NONE', *, *, #1890, .F. ) ;
#4274 = LINE ( 'NONE', #7282, #1610 ) ;
#4275 = CARTESIAN_POINT ( 'NONE',  ( -0.9749999999999997558, 0.1499999999999999944, -0.3500000000000009215 ) ) ;
#4276 = CARTESIAN_POINT ( 'NONE',  ( -0.8249999999999997335, 0.6702163011671209425, -1.925000000000000933 ) ) ;
#4277 = LINE ( 'NONE', #411, #2515 ) ;
#4278 = DIRECTION ( 'NONE',  ( 0.000000000000000000, 1.000000000000000000, 0.000000000000000000 ) ) ;
#4279 = CARTESIAN_POINT ( 'NONE',  ( -1.100000000000000089, 3.544112549695427994, -1.200000000000000178 ) ) ;
#4280 = VERTEX_POINT ( 'NONE', #7186 ) ;
#4281 = EDGE_LOOP ( 'NONE', ( #5016, #5758, #8681, #8949 ) ) ;
#4282 = EDGE_CURVE ( 'NONE', #2395, #2494, #8255, .T. ) ;
#4283 = EDGE_LOOP ( 'NONE', ( #7583, #9156, #8737, #4880, #5633, #7573 ) ) ;
#4284 = CARTESIAN_POINT ( 'NONE',  ( -0.3249999999999997891, 0.1499999999999999667, 1.650000000000000799 ) ) ;
#4285 = ADVANCED_FACE ( 'NONE', ( #8718 ), #6389, .T. ) ;
#4286 = CARTESIAN_POINT ( 'NONE',  ( 1.649999999999999023, 0.1499999999999999667, 1.125000000000000000 ) ) ;
#4287 = DIRECTION ( 'NONE',  ( 3.942553354492742052E-16, 0.000000000000000000, -1.000000000000000000 ) ) ;
#4288 = LINE ( 'NONE', #424, #9429 ) ;
#4289 = LINE ( 'NONE', #5023, #3531 ) ;
#4290 = EDGE_CURVE ( 'NONE', #7901, #9207, #1921, .T. ) ;
#4291 = ORIENTED_EDGE ( 'NONE', *, *, #6766, .T. ) ;
#4292 = VERTEX_POINT ( 'NONE', #1130 ) ;
#4293 = VECTOR ( 'NONE', #9375, 1000.000000000000000 ) ;
#4294 = VERTEX_POINT ( 'NONE', #3332 ) ;
#4295 = CARTESIAN_POINT ( 'NONE',  ( 2.000000000000000888, 0.05000000000000000278, 1.999999999999999112 ) ) ;
#4296 = LINE ( 'NONE', #5125, #2787 ) ;
#4297 = CARTESIAN_POINT ( 'NONE',  ( -1.999999999999999112, 8.656854249492379694, 1.999999999999999556 ) ) ;
#4298 = AXIS2_PLACEMENT_3D ( 'NONE', #6945, #63, #4611 ) ;
#4299 = DIRECTION ( 'NONE',  ( -1.000000000000000000, 0.000000000000000000, 3.942553354492742052E-16 ) ) ;
#4300 = VECTOR ( 'NONE', #296, 1000.000000000000000 ) ;
#4301 = LINE ( 'NONE', #1862, #8088 ) ;
#4302 = ORIENTED_EDGE ( 'NONE', *, *, #697, .T. ) ;
#4303 = VECTOR ( 'NONE', #7522, 1000.000000000000000 ) ;
#4304 = AXIS2_PLACEMENT_3D ( 'NONE', #8351, #6776, #9815 ) ;
#4306 = CARTESIAN_POINT ( 'NONE',  ( -1.925000000000009592, 0.6702163011671209425, -0.8249999999999791944 ) ) ;
#4305 = AXIS2_PLACEMENT_3D ( 'NONE', #2570, #4785, #4835 ) ;
#4307 = CARTESIAN_POINT ( 'NONE',  ( -0.8250000000000006217, 0.08999999999999999667, -1.619058829184431225 ) ) ;
#4308 = CIRCLE ( 'NONE', #7308, 0.1499999999999999667 ) ;
#4309 = LINE ( 'NONE', #5788, #3690 ) ;
#4310 = DIRECTION ( 'NONE',  ( -1.445602896647339706E-15, 0.000000000000000000, -1.000000000000000000 ) ) ;
#4311 = LINE ( 'NONE', #8822, #967 ) ;
#4312 = CARTESIAN_POINT ( 'NONE',  ( 0.9750000000000001998, 0.04999999999999999584, 1.650000000000000799 ) ) ;
#4313 = ORIENTED_EDGE ( 'NONE', *, *, #9367, .T. ) ;
#4314 = VERTEX_POINT ( 'NONE', #348 ) ;
#4315 = VECTOR ( 'NONE', #4865, 1000.000000000000000 ) ;
#4316 = DIRECTION ( 'NONE',  ( 0.000000000000000000, -1.000000000000000000, 0.000000000000000000 ) ) ;
#4317 = VECTOR ( 'NONE', #7816, 1000.000000000000000 ) ;
#4318 = VECTOR ( 'NONE', #2680, 1000.000000000000000 ) ;
#4319 = EDGE_CURVE ( 'NONE', #9765, #10, #9518, .T. ) ;
#4320 = VERTEX_POINT ( 'NONE', #2582 ) ;
#4321 = DIRECTION ( 'NONE',  ( 1.445602896647339706E-15, 0.000000000000000000, 1.000000000000000000 ) ) ;
#4322 = DIRECTION ( 'NONE',  ( 1.000000000000000000, 0.000000000000000000, -1.047444401652940007E-14 ) ) ;
#4323 = PLANE ( 'NONE',  #3701 ) ;
#4324 = DIRECTION ( 'NONE',  ( -0.000000000000000000, -1.000000000000000000, -0.000000000000000000 ) ) ;
#4325 = VECTOR ( 'NONE', #8959, 1000.000000000000000 ) ;
#4326 = FACE_OUTER_BOUND ( 'NONE', #6021, .T. ) ;
#4327 = LINE ( 'NONE', #5952, #6671 ) ;
#4328 = VERTEX_POINT ( 'NONE', #3385 ) ;
#4329 = ORIENTED_EDGE ( 'NONE', *, *, #8937, .T. ) ;
#4330 = EDGE_CURVE ( 'NONE', #2008, #1841, #7785, .T. ) ;
#4331 = ORIENTED_EDGE ( 'NONE', *, *, #7294, .F. ) ;
#4332 = DIRECTION ( 'NONE',  ( -1.000000000000000000, 0.000000000000000000, 0.000000000000000000 ) ) ;
#4333 = LINE ( 'NONE', #7350, #3775 ) ;
#4334 = FILL_AREA_STYLE_COLOUR ( '', #8679 ) ;
#4335 = FACE_OUTER_BOUND ( 'NONE', #6171, .T. ) ;
#4336 = EDGE_CURVE ( 'NONE', #8700, #4625, #5590, .T. ) ;
#4337 = CARTESIAN_POINT ( 'NONE',  ( 0.8250000000000006217, 0.6702163011671209425, 1.925000000000001377 ) ) ;
#4338 = ADVANCED_FACE ( 'NONE', ( #8618 ), #4115, .F. ) ;
#4339 = ORIENTED_EDGE ( 'NONE', *, *, #200, .T. ) ;
#4340 = VECTOR ( 'NONE', #9393, 1000.000000000000000 ) ;
#4341 = VERTEX_POINT ( 'NONE', #7865 ) ;
#4342 = ORIENTED_EDGE ( 'NONE', *, *, #7696, .F. ) ;
#4343 = ORIENTED_EDGE ( 'NONE', *, *, #2646, .T. ) ;
#4344 = CARTESIAN_POINT ( 'NONE',  ( 0.1750000000000006828, 0.1499999999999999944, 1.925000000000001377 ) ) ;
#4345 = VECTOR ( 'NONE', #9814, 1000.000000000000000 ) ;
#4346 = LINE ( 'NONE', #9760, #284 ) ;
#4347 = PLANE ( 'NONE',  #1007 ) ;
#4348 = DIRECTION ( 'NONE',  ( 1.000000000000000000, 0.000000000000000000, 0.000000000000000000 ) ) ;
#4349 = PRESENTATION_STYLE_ASSIGNMENT (( #8815 ) ) ;
#4350 = ORIENTED_EDGE ( 'NONE', *, *, #7246, .F. ) ;
#4351 = EDGE_CURVE ( 'NONE', #1150, #8651, #2681, .T. ) ;
#4352 = EDGE_CURVE ( 'NONE', #8123, #2302, #1775, .T. ) ;
#4353 = AXIS2_PLACEMENT_3D ( 'NONE', #9350, #6366, #1159 ) ;
#4354 =( GEOMETRIC_REPRESENTATION_CONTEXT ( 3 ) GLOBAL_UNCERTAINTY_ASSIGNED_CONTEXT ( ( #1214 ) ) GLOBAL_UNIT_ASSIGNED_CONTEXT ( ( #2065, #1318, #4396 ) ) REPRESENTATION_CONTEXT ( 'NONE', 'WORKASPACE' ) );
#4355 = PLANE ( 'NONE',  #8924 ) ;
#4356 = FILL_AREA_STYLE_COLOUR ( '', #2415 ) ;
#4357 = LINE ( 'NONE', #3621, #2414 ) ;
#4358 = LINE ( 'NONE', #7375, #9169 ) ;
#4359 = PLANE ( 'NONE',  #1444 ) ;
#4360 = CYLINDRICAL_SURFACE ( 'NONE', #1435, 0.1499999999999999667 ) ;
#4361 = VECTOR ( 'NONE', #7340, 1000.000000000000000 ) ;
#4362 = VERTEX_POINT ( 'NONE', #5741 ) ;
#4363 = ORIENTED_EDGE ( 'NONE', *, *, #3548, .F. ) ;
#4364 = DIRECTION ( 'NONE',  ( 1.000000000000000000, -0.000000000000000000, -3.491481338843132961E-15 ) ) ;
#4365 = ORIENTED_EDGE ( 'NONE', *, *, #8943, .F. ) ;
#4367 = VECTOR ( 'NONE', #6713, 1000.000000000000000 ) ;
#4366 = CARTESIAN_POINT ( 'NONE',  ( -1.599999999999999201, 1.399999999999999911, -1.433333333333334014 ) ) ;
#4368 = DIRECTION ( 'NONE',  ( 0.000000000000000000, -0.000000000000000000, 1.000000000000000000 ) ) ;
#4369 = DIRECTION ( 'NONE',  ( 0.000000000000000000, -0.000000000000000000, -1.000000000000000000 ) ) ;
#4370 = LINE ( 'NONE', #499, #3629 ) ;
#4371 = DIRECTION ( 'NONE',  ( 1.000000000000000000, -0.000000000000000000, 0.000000000000000000 ) ) ;
#4372 = DIRECTION ( 'NONE',  ( 0.000000000000000000, -1.000000000000000000, 0.000000000000000000 ) ) ;
#4373 = EDGE_CURVE ( 'NONE', #6161, #7753, #4217, .T. ) ;
#4374 = EDGE_LOOP ( 'NONE', ( #9406, #2810, #2879, #3991 ) ) ;
#4375 = CARTESIAN_POINT ( 'NONE',  ( 1.649999999999999023, 0.1499999999999999667, -1.125000000000000000 ) ) ;
#4376 = ORIENTED_EDGE ( 'NONE', *, *, #4352, .T. ) ;
#4377 = ORIENTED_EDGE ( 'NONE', *, *, #514, .F. ) ;
#4378 = PLANE ( 'NONE',  #8482 ) ;
#4379 = CARTESIAN_POINT ( 'NONE',  ( -0.8249999999999992895, 0.1499999999999999667, 1.925000000000000933 ) ) ;
#4380 = FACE_OUTER_BOUND ( 'NONE', #6196, .T. ) ;
#4381 = EDGE_CURVE ( 'NONE', #5000, #1742, #2633, .T. ) ;
#4382 = LINE ( 'NONE', #2963, #7986 ) ;
#4383 = ORIENTED_EDGE ( 'NONE', *, *, #5337, .T. ) ;
#4384 = VERTEX_POINT ( 'NONE', #439 ) ;
#4385 = EDGE_CURVE ( 'NONE', #7247, #2416, #8014, .T. ) ;
#4386 =( NAMED_UNIT ( * ) PLANE_ANGLE_UNIT ( ) SI_UNIT ( $, .RADIAN. ) );
#4387 = EDGE_LOOP ( 'NONE', ( #7269, #7022, #3806, #2181 ) ) ;
#4388 = VERTEX_POINT ( 'NONE', #1027 ) ;
#4389 = EDGE_CURVE ( 'NONE', #4119, #5631, #7085, .T. ) ;
#4390 = ORIENTED_EDGE ( 'NONE', *, *, #7818, .F. ) ;
#4391 = ADVANCED_FACE ( 'NONE', ( #2826 ), #2073, .T. ) ;
#4392 = FACE_OUTER_BOUND ( 'NONE', #4120, .T. ) ;
#4393 = SURFACE_STYLE_USAGE ( .BOTH. , #3657 ) ;
#4394 = EDGE_CURVE ( 'NONE', #4209, #6667, #7623, .T. ) ;
#4395 = DIRECTION ( 'NONE',  ( 0.000000000000000000, -1.000000000000000000, 0.000000000000000000 ) ) ;
#4396 =( NAMED_UNIT ( * ) SI_UNIT ( $, .STERADIAN. ) SOLID_ANGLE_UNIT ( ) );
#4397 = DIRECTION ( 'NONE',  ( -1.047444401652940007E-14, -0.000000000000000000, -1.000000000000000000 ) ) ;
#4398 = VECTOR ( 'NONE', #9176, 1000.000000000000000 ) ;
#4399 = SURFACE_SIDE_STYLE ('',( #6069 ) ) ;
#4400 = ORIENTED_EDGE ( 'NONE', *, *, #8083, .T. ) ;
#4401 = ORIENTED_EDGE ( 'NONE', *, *, #9367, .F. ) ;
#4402 = VECTOR ( 'NONE', #1115, 1000.000000000000000 ) ;
#4403 = AXIS2_PLACEMENT_3D ( 'NONE', #1460, #8396, #3067 ) ;
#4404 = DIRECTION ( 'NONE',  ( 0.000000000000000000, -0.000000000000000000, -1.000000000000000000 ) ) ;
#4405 = CARTESIAN_POINT ( 'NONE',  ( -1.924999999999999156, 0.05000000000000002359, -1.125000000000000000 ) ) ;
#4406 = DIRECTION ( 'NONE',  ( -0.000000000000000000, -0.000000000000000000, -1.000000000000000000 ) ) ;
#4407 = PLANE ( 'NONE',  #1075 ) ;
#4408 = DIRECTION ( 'NONE',  ( 0.000000000000000000, -1.000000000000000000, 0.000000000000000000 ) ) ;
#4409 = VECTOR ( 'NONE', #7916, 1000.000000000000000 ) ;
#4410 = DIRECTION ( 'NONE',  ( -0.000000000000000000, -1.000000000000000000, -0.000000000000000000 ) ) ;
#4411 = ORIENTED_EDGE ( 'NONE', *, *, #4578, .T. ) ;
#4412 = ORIENTED_EDGE ( 'NONE', *, *, #9436, .F. ) ;
#4413 = AXIS2_PLACEMENT_3D ( 'NONE', #1350, #2909, #655 ) ;
#4414 = LINE ( 'NONE', #6491, #7145 ) ;
#4415 = EDGE_CURVE ( 'NONE', #6372, #3073, #6585, .T. ) ;
#4416 = CARTESIAN_POINT ( 'NONE',  ( 1.924999999999994271, 0.08999999999999999667, -1.125000000000007327 ) ) ;
#4417 = VERTEX_POINT ( 'NONE', #3575 ) ;
#4418 = DIRECTION ( 'NONE',  ( -1.000000000000000000, -0.000000000000000000, 1.047444401652940007E-14 ) ) ;
#4419 = DIRECTION ( 'NONE',  ( -1.000000000000000000, 0.000000000000000000, 1.445602896647339706E-15 ) ) ;
#4420 = LINE ( 'NONE', #2189, #1945 ) ;
#4421 = FACE_BOUND ( 'NONE', #5544, .T. ) ;
#4422 = LINE ( 'NONE', #8032, #4361 ) ;
#4423 = CARTESIAN_POINT ( 'NONE',  ( 1.924999999999999156, 0.1499999999999999667, -1.125000000000000000 ) ) ;
#4424 = ORIENTED_EDGE ( 'NONE', *, *, #8157, .T. ) ;
#4425 = LINE ( 'NONE', #1391, #4024 ) ;
#4426 = ORIENTED_EDGE ( 'NONE', *, *, #4456, .T. ) ;
#4427 = ORIENTED_EDGE ( 'NONE', *, *, #8697, .T. ) ;
#4428 = CARTESIAN_POINT ( 'NONE',  ( -1.100000000000000089, 0.1499999999999999667, 1.199999999999999734 ) ) ;
#4429 = DIRECTION ( 'NONE',  ( 1.000000000000000000, -0.000000000000000000, 0.000000000000000000 ) ) ;
#4430 = CARTESIAN_POINT ( 'NONE',  ( -1.999999999999997780, 0.1499999999999999667, 0.1750000000000216382 ) ) ;
#4431 = DIRECTION ( 'NONE',  ( -0.000000000000000000, 0.000000000000000000, -1.000000000000000000 ) ) ;
#4432 = ORIENTED_EDGE ( 'NONE', *, *, #5614, .T. ) ;
#4433 = PRESENTATION_STYLE_ASSIGNMENT (( #2158 ) ) ;
#4434 = ORIENTED_EDGE ( 'NONE', *, *, #3439, .T. ) ;
#4435 = ORIENTED_EDGE ( 'NONE', *, *, #8571, .F. ) ;
#4436 = ORIENTED_EDGE ( 'NONE', *, *, #7893, .F. ) ;
#4437 = ORIENTED_EDGE ( 'NONE', *, *, #1575, .F. ) ;
#4438 = EDGE_CURVE ( 'NONE', #8660, #3155, #5136, .T. ) ;
#4439 = CARTESIAN_POINT ( 'NONE',  ( 1.999999999999997780, 0.1499999999999999667, -0.4750000000000075828 ) ) ;
#4440 = CARTESIAN_POINT ( 'NONE',  ( -1.619058829184436110, 0.1499999999999999667, -0.4749999999999823252 ) ) ;
#4441 = PLANE ( 'NONE',  #8038 ) ;
#4442 = DIRECTION ( 'NONE',  ( 1.000000000000000000, 0.000000000000000000, -1.577021341797093074E-15 ) ) ;
#4443 = CARTESIAN_POINT ( 'NONE',  ( -0.3249999999999997891, 0.6702163011671209425, 1.650000000000000799 ) ) ;
#4444 = ORIENTED_EDGE ( 'NONE', *, *, #9435, .F. ) ;
#4445 = ORIENTED_EDGE ( 'NONE', *, *, #466, .F. ) ;
#4446 = LINE ( 'NONE', #3666, #7529 ) ;
#4447 = DIRECTION ( 'NONE',  ( 1.000000000000000000, 0.000000000000000000, -1.047444401652940007E-14 ) ) ;
#4448 = FACE_OUTER_BOUND ( 'NONE', #3278, .T. ) ;
#4449 = PLANE ( 'NONE',  #5507 ) ;
#4450 = DIRECTION ( 'NONE',  ( 0.000000000000000000, 0.000000000000000000, -1.000000000000000000 ) ) ;
#4451 = VECTOR ( 'NONE', #7189, 1000.000000000000000 ) ;
#4453 = DIRECTION ( 'NONE',  ( 0.000000000000000000, -1.000000000000000000, 0.000000000000000000 ) ) ;
#4452 = CARTESIAN_POINT ( 'NONE',  ( 1.619058829184428339, 0.1499999999999999667, -0.8250000000000062839 ) ) ;
#4454 = ORIENTED_EDGE ( 'NONE', *, *, #2664, .F. ) ;
#4455 = VERTEX_POINT ( 'NONE', #2176 ) ;
#4456 = EDGE_CURVE ( 'NONE', #6888, #9337, #8161, .T. ) ;
#4457 = DIRECTION ( 'NONE',  ( 1.000000000000000000, 0.000000000000000000, -1.192004691317674036E-14 ) ) ;
#4458 =( GEOMETRIC_REPRESENTATION_CONTEXT ( 3 ) GLOBAL_UNCERTAINTY_ASSIGNED_CONTEXT ( ( #6374 ) ) GLOBAL_UNIT_ASSIGNED_CONTEXT ( ( #3163, #3908, #2361 ) ) REPRESENTATION_CONTEXT ( 'NONE', 'WORKASPACE' ) );
#4459 = ADVANCED_FACE ( 'NONE', ( #3720 ), #9571, .T. ) ;
#4460 = AXIS2_PLACEMENT_3D ( 'NONE', #4660, #2437, #7087 ) ;
#4461 = LINE ( 'NONE', #5296, #2716 ) ;
#4462 = EDGE_LOOP ( 'NONE', ( #8381, #1010, #1504, #7802 ) ) ;
#4463 = PLANE ( 'NONE',  #9067 ) ;
#4464 = DIRECTION ( 'NONE',  ( 0.000000000000000000, -0.000000000000000000, -1.000000000000000000 ) ) ;
#4465 = PLANE ( 'NONE',  #9077 ) ;
#4466 = CARTESIAN_POINT ( 'NONE',  ( 0.8250000000000001776, 0.1499999999999999944, -1.925000000000000933 ) ) ;
#4467 = AXIS2_PLACEMENT_3D ( 'NONE', #694, #7528, #5947 ) ;
#4468 = AXIS2_PLACEMENT_3D ( 'NONE', #8257, #1470, #2126 ) ;
#4469 = DIRECTION ( 'NONE',  ( 1.000000000000000000, -0.000000000000000000, 0.000000000000000000 ) ) ;
#4470 = ORIENTED_EDGE ( 'NONE', *, *, #2629, .T. ) ;
#4471 = COLOUR_RGB ( '',0.7921568627450980005, 0.8196078431372548767, 0.9333333333333333481 ) ;
#4472 = LINE ( 'NONE', #2149, #8281 ) ;
#4473 = EDGE_CURVE ( 'NONE', #9671, #982, #4357, .T. ) ;
#4474 = CLOSED_SHELL ( 'NONE', ( #1637, #1613, #5965, #7, #2310, #4687 ) ) ;
#4475 = ORIENTED_EDGE ( 'NONE', *, *, #2084, .T. ) ;
#4476 = VERTEX_POINT ( 'NONE', #2778 ) ;
#4477 = AXIS2_PLACEMENT_3D ( 'NONE', #9654, #2213, #7506 ) ;
#4478 = CARTESIAN_POINT ( 'NONE',  ( -1.924999999999999156, 0.6702163011671202764, -0.4749999999999999223 ) ) ;
#4479 = PLANE ( 'NONE',  #1226 ) ;
#4480 = SURFACE_STYLE_FILL_AREA ( #1445 ) ;
#4481 = CARTESIAN_POINT ( 'NONE',  ( 2.000000000000000888, 0.05000000000000000278, -2.000000000000000888 ) ) ;
#4482 = VERTEX_POINT ( 'NONE', #6634 ) ;
#4483 = DIRECTION ( 'NONE',  ( 1.000000000000000000, 0.000000000000000000, -1.577021341797093468E-15 ) ) ;
#4484 = ORIENTED_EDGE ( 'NONE', *, *, #2952, .F. ) ;
#4485 = ORIENTED_EDGE ( 'NONE', *, *, #5954, .T. ) ;
#4486 = VERTEX_POINT ( 'NONE', #8207 ) ;
#4487 = DIRECTION ( 'NONE',  ( 0.000000000000000000, 0.000000000000000000, 1.000000000000000000 ) ) ;
#4488 =( NAMED_UNIT ( * ) SI_UNIT ( $, .STERADIAN. ) SOLID_ANGLE_UNIT ( ) );
#4489 = DIRECTION ( 'NONE',  ( 0.000000000000000000, 0.000000000000000000, -1.000000000000000000 ) ) ;
#4490 = VECTOR ( 'NONE', #6347, 1000.000000000000000 ) ;
#4491 = DIRECTION ( 'NONE',  ( -3.942553354492742545E-16, 0.000000000000000000, -1.000000000000000000 ) ) ;
#4492 = CARTESIAN_POINT ( 'NONE',  ( 1.924999999999999156, 0.1499999999999999667, 0.4750000000000000333 ) ) ;
#4493 = EDGE_LOOP ( 'NONE', ( #998, #749, #557, #5562 ) ) ;
#4494 = VERTEX_POINT ( 'NONE', #6684 ) ;
#4495 = VERTEX_POINT ( 'NONE', #8917 ) ;
#4496 = VECTOR ( 'NONE', #7712, 1000.000000000000000 ) ;
#4497 = DIRECTION ( 'NONE',  ( -0.000000000000000000, -0.000000000000000000, -1.000000000000000000 ) ) ;
#4498 = LINE ( 'NONE', #2930, #5731 ) ;
#4499 = CARTESIAN_POINT ( 'NONE',  ( -0.8250000000000006217, 0.08999999999999999667, -1.999999999999999556 ) ) ;
#4500 = CARTESIAN_POINT ( 'NONE',  ( 0.1749999999999993783, 0.1500000000000008271, -2.000000000000000888 ) ) ;
#4502 = CYLINDRICAL_SURFACE ( 'NONE', #8728, 0.1499999999999999667 ) ;
#4501 =( LENGTH_UNIT ( ) NAMED_UNIT ( * ) SI_UNIT ( .MILLI., .METRE. ) );
#4503 = EDGE_LOOP ( 'NONE', ( #8922, #5497, #3023, #8688, #833 ) ) ;
#4504 = VERTEX_POINT ( 'NONE', #2127 ) ;
#4505 = EDGE_CURVE ( 'NONE', #7753, #3024, #4309, .T. ) ;
#4506 = ADVANCED_FACE ( 'NONE', ( #2874 ), #626, .F. ) ;
#4507 = VECTOR ( 'NONE', #3648, 1000.000000000000000 ) ;
#4508 = DIRECTION ( 'NONE',  ( 0.000000000000000000, 0.000000000000000000, 1.000000000000000000 ) ) ;
#4509 = PRESENTATION_LAYER_ASSIGNMENT (  '', '', ( #2624 ) ) ;
#4510 = ADVANCED_FACE ( 'NONE', ( #4448 ), #9719, .T. ) ;
#4511 = CARTESIAN_POINT ( 'NONE',  ( -1.649999999999999023, 0.6702163011671202764, 0.4749999999999999223 ) ) ;
#4512 = VECTOR ( 'NONE', #6977, 1000.000000000000000 ) ;
#4513 = DIRECTION ( 'NONE',  ( -0.000000000000000000, -1.000000000000000000, 0.000000000000000000 ) ) ;
#4514 = DIRECTION ( 'NONE',  ( 0.000000000000000000, 1.000000000000000000, 0.000000000000000000 ) ) ;
#4515 = DIRECTION ( 'NONE',  ( 0.000000000000000000, -1.000000000000000000, -0.000000000000000000 ) ) ;
#4516 = ADVANCED_FACE ( 'NONE', ( #5937 ), #9615, .F. ) ;
#4517 = DIRECTION ( 'NONE',  ( -0.000000000000000000, 1.000000000000000000, -0.000000000000000000 ) ) ;
#4518 = DIRECTION ( 'NONE',  ( -3.942553354492742052E-16, 0.000000000000000000, -1.000000000000000000 ) ) ;
#4519 = VERTEX_POINT ( 'NONE', #8062 ) ;
#4520 = FACE_OUTER_BOUND ( 'NONE', #4721, .T. ) ;
#4521 = ORIENTED_EDGE ( 'NONE', *, *, #9101, .F. ) ;
#4522 = AXIS2_PLACEMENT_3D ( 'NONE', #5709, #1051, #1948 ) ;
#4523 = VERTEX_POINT ( 'NONE', #5184 ) ;
#4524 = EDGE_CURVE ( 'NONE', #8123, #3932, #1417, .T. ) ;
#4525 = CARTESIAN_POINT ( 'NONE',  ( -1.619058829184426340, 0.08999999999999999667, 0.4750000000000175748 ) ) ;
#4526 = CARTESIAN_POINT ( 'NONE',  ( 1.099999999999999867, 0.1499999999999999667, 1.100000000000000311 ) ) ;
#4527 = FACE_OUTER_BOUND ( 'NONE', #218, .T. ) ;
#4528 = EDGE_CURVE ( 'NONE', #3302, #4003, #5836, .T. ) ;
#4529 = ORIENTED_EDGE ( 'NONE', *, *, #1302, .F. ) ;
#4530 = CARTESIAN_POINT ( 'NONE',  ( -1.125000000000000666, 0.1499999999999999667, -1.619058829184431225 ) ) ;
#4531 = VECTOR ( 'NONE', #8446, 1000.000000000000000 ) ;
#4532 = VERTEX_POINT ( 'NONE', #4499 ) ;
#4533 = DIRECTION ( 'NONE',  ( 0.000000000000000000, -1.000000000000000000, 0.000000000000000000 ) ) ;
#4534 = ORIENTED_EDGE ( 'NONE', *, *, #8216, .T. ) ;
#4535 = ORIENTED_EDGE ( 'NONE', *, *, #8758, .F. ) ;
#4536 = CARTESIAN_POINT ( 'NONE',  ( 1.924999999999999156, 0.08999999999999999667, -0.1750000000000073996 ) ) ;
#4537 = FACE_BOUND ( 'NONE', #6117, .T. ) ;
#4538 = PLANE ( 'NONE',  #1961 ) ;
#4539 = CYLINDRICAL_SURFACE ( 'NONE', #4304, 0.1499999999999999667 ) ;
#4540 = EDGE_LOOP ( 'NONE', ( #3581, #6051, #1686, #4900 ) ) ;
#4541 = ORIENTED_EDGE ( 'NONE', *, *, #3569, .T. ) ;
#4542 = ORIENTED_EDGE ( 'NONE', *, *, #1289, .T. ) ;
#4543 = CYLINDRICAL_SURFACE ( 'NONE', #8429, 0.1499999999999999667 ) ;
#4544 = AXIS2_PLACEMENT_3D ( 'NONE', #7914, #8717, #5787 ) ;
#4545 = CARTESIAN_POINT ( 'NONE',  ( 1.924999999999999156, 0.1499999999999999667, -0.1749999999999999056 ) ) ;
#4546 = FACE_OUTER_BOUND ( 'NONE', #1188, .T. ) ;
#4547 = DIRECTION ( 'NONE',  ( -0.000000000000000000, -1.000000000000000000, 0.000000000000000000 ) ) ;
#4548 = EDGE_CURVE ( 'NONE', #8391, #4482, #1272, .T. ) ;
#4550 = CARTESIAN_POINT ( 'NONE',  ( 1.924999999999998712, 0.08999999999999999667, -0.1750000000000078437 ) ) ;
#4549 = CARTESIAN_POINT ( 'NONE',  ( 1.999999999999997780, 0.08999999999999999667, -0.4750000000000075828 ) ) ;
#4551 = ORIENTED_EDGE ( 'NONE', *, *, #7964, .T. ) ;
#4552 = ORIENTED_EDGE ( 'NONE', *, *, #4220, .F. ) ;
#4553 = CARTESIAN_POINT ( 'NONE',  ( -0.3249999999999997891, 0.000000000000000000, 1.650000000000000799 ) ) ;
#4554 = AXIS2_PLACEMENT_3D ( 'NONE', #9357, #7807, #7075 ) ;
#4555 = VECTOR ( 'NONE', #3747, 1000.000000000000000 ) ;
#4556 = AXIS2_PLACEMENT_3D ( 'NONE', #7968, #7422, #1922 ) ;
#4557 = DIRECTION ( 'NONE',  ( -0.000000000000000000, -1.000000000000000000, -0.000000000000000000 ) ) ;
#4558 = DIRECTION ( 'NONE',  ( -1.445602896647339706E-15, 0.000000000000000000, -1.000000000000000000 ) ) ;
#4559 = LINE ( 'NONE', #151, #7875 ) ;
#4560 = EDGE_CURVE ( 'NONE', #4967, #1684, #9069, .T. ) ;
#4561 = FACE_OUTER_BOUND ( 'NONE', #9343, .T. ) ;
#4562 = EDGE_CURVE ( 'NONE', #1032, #2363, #4692, .T. ) ;
#4563 = LINE ( 'NONE', #3141, #8565 ) ;
#4564 = VECTOR ( 'NONE', #8534, 1000.000000000000000 ) ;
#4565 = CARTESIAN_POINT ( 'NONE',  ( -0.1750000000000006828, 0.1499999999999999667, -1.924999999999999156 ) ) ;
#4566 = VECTOR ( 'NONE', #8015, 1000.000000000000000 ) ;
#4567 = EDGE_CURVE ( 'NONE', #7878, #360, #5329, .T. ) ;
#4568 = ORIENTED_EDGE ( 'NONE', *, *, #6640, .T. ) ;
#4569 = DIRECTION ( 'NONE',  ( -1.000000000000000000, 0.000000000000000000, 0.000000000000000000 ) ) ;
#4570 = MECHANICAL_DESIGN_GEOMETRIC_PRESENTATION_REPRESENTATION (  '', ( #7107 ), #1557 ) ;
#4571 = ORIENTED_EDGE ( 'NONE', *, *, #4579, .F. ) ;
#4572 = ORIENTED_EDGE ( 'NONE', *, *, #9544, .T. ) ;
#4573 = CARTESIAN_POINT ( 'NONE',  ( -1.924999999999999156, 0.6702163011671202764, -0.8249999999999998446 ) ) ;
#4574 = DIRECTION ( 'NONE',  ( -0.000000000000000000, -1.000000000000000000, -0.000000000000000000 ) ) ;
#4575 = PRESENTATION_STYLE_ASSIGNMENT (( #9797 ) ) ;
#4576 = CYLINDRICAL_SURFACE ( 'NONE', #8297, 0.1499999999999999667 ) ;
#4577 = ORIENTED_EDGE ( 'NONE', *, *, #3113, .F. ) ;
#4578 = EDGE_CURVE ( 'NONE', #3146, #4741, #6230, .T. ) ;
#4579 = EDGE_CURVE ( 'NONE', #5412, #9145, #6925, .T. ) ;
#4580 = VERTEX_POINT ( 'NONE', #4594 ) ;
#4581 = ORIENTED_EDGE ( 'NONE', *, *, #7118, .F. ) ;
#4582 = VERTEX_POINT ( 'NONE', #7710 ) ;
#4583 = EDGE_CURVE ( 'NONE', #7209, #7263, #2822, .T. ) ;
#4584 = CARTESIAN_POINT ( 'NONE',  ( 0.1750000000000006828, 0.1499999999999999667, 1.924999999999999156 ) ) ;
#4585 = CARTESIAN_POINT ( 'NONE',  ( 0.1750000000000006828, 0.1499999999999999944, 1.925000000000001377 ) ) ;
#4586 = CARTESIAN_POINT ( 'NONE',  ( 0.000000000000000000, 0.05000000000000000278, 0.000000000000000000 ) ) ;
#4587 = CARTESIAN_POINT ( 'NONE',  ( 0.8250000000000010658, 0.08999999999999999667, 1.924999999999998490 ) ) ;
#4588 = EDGE_CURVE ( 'NONE', #5142, #1730, #3959, .T. ) ;
#4589 = CYLINDRICAL_SURFACE ( 'NONE', #31, 0.1499999999999999667 ) ;
#4590 = VERTEX_POINT ( 'NONE', #4545 ) ;
#4591 = VERTEX_POINT ( 'NONE', #92 ) ;
#4592 = ORIENTED_EDGE ( 'NONE', *, *, #9800, .T. ) ;
#4593 = LINE ( 'NONE', #825, #8107 ) ;
#4594 = CARTESIAN_POINT ( 'NONE',  ( -0.4749999999999993117, 0.1499999999999999667, 1.999999999999999556 ) ) ;
#4595 = CARTESIAN_POINT ( 'NONE',  ( 0.1750000000000006828, 0.1499999999999999667, 1.999999999999999556 ) ) ;
#4596 = CARTESIAN_POINT ( 'NONE',  ( -0.1749999999999998224, 0.6702163011671209425, 1.650000000000000577 ) ) ;
#4597 = CARTESIAN_POINT ( 'NONE',  ( 0.8250000000000006217, 0.1499999999999999667, 1.999999999999999556 ) ) ;
#4598 = VERTEX_POINT ( 'NONE', #3169 ) ;
#4599 = CARTESIAN_POINT ( 'NONE',  ( 0.1749999999999993783, 0.08999999999999999667, -1.619058829184431225 ) ) ;
#4600 = ORIENTED_EDGE ( 'NONE', *, *, #4801, .T. ) ;
#4601 = LINE ( 'NONE', #4655, #3352 ) ;
#4602 = VECTOR ( 'NONE', #4014, 1000.000000000000000 ) ;
#4603 = VECTOR ( 'NONE', #4118, 1000.000000000000000 ) ;
#4604 =( LENGTH_UNIT ( ) NAMED_UNIT ( * ) SI_UNIT ( .MILLI., .METRE. ) );
#4605 = DIRECTION ( 'NONE',  ( -1.000000000000000000, 0.000000000000000000, 3.942553354492742052E-16 ) ) ;
#4606 = LINE ( 'NONE', #2436, #8519 ) ;
#4607 = PLANE ( 'NONE',  #189 ) ;
#4608 = CARTESIAN_POINT ( 'NONE',  ( 1.125000000000000222, 0.1499999999999999944, -1.925000000000000933 ) ) ;
#4609 = VECTOR ( 'NONE', #984, 1000.000000000000000 ) ;
#4610 = EDGE_CURVE ( 'NONE', #8727, #4504, #46, .T. ) ;
#4611 = DIRECTION ( 'NONE',  ( 0.000000000000000000, 0.000000000000000000, -1.000000000000000000 ) ) ;
#4612 = AXIS2_PLACEMENT_3D ( 'NONE', #9723, #6791, #5988 ) ;
#4613 = ORIENTED_EDGE ( 'NONE', *, *, #9062, .T. ) ;
#4614 = ADVANCED_FACE ( 'NONE', ( #137 ), #778, .F. ) ;
#4615 = LINE ( 'NONE', #7636, #8768 ) ;
#4616 = ORIENTED_EDGE ( 'NONE', *, *, #4654, .F. ) ;
#4617 = VECTOR ( 'NONE', #8153, 1000.000000000000000 ) ;
#4618 = EDGE_LOOP ( 'NONE', ( #1476, #7974, #1394, #8869 ) ) ;
#4619 = CARTESIAN_POINT ( 'NONE',  ( -1.649999999999999023, 0.6702163011671202764, 0.1750000000000000167 ) ) ;
#4620 = AXIS2_PLACEMENT_3D ( 'NONE', #5847, #4513, #6645 ) ;
#4621 = DIRECTION ( 'NONE',  ( 0.000000000000000000, 1.000000000000000000, 0.000000000000000000 ) ) ;
#4622 = VECTOR ( 'NONE', #202, 1000.000000000000000 ) ;
#4623 = LINE ( 'NONE', #9192, #9330 ) ;
#4624 = CARTESIAN_POINT ( 'NONE',  ( -1.999999999999997780, 0.1499999999999999667, 0.1750000000000216382 ) ) ;
#4625 = VERTEX_POINT ( 'NONE', #3767 ) ;
#4626 = DIRECTION ( 'NONE',  ( 0.000000000000000000, -1.000000000000000000, 0.000000000000000000 ) ) ;
#4627 = COLOUR_RGB ( '',0.2509803921568627416, 0.2509803921568627416, 0.2509803921568627416 ) ;
#4628 = CLOSED_SHELL ( 'NONE', ( #5180, #834, #7764, #6678, #4019, #5177 ) ) ;
#4629 = VERTEX_POINT ( 'NONE', #5375 ) ;
#4630 = VERTEX_POINT ( 'NONE', #3224 ) ;
#4631 = ORIENTED_EDGE ( 'NONE', *, *, #8316, .F. ) ;
#4632 = VECTOR ( 'NONE', #6535, 1000.000000000000000 ) ;
#4633 = ADVANCED_FACE ( 'NONE', ( #6122 ), #8507, .F. ) ;
#4634 = CARTESIAN_POINT ( 'NONE',  ( -0.3249999999999997891, 0.04999999999999999584, 1.500000000000000888 ) ) ;
#4635 = CARTESIAN_POINT ( 'NONE',  ( -1.924999999999999156, 0.6702163011671204984, 0.8249999999999999556 ) ) ;
#4636 = FACE_BOUND ( 'NONE', #8109, .T. ) ;
#4637 = CARTESIAN_POINT ( 'NONE',  ( -1.124999999999998890, 0.1499999999999999667, 1.925000000000001377 ) ) ;
#4638 = ADVANCED_FACE ( 'NONE', ( #2423 ), #2270, .F. ) ;
#4639 = VECTOR ( 'NONE', #3656, 1000.000000000000000 ) ;
#4640 = DIRECTION ( 'NONE',  ( 0.000000000000000000, 0.000000000000000000, -1.000000000000000000 ) ) ;
#4641 = ORIENTED_EDGE ( 'NONE', *, *, #9356, .T. ) ;
#4642 = PRODUCT ( 'ADXL335', 'ADXL335', '', ( #1915 ) ) ;
#4643 = ORIENTED_EDGE ( 'NONE', *, *, #6876, .F. ) ;
#4644 = ORIENTED_EDGE ( 'NONE', *, *, #5601, .F. ) ;
#4645 = VECTOR ( 'NONE', #2071, 1000.000000000000000 ) ;
#4646 = CARTESIAN_POINT ( 'NONE',  ( 1.124999999999999334, 0.1499999999999999667, -1.999999999999999556 ) ) ;
#4647 = CARTESIAN_POINT ( 'NONE',  ( -1.649999999999999023, 0.1499999999999999667, -0.4749999999999999223 ) ) ;
#4648 = FACE_BOUND ( 'NONE', #9445, .T. ) ;
#4649 = EDGE_CURVE ( 'NONE', #1780, #5956, #7402, .T. ) ;
#4650 = CARTESIAN_POINT ( 'NONE',  ( -1.924999999999999156, 0.6702163011671202764, -0.8249999999999998446 ) ) ;
#4651 = DIRECTION ( 'NONE',  ( 0.000000000000000000, 1.000000000000000000, 0.000000000000000000 ) ) ;
#4652 = ORIENTED_EDGE ( 'NONE', *, *, #3930, .F. ) ;
#4653 = VERTEX_POINT ( 'NONE', #4647 ) ;
#4654 = EDGE_CURVE ( 'NONE', #8830, #1422, #1667, .T. ) ;
#4655 = CARTESIAN_POINT ( 'NONE',  ( 1.924999999999999156, 0.1499999999999999667, 1.125000000000000222 ) ) ;
#4656 = AXIS2_PLACEMENT_3D ( 'NONE', #1814, #4110, #881 ) ;
#4657 = DIRECTION ( 'NONE',  ( 1.000000000000000000, 0.000000000000000000, -3.491481338843133355E-15 ) ) ;
#4658 = DIRECTION ( 'NONE',  ( 0.000000000000000000, 0.000000000000000000, 1.000000000000000000 ) ) ;
#4659 = CARTESIAN_POINT ( 'NONE',  ( -0.1749999999999993783, 0.6702163011671209425, 1.925000000000000933 ) ) ;
#4660 = CARTESIAN_POINT ( 'NONE',  ( -0.4749999999999993117, 0.1499999999999999944, 1.925000000000001377 ) ) ;
#4661 = FACE_OUTER_BOUND ( 'NONE', #9449, .T. ) ;
#4662 = VECTOR ( 'NONE', #8498, 1000.000000000000000 ) ;
#4663 = CYLINDRICAL_SURFACE ( 'NONE', #3360, 0.1499999999999999667 ) ;
#4664 = ORIENTED_EDGE ( 'NONE', *, *, #3473, .F. ) ;
#4665 = PLANE ( 'NONE',  #3555 ) ;
#4666 = VECTOR ( 'NONE', #2610, 1000.000000000000000 ) ;
#4667 = EDGE_LOOP ( 'NONE', ( #4302, #6490, #7356, #1791 ) ) ;
#4668 = CARTESIAN_POINT ( 'NONE',  ( 0.3250000000000001776, 0.1499999999999999944, 1.500000000000000888 ) ) ;
#4669 = CARTESIAN_POINT ( 'NONE',  ( -0.1749999999999993783, 0.1499999999999999667, 1.925000000000000933 ) ) ;
#4670 = CARTESIAN_POINT ( 'NONE',  ( 0.4750000000000005884, 0.1499999999999999944, 1.925000000000000933 ) ) ;
#4671 = ADVANCED_FACE ( 'NONE', ( #6027 ), #7666, .T. ) ;
#4672 = ORIENTED_EDGE ( 'NONE', *, *, #4699, .T. ) ;
#4673 = DIRECTION ( 'NONE',  ( -1.000000000000000000, 0.000000000000000000, -3.942553354492742052E-16 ) ) ;
#4674 = ORIENTED_EDGE ( 'NONE', *, *, #8964, .F. ) ;
#4675 = ORIENTED_EDGE ( 'NONE', *, *, #227, .T. ) ;
#4676 = EDGE_LOOP ( 'NONE', ( #3876, #5334, #7234, #5968 ) ) ;
#4677 = LINE ( 'NONE', #7419, #8808 ) ;
#4678 = LINE ( 'NONE', #2357, #5104 ) ;
#4679 = SURFACE_STYLE_FILL_AREA ( #5466 ) ;
#4680 = DIRECTION ( 'NONE',  ( -0.000000000000000000, -1.000000000000000000, 0.000000000000000000 ) ) ;
#4681 = AXIS2_PLACEMENT_3D ( 'NONE', #3745, #2852, #2151 ) ;
#4682 = FACE_OUTER_BOUND ( 'NONE', #5449, .T. ) ;
#4683 = ADVANCED_FACE ( 'NONE', ( #8309 ), #7565, .T. ) ;
#4684 = DIRECTION ( 'NONE',  ( 1.000000000000000000, -0.000000000000000000, -1.084202172485504434E-16 ) ) ;
#4685 = ORIENTED_EDGE ( 'NONE', *, *, #5944, .T. ) ;
#4686 = ORIENTED_EDGE ( 'NONE', *, *, #4381, .T. ) ;
#4687 = ADVANCED_FACE ( 'NONE', ( #4151 ), #7219, .T. ) ;
#4688 = ORIENTED_EDGE ( 'NONE', *, *, #8876, .T. ) ;
#4689 = UNCERTAINTY_MEASURE_WITH_UNIT (LENGTH_MEASURE( 1.000000000000000082E-05 ), #2533, 'distance_accuracy_value', 'NONE');
#4690 = ADVANCED_FACE ( 'NONE', ( #8657 ), #7855, .T. ) ;
#4691 = DIRECTION ( 'NONE',  ( 1.047444401652940007E-14, 0.000000000000000000, 1.000000000000000000 ) ) ;
#4692 = LINE ( 'NONE', #876, #3855 ) ;
#4693 = SURFACE_STYLE_FILL_AREA ( #8459 ) ;
#4694 = LINE ( 'NONE', #1015, #5603 ) ;
#4695 = CARTESIAN_POINT ( 'NONE',  ( 1.199999999999999956, 0.05000000000000000278, 0.000000000000000000 ) ) ;
#4696 = ORIENTED_EDGE ( 'NONE', *, *, #3881, .F. ) ;
#4697 = EDGE_LOOP ( 'NONE', ( #6020, #5164, #9289, #8483 ) ) ;
#4698 = FACE_OUTER_BOUND ( 'NONE', #6299, .T. ) ;
#4699 = EDGE_CURVE ( 'NONE', #9107, #3287, #1858, .T. ) ;
#4700 = EDGE_CURVE ( 'NONE', #5266, #3584, #4888, .T. ) ;
#4701 = DIRECTION ( 'NONE',  ( -1.000000000000000000, 0.000000000000000000, -0.000000000000000000 ) ) ;
#4703 = FACE_OUTER_BOUND ( 'NONE', #6730, .T. ) ;
#4702 = LINE ( 'NONE', #3234, #6844 ) ;
#4704 = CARTESIAN_POINT ( 'NONE',  ( -0.4749999999999997558, 0.05000000000000000278, -1.925000000000000933 ) ) ;
#4705 = FACE_OUTER_BOUND ( 'NONE', #8204, .T. ) ;
#4706 = DIRECTION ( 'NONE',  ( 0.000000000000000000, -1.000000000000000000, 0.000000000000000000 ) ) ;
#4707 = EDGE_LOOP ( 'NONE', ( #5279, #8094, #8271, #2113 ) ) ;
#4708 = EDGE_CURVE ( 'NONE', #1377, #4328, #4936, .T. ) ;
#4709 = LINE ( 'NONE', #7731, #9212 ) ;
#4710 = ORIENTED_EDGE ( 'NONE', *, *, #6997, .T. ) ;
#4711 = CARTESIAN_POINT ( 'NONE',  ( 1.619058829184430559, 0.1499999999999999667, -0.1750000000000063449 ) ) ;
#4712 = CIRCLE ( 'NONE', #8834, 0.1499999999999999667 ) ;
#4713 = ORIENTED_EDGE ( 'NONE', *, *, #3968, .F. ) ;
#4714 = VECTOR ( 'NONE', #6714, 1000.000000000000000 ) ;
#4715 = LINE ( 'NONE', #1542, #883 ) ;
#4716 = FACE_OUTER_BOUND ( 'NONE', #9592, .T. ) ;
#4717 = FACE_OUTER_BOUND ( 'NONE', #3315, .T. ) ;
#4718 = CARTESIAN_POINT ( 'NONE',  ( -0.4749999999999993117, 0.08999999999999999667, 1.999999999999999556 ) ) ;
#4719 = AXIS2_PLACEMENT_3D ( 'NONE', #6091, #9082, #6939 ) ;
#4720 = ORIENTED_EDGE ( 'NONE', *, *, #2643, .F. ) ;
#4721 = EDGE_LOOP ( 'NONE', ( #2747, #960, #4616, #3165, #9305 ) ) ;
#4722 = AXIS2_PLACEMENT_3D ( 'NONE', #9643, #4287, #2153 ) ;
#4723 = VERTEX_POINT ( 'NONE', #4833 ) ;
#4724 = ORIENTED_EDGE ( 'NONE', *, *, #8553, .T. ) ;
#4725 = FACE_OUTER_BOUND ( 'NONE', #7150, .T. ) ;
#4726 = PLANE ( 'NONE',  #7403 ) ;
#4727 = LINE ( 'NONE', #4587, #7197 ) ;
#4728 = CARTESIAN_POINT ( 'NONE',  ( -0.8250000000000006217, 0.1499999999999999667, -1.999999999999999556 ) ) ;
#4729 = EDGE_LOOP ( 'NONE', ( #1826, #1018, #4426, #77 ) ) ;
#4730 = ADVANCED_FACE ( 'NONE', ( #6426 ), #5627, .T. ) ;
#4731 = VERTEX_POINT ( 'NONE', #6278 ) ;
#4732 = ORIENTED_EDGE ( 'NONE', *, *, #2381, .T. ) ;
#4733 = EDGE_CURVE ( 'NONE', #7826, #7673, #2670, .T. ) ;
#4734 = DIRECTION ( 'NONE',  ( -0.000000000000000000, 0.000000000000000000, -1.000000000000000000 ) ) ;
#4735 = CARTESIAN_POINT ( 'NONE',  ( 0.9750000000000001998, 0.6702163011671209425, 1.650000000000000799 ) ) ;
#4736 = LINE ( 'NONE', #7757, #2356 ) ;
#4737 = LINE ( 'NONE', #9314, #3727 ) ;
#4738 = DIRECTION ( 'NONE',  ( 0.000000000000000000, 1.000000000000000000, 0.000000000000000000 ) ) ;
#4739 = EDGE_LOOP ( 'NONE', ( #8640, #996, #9219, #8628 ) ) ;
#4740 = DIRECTION ( 'NONE',  ( 1.000000000000000000, -0.000000000000000000, 3.942553354492742545E-16 ) ) ;
#4741 = VERTEX_POINT ( 'NONE', #1067 ) ;
#4742 = DIRECTION ( 'NONE',  ( 0.000000000000000000, 0.000000000000000000, -1.000000000000000000 ) ) ;
#4743 = LINE ( 'NONE', #928, #5973 ) ;
#4744 = DIRECTION ( 'NONE',  ( -1.000000000000000000, 0.000000000000000000, -0.000000000000000000 ) ) ;
#4745 = CARTESIAN_POINT ( 'NONE',  ( -1.124999999999999334, 0.04999999999999999584, 1.925000000000001377 ) ) ;
#4746 = CARTESIAN_POINT ( 'NONE',  ( -0.8249999999999992895, 0.1499999999999999944, 1.925000000000000933 ) ) ;
#4747 = EDGE_CURVE ( 'NONE', #4476, #5669, #6477, .T. ) ;
#4748 = CARTESIAN_POINT ( 'NONE',  ( 0.1749999999999993783, 0.08999999999999999667, -1.999999999999999556 ) ) ;
#4749 = ORIENTED_EDGE ( 'NONE', *, *, #5545, .F. ) ;
#4750 = ORIENTED_EDGE ( 'NONE', *, *, #4272, .F. ) ;
#4751 = LINE ( 'NONE', #7776, #4609 ) ;
#4752 = EDGE_CURVE ( 'NONE', #7482, #3111, #1904, .T. ) ;
#4753 = ORIENTED_EDGE ( 'NONE', *, *, #5309, .T. ) ;
#4754 = DIRECTION ( 'NONE',  ( 0.000000000000000000, -1.000000000000000000, 0.000000000000000000 ) ) ;
#4755 = EDGE_CURVE ( 'NONE', #1514, #6161, #334, .T. ) ;
#4756 = ORIENTED_EDGE ( 'NONE', *, *, #691, .F. ) ;
#4757 = DIRECTION ( 'NONE',  ( 4.937084235490472864E-15, 0.000000000000000000, 1.000000000000000000 ) ) ;
#4758 = AXIS2_PLACEMENT_3D ( 'NONE', #5692, #7046, #7193 ) ;
#4759 =( GEOMETRIC_REPRESENTATION_CONTEXT ( 3 ) GLOBAL_UNCERTAINTY_ASSIGNED_CONTEXT ( ( #517 ) ) GLOBAL_UNIT_ASSIGNED_CONTEXT ( ( #8235, #4386, #1969 ) ) REPRESENTATION_CONTEXT ( 'NONE', 'WORKASPACE' ) );
#4760 = DIRECTION ( 'NONE',  ( -0.000000000000000000, -1.000000000000000000, 0.000000000000000000 ) ) ;
#4761 = PLANE ( 'NONE',  #8990 ) ;
#4762 = PLANE ( 'NONE',  #83 ) ;
#4763 = AXIS2_PLACEMENT_3D ( 'NONE', #2830, #1978, #400 ) ;
#4764 = VERTEX_POINT ( 'NONE', #1168 ) ;
#4765 = ORIENTED_EDGE ( 'NONE', *, *, #2327, .F. ) ;
#4766 = EDGE_LOOP ( 'NONE', ( #5214, #2572, #4713, #8465 ) ) ;
#4767 = VERTEX_POINT ( 'NONE', #4205 ) ;
#4768 = AXIS2_PLACEMENT_3D ( 'NONE', #5781, #6429, #8814 ) ;
#4769 = VECTOR ( 'NONE', #7041, 1000.000000000000000 ) ;
#4770 = CARTESIAN_POINT ( 'NONE',  ( 1.924999999999999156, 0.1499999999999999667, -0.4749999999999999223 ) ) ;
#4771 = DIRECTION ( 'NONE',  ( 0.000000000000000000, 0.000000000000000000, -1.000000000000000000 ) ) ;
#4772 = COLOUR_RGB ( '',0.7921568627450980005, 0.8196078431372548767, 0.9333333333333333481 ) ;
#4773 = PLANE ( 'NONE',  #3417 ) ;
#4774 = FILL_AREA_STYLE_COLOUR ( '', #5082 ) ;
#4775 = ORIENTED_EDGE ( 'NONE', *, *, #6863, .F. ) ;
#4776 = AXIS2_PLACEMENT_3D ( 'NONE', #1631, #4744, #7677 ) ;
#4777 = VECTOR ( 'NONE', #961, 1000.000000000000000 ) ;
#4778 = ORIENTED_EDGE ( 'NONE', *, *, #3689, .F. ) ;
#4779 = ORIENTED_EDGE ( 'NONE', *, *, #528, .F. ) ;
#4780 = UNCERTAINTY_MEASURE_WITH_UNIT (LENGTH_MEASURE( 1.000000000000000082E-05 ), #9403, 'distance_accuracy_value', 'NONE');
#4781 = DIRECTION ( 'NONE',  ( 1.000000000000000000, 0.000000000000000000, -3.491481338843133355E-15 ) ) ;
#4782 = AXIS2_PLACEMENT_3D ( 'NONE', #7882, #7146, #1883 ) ;
#4783 = PLANE ( 'NONE',  #4554 ) ;
#4784 = CARTESIAN_POINT ( 'NONE',  ( -0.1749999999999993783, 0.1499999999999999667, 1.999999999999999556 ) ) ;
#4785 = DIRECTION ( 'NONE',  ( -0.000000000000000000, -1.000000000000000000, -0.000000000000000000 ) ) ;
#4786 = ORIENTED_EDGE ( 'NONE', *, *, #2767, .T. ) ;
#4787 = LINE ( 'NONE', #7811, #7026 ) ;
#4788 = EDGE_LOOP ( 'NONE', ( #1163, #7191, #5977, #4400 ) ) ;
#4789 = EDGE_CURVE ( 'NONE', #1730, #1780, #4105, .T. ) ;
#4790 = LINE ( 'NONE', #7082, #4300 ) ;
#4791 = LINE ( 'NONE', #7121, #7825 ) ;
#4792 = PLANE ( 'NONE',  #8028 ) ;
#4793 = DIRECTION ( 'NONE',  ( 1.000000000000000000, 0.000000000000000000, -1.445602896647339706E-15 ) ) ;
#4794 = PLANE ( 'NONE',  #8677 ) ;
#4795 = EDGE_CURVE ( 'NONE', #9297, #1301, #1962, .T. ) ;
#4796 = DIRECTION ( 'NONE',  ( -1.000000000000000000, 0.000000000000000000, 0.000000000000000000 ) ) ;
#4797 = CARTESIAN_POINT ( 'NONE',  ( -3.252606517456514781E-16, 0.05000000000000000278, -0.8250000000000006217 ) ) ;
#4798 = EDGE_LOOP ( 'NONE', ( #328, #7550, #1153, #9333 ) ) ;
#4799 = VERTEX_POINT ( 'NONE', #7756 ) ;
#4800 = VECTOR ( 'NONE', #6839, 1000.000000000000000 ) ;
#4801 = EDGE_CURVE ( 'NONE', #8952, #8288, #7555, .T. ) ;
#4802 = CARTESIAN_POINT ( 'NONE',  ( 1.924999999999999156, 0.6702163011671202764, -0.1749999999999999056 ) ) ;
#4803 = ORIENTED_EDGE ( 'NONE', *, *, #6037, .F. ) ;
#4804 = CARTESIAN_POINT ( 'NONE',  ( 0.4750000000000001443, 0.000000000000000000, 1.650000000000000577 ) ) ;
#4805 = ADVANCED_FACE ( 'NONE', ( #3369 ), #3272, .T. ) ;
#4806 = ADVANCED_FACE ( 'NONE', ( #1759 ), #4783, .T. ) ;
#4807 = ORIENTED_EDGE ( 'NONE', *, *, #7169, .T. ) ;
#4808 = VECTOR ( 'NONE', #8764, 1000.000000000000000 ) ;
#4809 = EDGE_CURVE ( 'NONE', #6689, #8123, #1014, .T. ) ;
#4810 = FACE_OUTER_BOUND ( 'NONE', #7594, .T. ) ;
#4811 = CARTESIAN_POINT ( 'NONE',  ( -1.124999999999999334, 0.08999999999999999667, 1.925000000000001377 ) ) ;
#4812 = CARTESIAN_POINT ( 'NONE',  ( -0.8249999999999997335, 0.04999999999999999584, 1.650000000000000577 ) ) ;
#4813 = CARTESIAN_POINT ( 'NONE',  ( -1.649999999999999023, 0.6702163011671202764, -0.4749999999999999223 ) ) ;
#4814 = ORIENTED_EDGE ( 'NONE', *, *, #5584, .F. ) ;
#4815 = ORIENTED_EDGE ( 'NONE', *, *, #3457, .T. ) ;
#4816 = AXIS2_PLACEMENT_3D ( 'NONE', #2466, #1560, #814 ) ;
#4817 = ORIENTED_EDGE ( 'NONE', *, *, #6942, .T. ) ;
#4818 = ORIENTED_EDGE ( 'NONE', *, *, #1097, .T. ) ;
#4819 = EDGE_CURVE ( 'NONE', #735, #5521, #9605, .T. ) ;
#4820 = STYLED_ITEM ( 'NONE', ( #383 ), #2041 ) ;
#4821 = CARTESIAN_POINT ( 'NONE',  ( 0.8249999999999992895, 0.08999999999999999667, -1.999999999999999556 ) ) ;
#4822 = ADVANCED_FACE ( 'NONE', ( #7315 ), #1361, .F. ) ;
#4823 = DIRECTION ( 'NONE',  ( 0.000000000000000000, 0.000000000000000000, 1.000000000000000000 ) ) ;
#4824 = AXIS2_PLACEMENT_3D ( 'NONE', #8589, #459, #4184 ) ;
#4825 = LINE ( 'NONE', #6418, #7574 ) ;
#4826 = CARTESIAN_POINT ( 'NONE',  ( 1.924999999999999156, 0.1499999999999999667, 0.1750000000000000167 ) ) ;
#4827 = CARTESIAN_POINT ( 'NONE',  ( 2.000000000000000888, 0.05000000000000000278, 1.999999999999999112 ) ) ;
#4828 = ORIENTED_EDGE ( 'NONE', *, *, #886, .F. ) ;
#4829 = ORIENTED_EDGE ( 'NONE', *, *, #7452, .F. ) ;
#4830 = EDGE_LOOP ( 'NONE', ( #947, #318, #3947, #1084 ) ) ;
#4831 = CIRCLE ( 'NONE', #100, 0.1499999999999999667 ) ;
#4832 = DIRECTION ( 'NONE',  ( 0.000000000000000000, 0.000000000000000000, 1.000000000000000000 ) ) ;
#4833 = CARTESIAN_POINT ( 'NONE',  ( -1.124999999999999334, 0.1499999999999999667, 1.999999999999999556 ) ) ;
#4834 = FACE_OUTER_BOUND ( 'NONE', #9651, .T. ) ;
#4835 = DIRECTION ( 'NONE',  ( 0.000000000000000000, 0.000000000000000000, 1.000000000000000000 ) ) ;
#4836 = ORIENTED_EDGE ( 'NONE', *, *, #7417, .T. ) ;
#4837 = CARTESIAN_POINT ( 'NONE',  ( -1.599999999999999201, 1.500000000000000000, -1.433333333333334014 ) ) ;
#4838 = EDGE_LOOP ( 'NONE', ( #797, #5052, #1040, #8538 ) ) ;
#4839 = VECTOR ( 'NONE', #7254, 1000.000000000000000 ) ;
#4840 = CARTESIAN_POINT ( 'NONE',  ( -1.649999999999999023, 0.6702163011671202764, -0.9749999999999999778 ) ) ;
#4841 = EDGE_CURVE ( 'NONE', #2820, #5203, #6932, .T. ) ;
#4842 = SURFACE_SIDE_STYLE ('',( #298 ) ) ;
#4843 = DIRECTION ( 'NONE',  ( 1.000000000000000000, 0.000000000000000000, -1.577021341797093468E-15 ) ) ;
#4844 = CARTESIAN_POINT ( 'NONE',  ( 0.9750000000000001998, 0.6702163011671209425, 1.650000000000000799 ) ) ;
#4845 = DIRECTION ( 'NONE',  ( -1.000000000000000000, 0.000000000000000000, 0.000000000000000000 ) ) ;
#4846 = CARTESIAN_POINT ( 'NONE',  ( 1.924999999999999156, 0.1499999999999999667, -1.125000000000000000 ) ) ;
#4847 = DIRECTION ( 'NONE',  ( 1.047444401652940007E-14, 0.000000000000000000, 1.000000000000000000 ) ) ;
#4848 = ORIENTED_EDGE ( 'NONE', *, *, #9623, .F. ) ;
#4849 = ORIENTED_EDGE ( 'NONE', *, *, #6622, .T. ) ;
#4850 = LINE ( 'NONE', #3437, #9208 ) ;
#4851 = ORIENTED_EDGE ( 'NONE', *, *, #6752, .F. ) ;
#4852 = EDGE_CURVE ( 'NONE', #2429, #7233, #4712, .T. ) ;
#4853 = EDGE_CURVE ( 'NONE', #860, #3218, #5824, .T. ) ;
#4854 = ORIENTED_EDGE ( 'NONE', *, *, #3616, .T. ) ;
#4855 = PLANE ( 'NONE',  #9537 ) ;
#4856 = DIRECTION ( 'NONE',  ( 0.000000000000000000, -1.000000000000000000, 0.000000000000000000 ) ) ;
#4857 = CARTESIAN_POINT ( 'NONE',  ( -0.8250000000000006217, 0.08999999999999999667, -1.924999999999999600 ) ) ;
#4858 = PRESENTATION_LAYER_ASSIGNMENT (  '', '', ( #5652 ) ) ;
#4859 = DIRECTION ( 'NONE',  ( 0.000000000000000000, 1.000000000000000000, 0.000000000000000000 ) ) ;
#4860 = CARTESIAN_POINT ( 'NONE',  ( 1.199999999999999956, 0.1499999999999999667, -1.099999999999999645 ) ) ;
#4861 = DIRECTION ( 'NONE',  ( 1.000000000000000000, 0.000000000000000000, -1.445602896647339706E-15 ) ) ;
#4862 = ADVANCED_FACE ( 'NONE', ( #8199 ), #2863, .F. ) ;
#4863 = ORIENTED_EDGE ( 'NONE', *, *, #8871, .T. ) ;
#4864 = ORIENTED_EDGE ( 'NONE', *, *, #6392, .T. ) ;
#4865 = DIRECTION ( 'NONE',  ( 0.000000000000000000, 0.000000000000000000, 1.000000000000000000 ) ) ;
#4866 = VECTOR ( 'NONE', #617, 1000.000000000000000 ) ;
#4867 = ORIENTED_EDGE ( 'NONE', *, *, #6215, .F. ) ;
#4868 = VECTOR ( 'NONE', #1747, 1000.000000000000000 ) ;
#4869 = DIRECTION ( 'NONE',  ( 0.000000000000000000, -1.000000000000000000, 0.000000000000000000 ) ) ;
#4870 = VECTOR ( 'NONE', #5054, 1000.000000000000000 ) ;
#4871 = DIRECTION ( 'NONE',  ( 0.000000000000000000, 0.000000000000000000, 1.000000000000000000 ) ) ;
#4872 = FILL_AREA_STYLE_COLOUR ( '', #5345 ) ;
#4873 = FACE_OUTER_BOUND ( 'NONE', #3144, .T. ) ;
#4874 = ADVANCED_FACE ( 'NONE', ( #2815 ), #4441, .T. ) ;
#4875 = ADVANCED_FACE ( 'NONE', ( #5172 ), #669, .T. ) ;
#4876 = CIRCLE ( 'NONE', #6943, 0.1499999999999999667 ) ;
#4877 = SURFACE_STYLE_FILL_AREA ( #8754 ) ;
#4878 = EDGE_LOOP ( 'NONE', ( #205, #4724, #1099, #5372 ) ) ;
#4879 = AXIS2_PLACEMENT_3D ( 'NONE', #1443, #70, #3104 ) ;
#4880 = ORIENTED_EDGE ( 'NONE', *, *, #2328, .T. ) ;
#4881 = VECTOR ( 'NONE', #2319, 1000.000000000000000 ) ;
#4882 = EDGE_CURVE ( 'NONE', #7792, #516, #5127, .T. ) ;
#4883 = VERTEX_POINT ( 'NONE', #521 ) ;
#4884 = UNCERTAINTY_MEASURE_WITH_UNIT (LENGTH_MEASURE( 1.000000000000000082E-05 ), #8168, 'distance_accuracy_value', 'NONE');
#4885 = CARTESIAN_POINT ( 'NONE',  ( 0.1750000000000002387, 0.04999999999999999584, -1.650000000000000577 ) ) ;
#4886 = ADVANCED_FACE ( 'NONE', ( #8150 ), #7266, .F. ) ;
#4887 = CARTESIAN_POINT ( 'NONE',  ( -2.000000000000004441, 0.08999999999999999667, -0.4749999999999783840 ) ) ;
#4888 = LINE ( 'NONE', #7172, #8517 ) ;
#4889 = SURFACE_STYLE_FILL_AREA ( #7173 ) ;
#4890 = LINE ( 'NONE', #5728, #9421 ) ;
#4891 = FACE_OUTER_BOUND ( 'NONE', #159, .T. ) ;
#4892 = ORIENTED_EDGE ( 'NONE', *, *, #9078, .F. ) ;
#4893 = ORIENTED_EDGE ( 'NONE', *, *, #7913, .F. ) ;
#4894 = DIRECTION ( 'NONE',  ( 0.000000000000000000, 0.000000000000000000, 1.000000000000000000 ) ) ;
#4895 = CARTESIAN_POINT ( 'NONE',  ( -0.8249999999999997335, 0.1499999999999999944, 1.650000000000000577 ) ) ;
#4896 = DIRECTION ( 'NONE',  ( -1.000000000000000000, 0.000000000000000000, -0.000000000000000000 ) ) ;
#4897 = CARTESIAN_POINT ( 'NONE',  ( 1.125000000000000222, 0.6702163011671209425, -1.925000000000000933 ) ) ;
#4898 = CARTESIAN_POINT ( 'NONE',  ( 1.924999999999999156, 0.1499999999999999667, 1.125000000000000222 ) ) ;
#4899 = CARTESIAN_POINT ( 'NONE',  ( -1.924999999999999156, 0.1499999999999999667, -0.8249999999999998446 ) ) ;
#4900 = ORIENTED_EDGE ( 'NONE', *, *, #1582, .F. ) ;
#4901 = VERTEX_POINT ( 'NONE', #7411 ) ;
#4902 = DIRECTION ( 'NONE',  ( 0.000000000000000000, 1.000000000000000000, 0.000000000000000000 ) ) ;
#4903 = EDGE_LOOP ( 'NONE', ( #5278, #4685, #8653, #4365 ) ) ;
#4904 = ORIENTED_EDGE ( 'NONE', *, *, #7068, .T. ) ;
#4905 = CARTESIAN_POINT ( 'NONE',  ( -1.999999999999997780, 0.08999999999999999667, 0.1750000000000216382 ) ) ;
#4906 = CARTESIAN_POINT ( 'NONE',  ( 0.4750000000000005884, 0.08999999999999999667, 1.924999999999999600 ) ) ;
#4907 = DIRECTION ( 'NONE',  ( -0.000000000000000000, -1.000000000000000000, -0.000000000000000000 ) ) ;
#4908 = EDGE_CURVE ( 'NONE', #5669, #1119, #8855, .T. ) ;
#4909 = CARTESIAN_POINT ( 'NONE',  ( -0.9749999999999997558, 0.1499999999999999944, 0.2999999999999990452 ) ) ;
#4910 = FACE_OUTER_BOUND ( 'NONE', #5280, .T. ) ;
#4911 = CARTESIAN_POINT ( 'NONE',  ( 1.125000000000000222, 0.04999999999999999584, -1.925000000000000933 ) ) ;
#4912 = ORIENTED_EDGE ( 'NONE', *, *, #9663, .F. ) ;
#4913 = EDGE_CURVE ( 'NONE', #8191, #3909, #5778, .T. ) ;
#4914 = ORIENTED_EDGE ( 'NONE', *, *, #3741, .T. ) ;
#4915 = ORIENTED_EDGE ( 'NONE', *, *, #1897, .F. ) ;
#4916 = ORIENTED_EDGE ( 'NONE', *, *, #4528, .F. ) ;
#4917 = VECTOR ( 'NONE', #6706, 1000.000000000000000 ) ;
#4918 = VECTOR ( 'NONE', #4316, 1000.000000000000000 ) ;
#4919 = DIRECTION ( 'NONE',  ( 0.000000000000000000, -1.000000000000000000, 0.000000000000000000 ) ) ;
#4920 = CIRCLE ( 'NONE', #9365, 0.1499999999999999667 ) ;
#4921 = CARTESIAN_POINT ( 'NONE',  ( 1.925000000000000711, 0.1499999999999999667, 0.1749999999999926059 ) ) ;
#4922 = LINE ( 'NONE', #7212, #4095 ) ;
#4923 = EDGE_CURVE ( 'NONE', #5015, #38, #6525, .T. ) ;
#4924 = LINE ( 'NONE', #6512, #3259 ) ;
#4925 = EDGE_CURVE ( 'NONE', #8672, #1638, #9560, .T. ) ;
#4926 = COLOUR_RGB ( '',0.7921568627450980005, 0.8196078431372548767, 0.9333333333333333481 ) ;
#4927 = ORIENTED_EDGE ( 'NONE', *, *, #7964, .F. ) ;
#4928 = AXIS2_PLACEMENT_3D ( 'NONE', #524, #4348, #3516 ) ;
#4929 = ORIENTED_EDGE ( 'NONE', *, *, #2403, .F. ) ;
#4930 = VECTOR ( 'NONE', #5138, 1000.000000000000000 ) ;
#4931 = EDGE_CURVE ( 'NONE', #6913, #2967, #4346, .T. ) ;
#4932 =( GEOMETRIC_REPRESENTATION_CONTEXT ( 3 ) GLOBAL_UNCERTAINTY_ASSIGNED_CONTEXT ( ( #7661 ) ) GLOBAL_UNIT_ASSIGNED_CONTEXT ( ( #6019, #2925, #6674 ) ) REPRESENTATION_CONTEXT ( 'NONE', 'WORKASPACE' ) );
#4933 = EDGE_CURVE ( 'NONE', #882, #7729, #7364, .T. ) ;
#4934 = CARTESIAN_POINT ( 'NONE',  ( 1.999999999999996669, 0.1499999999999999667, -0.8250000000000076161 ) ) ;
#4935 = LINE ( 'NONE', #6425, #5934 ) ;
#4936 = LINE ( 'NONE', #6327, #4402 ) ;
#4937 = DIRECTION ( 'NONE',  ( 1.000000000000000000, 0.000000000000000000, -0.000000000000000000 ) ) ;
#4938 = PLANE ( 'NONE',  #5761 ) ;
#4939 = VECTOR ( 'NONE', #7132, 1000.000000000000000 ) ;
#4940 = DIRECTION ( 'NONE',  ( 0.000000000000000000, -1.000000000000000000, -0.000000000000000000 ) ) ;
#4941 = VECTOR ( 'NONE', #3461, 1000.000000000000000 ) ;
#4942 = ORIENTED_EDGE ( 'NONE', *, *, #9418, .T. ) ;
#4943 = DIRECTION ( 'NONE',  ( 1.000000000000000000, 0.000000000000000000, -1.047444401652940007E-14 ) ) ;
#4944 = ORIENTED_EDGE ( 'NONE', *, *, #9544, .F. ) ;
#4945 = VECTOR ( 'NONE', #4626, 1000.000000000000000 ) ;
#4946 = VECTOR ( 'NONE', #5010, 1000.000000000000000 ) ;
#4947 = ADVANCED_FACE ( 'NONE', ( #6669 ), #9711, .F. ) ;
#4948 = DIRECTION ( 'NONE',  ( -1.577021341797093074E-15, 0.000000000000000000, -1.000000000000000000 ) ) ;
#4949 = CARTESIAN_POINT ( 'NONE',  ( -1.924999999999999156, 0.6702163011671202764, -0.8249999999999998446 ) ) ;
#4950 = DIRECTION ( 'NONE',  ( 0.000000000000000000, 1.000000000000000000, 0.000000000000000000 ) ) ;
#4951 = DIRECTION ( 'NONE',  ( -1.000000000000000000, 0.000000000000000000, 1.445602896647339706E-15 ) ) ;
#4952 = DIRECTION ( 'NONE',  ( 0.000000000000000000, -0.000000000000000000, 1.000000000000000000 ) ) ;
#4953 = EDGE_CURVE ( 'NONE', #8986, #6959, #3952, .T. ) ;
#4954 = DIRECTION ( 'NONE',  ( 0.000000000000000000, 0.000000000000000000, -1.000000000000000000 ) ) ;
#4955 = ORIENTED_EDGE ( 'NONE', *, *, #3128, .T. ) ;
#4956 = ORIENTED_EDGE ( 'NONE', *, *, #8011, .T. ) ;
#4957 = AXIS2_PLACEMENT_3D ( 'NONE', #6897, #7628, #640 ) ;
#4958 = DIRECTION ( 'NONE',  ( 1.000000000000000000, 0.000000000000000000, -1.577021341797093468E-15 ) ) ;
#4959 = EDGE_LOOP ( 'NONE', ( #7405, #6629, #518, #2256 ) ) ;
#4960 = ORIENTED_EDGE ( 'NONE', *, *, #4373, .F. ) ;
#4961 = FACE_OUTER_BOUND ( 'NONE', #4142, .T. ) ;
#4962 = DIRECTION ( 'NONE',  ( 0.000000000000000000, 1.000000000000000000, 0.000000000000000000 ) ) ;
#4963 = CARTESIAN_POINT ( 'NONE',  ( -0.8249999999999992895, 0.1499999999999999944, 1.925000000000000933 ) ) ;
#4964 = DIRECTION ( 'NONE',  ( 0.000000000000000000, -1.000000000000000000, 0.000000000000000000 ) ) ;
#4965 = CARTESIAN_POINT ( 'NONE',  ( -1.649999999999999023, 0.1499999999999999667, -0.8249999999999999556 ) ) ;
#4966 = DIRECTION ( 'NONE',  ( -0.000000000000000000, -1.000000000000000000, 0.000000000000000000 ) ) ;
#4967 = VERTEX_POINT ( 'NONE', #8348 ) ;
#4968 = ORIENTED_EDGE ( 'NONE', *, *, #7707, .T. ) ;
#4969 = ORIENTED_EDGE ( 'NONE', *, *, #6030, .T. ) ;
#4970 = ORIENTED_EDGE ( 'NONE', *, *, #4015, .T. ) ;
#4971 = CARTESIAN_POINT ( 'NONE',  ( -0.8250000000000023981, 0.05000000000000000278, 1.301042606982607687E-15 ) ) ;
#4972 = EDGE_CURVE ( 'NONE', #6920, #5190, #2215, .T. ) ;
#4973 = FACE_OUTER_BOUND ( 'NONE', #9122, .T. ) ;
#4974 = CARTESIAN_POINT ( 'NONE',  ( -0.8249999999999992895, 0.6702163011671209425, 1.925000000000000933 ) ) ;
#4975 = CARTESIAN_POINT ( 'NONE',  ( -1.199999999999999956, 0.05000000000000012768, 1.099999999999999423 ) ) ;
#4976 = VECTOR ( 'NONE', #9512, 1000.000000000000000 ) ;
#4977 = ORIENTED_EDGE ( 'NONE', *, *, #2970, .F. ) ;
#4978 = PRESENTATION_LAYER_ASSIGNMENT (  '', '', ( #1340 ) ) ;
#4979 = VERTEX_POINT ( 'NONE', #6017 ) ;
#4980 = UNCERTAINTY_MEASURE_WITH_UNIT (LENGTH_MEASURE( 1.000000000000000082E-05 ), #5381, 'distance_accuracy_value', 'NONE');
#4981 = VECTOR ( 'NONE', #5961, 1000.000000000000000 ) ;
#4982 = VERTEX_POINT ( 'NONE', #1657 ) ;
#4983 = LINE ( 'NONE', #428, #7320 ) ;
#4984 = EDGE_CURVE ( 'NONE', #1853, #1301, #7553, .T. ) ;
#4985 = DIRECTION ( 'NONE',  ( -0.000000000000000000, -1.000000000000000000, -0.000000000000000000 ) ) ;
#4986 = CARTESIAN_POINT ( 'NONE',  ( -0.1750000000000006828, 0.08999999999999999667, -1.924999999999999600 ) ) ;
#4987 = PRESENTATION_STYLE_ASSIGNMENT (( #570 ) ) ;
#4988 = DIRECTION ( 'NONE',  ( 1.192004691317674036E-14, 0.000000000000000000, 1.000000000000000000 ) ) ;
#4989 = DIRECTION ( 'NONE',  ( 0.000000000000000000, 0.000000000000000000, -1.000000000000000000 ) ) ;
#4990 = VERTEX_POINT ( 'NONE', #2359 ) ;
#4991 = ADVANCED_FACE ( 'NONE', ( #1461 ), #3810, .F. ) ;
#4992 = CARTESIAN_POINT ( 'NONE',  ( 0.000000000000000000, 0.000000000000000000, 0.000000000000000000 ) ) ;
#4993 = CIRCLE ( 'NONE', #9599, 0.1000000000000000472 ) ;
#4994 = CARTESIAN_POINT ( 'NONE',  ( 0.000000000000000000, 0.05000000000000000278, 0.1750000000000000167 ) ) ;
#4995 = DIRECTION ( 'NONE',  ( -1.577021341797093468E-15, 0.000000000000000000, -1.000000000000000000 ) ) ;
#4996 = DIRECTION ( 'NONE',  ( 0.000000000000000000, 0.000000000000000000, -1.000000000000000000 ) ) ;
#4997 = DIRECTION ( 'NONE',  ( -0.000000000000000000, -1.000000000000000000, 0.000000000000000000 ) ) ;
#4998 = DIRECTION ( 'NONE',  ( 1.000000000000000000, 0.000000000000000000, 0.000000000000000000 ) ) ;
#4999 = CARTESIAN_POINT ( 'NONE',  ( 0.8250000000000001776, 0.05000000000000000278, 0.000000000000000000 ) ) ;
#5000 = VERTEX_POINT ( 'NONE', #2409 ) ;
#5001 = ORIENTED_EDGE ( 'NONE', *, *, #6755, .T. ) ;
#5002 = VECTOR ( 'NONE', #1746, 1000.000000000000000 ) ;
#5003 = EDGE_CURVE ( 'NONE', #798, #9344, #2995, .T. ) ;
#5004 = DIRECTION ( 'NONE',  ( 0.000000000000000000, -1.000000000000000000, 0.000000000000000000 ) ) ;
#5005 = ORIENTED_EDGE ( 'NONE', *, *, #710, .T. ) ;
#5006 = EDGE_CURVE ( 'NONE', #552, #7334, #5273, .T. ) ;
#5007 = ORIENTED_EDGE ( 'NONE', *, *, #8279, .T. ) ;
#5008 = DIRECTION ( 'NONE',  ( 1.192004691317674036E-14, 0.000000000000000000, 1.000000000000000000 ) ) ;
#5009 = DIRECTION ( 'NONE',  ( -1.000000000000000000, 0.000000000000000000, 0.000000000000000000 ) ) ;
#5010 = DIRECTION ( 'NONE',  ( -4.937084235490472864E-15, 0.000000000000000000, -1.000000000000000000 ) ) ;
#5011 = CARTESIAN_POINT ( 'NONE',  ( -1.124999999999999778, 0.1499999999999999667, -1.925000000000000933 ) ) ;
#5012 = SURFACE_STYLE_USAGE ( .BOTH. , #6032 ) ;
#5013 = DIRECTION ( 'NONE',  ( -1.000000000000000000, 0.000000000000000000, 1.047444401652940007E-14 ) ) ;
#5014 = LINE ( 'NONE', #2899, #7295 ) ;
#5015 = VERTEX_POINT ( 'NONE', #9053 ) ;
#5016 = ORIENTED_EDGE ( 'NONE', *, *, #5614, .F. ) ;
#5017 = ORIENTED_EDGE ( 'NONE', *, *, #3070, .F. ) ;
#5018 = VECTOR ( 'NONE', #1180, 1000.000000000000000 ) ;
#5019 = CARTESIAN_POINT ( 'NONE',  ( -1.999999999999999556, 0.000000000000000000, 2.094888803305879382E-14 ) ) ;
#5020 = LINE ( 'NONE', #3500, #5340 ) ;
#5021 = LINE ( 'NONE', #6657, #2835 ) ;
#5022 = CARTESIAN_POINT ( 'NONE',  ( 1.619058829184433002, 0.08999999999999999667, 0.4749999999999936495 ) ) ;
#5023 = CARTESIAN_POINT ( 'NONE',  ( 0.6500000000000000222, 0.05000000000000000278, -1.925000000000000933 ) ) ;
#5024 = VECTOR ( 'NONE', #1870, 1000.000000000000000 ) ;
#5025 = AXIS2_PLACEMENT_3D ( 'NONE', #8544, #7746, #9348 ) ;
#5026 = ORIENTED_EDGE ( 'NONE', *, *, #6320, .T. ) ;
#5027 = ORIENTED_EDGE ( 'NONE', *, *, #7839, .T. ) ;
#5028 = VECTOR ( 'NONE', #5100, 1000.000000000000000 ) ;
#5029 = ORIENTED_EDGE ( 'NONE', *, *, #2023, .T. ) ;
#5030 = LINE ( 'NONE', #7952, #9391 ) ;
#5031 = AXIS2_PLACEMENT_3D ( 'NONE', #476, #8906, #8812 ) ;
#5032 = PLANE ( 'NONE',  #716 ) ;
#5033 = DIRECTION ( 'NONE',  ( 0.000000000000000000, -1.000000000000000000, 0.000000000000000000 ) ) ;
#5034 = AXIS2_PLACEMENT_3D ( 'NONE', #4909, #4859, #7786 ) ;
#5035 = LINE ( 'NONE', #2015, #538 ) ;
#5036 = ADVANCED_FACE ( 'NONE', ( #3213 ), #3018, .T. ) ;
#5037 = DIRECTION ( 'NONE',  ( 0.000000000000000000, -1.000000000000000000, 0.000000000000000000 ) ) ;
#5038 = PRESENTATION_STYLE_ASSIGNMENT (( #5632 ) ) ;
#5039 = VERTEX_POINT ( 'NONE', #6166 ) ;
#5040 = PRESENTATION_LAYER_ASSIGNMENT (  '', '', ( #1239 ) ) ;
#5041 = EDGE_CURVE ( 'NONE', #4384, #552, #6773, .T. ) ;
#5042 = CARTESIAN_POINT ( 'NONE',  ( 1.125000000000000666, 0.1499999999999999944, 1.925000000000000933 ) ) ;
#5043 = CARTESIAN_POINT ( 'NONE',  ( 1.924999999999996492, 0.08999999999999999667, -0.8250000000000073941 ) ) ;
#5044 = DIRECTION ( 'NONE',  ( 1.000000000000000000, 0.000000000000000000, -0.000000000000000000 ) ) ;
#5045 = DIRECTION ( 'NONE',  ( 0.000000000000000000, 0.000000000000000000, 1.000000000000000000 ) ) ;
#5046 = DIRECTION ( 'NONE',  ( -0.000000000000000000, 0.000000000000000000, 1.000000000000000000 ) ) ;
#5047 = CARTESIAN_POINT ( 'NONE',  ( -0.1750000000000006828, 0.08999999999999999667, -1.924999999999999378 ) ) ;
#5048 = EDGE_LOOP ( 'NONE', ( #9394, #8723, #9137, #1779 ) ) ;
#5049 = ORIENTED_EDGE ( 'NONE', *, *, #345, .T. ) ;
#5050 = LINE ( 'NONE', #8120, #2884 ) ;
#5051 = ADVANCED_FACE ( 'NONE', ( #173, #5420, #2263, #84, #4537, #6066, #4636, #8298, #8449, #1509, #30, #3068, #6113, #9153, #5368, #2307, #5321, #1605 ), #7654, .F. ) ;
#5052 = ORIENTED_EDGE ( 'NONE', *, *, #8010, .T. ) ;
#5053 = FACE_OUTER_BOUND ( 'NONE', #7253, .T. ) ;
#5054 = DIRECTION ( 'NONE',  ( 0.000000000000000000, 1.000000000000000000, 0.000000000000000000 ) ) ;
#5055 = LINE ( 'NONE', #4276, #6053 ) ;
#5056 = EDGE_CURVE ( 'NONE', #2362, #8203, #864, .T. ) ;
#5057 = DIRECTION ( 'NONE',  ( 4.937084235490472864E-15, 0.000000000000000000, 1.000000000000000000 ) ) ;
#5058 = CARTESIAN_POINT ( 'NONE',  ( -0.8249999999999992895, 0.1499999999999999667, 1.925000000000000933 ) ) ;
#5059 = DIRECTION ( 'NONE',  ( 0.000000000000000000, -1.000000000000000000, 0.000000000000000000 ) ) ;
#5060 = ORIENTED_EDGE ( 'NONE', *, *, #8714, .F. ) ;
#5061 = PLANE ( 'NONE',  #7946 ) ;
#5062 = ORIENTED_EDGE ( 'NONE', *, *, #6553, .T. ) ;
#5063 = EDGE_CURVE ( 'NONE', #7888, #3268, #9629, .T. ) ;
#5064 = DIRECTION ( 'NONE',  ( -0.000000000000000000, 0.000000000000000000, 1.000000000000000000 ) ) ;
#5065 = LINE ( 'NONE', #1349, #1707 ) ;
#5066 = CARTESIAN_POINT ( 'NONE',  ( -0.1749999999999998224, 0.04999999999999999584, 1.650000000000000577 ) ) ;
#5067 = EDGE_CURVE ( 'NONE', #736, #8293, #2660, .T. ) ;
#5068 = DIRECTION ( 'NONE',  ( 1.000000000000000000, 0.000000000000000000, -3.491481338843133355E-15 ) ) ;
#5069 = ORIENTED_EDGE ( 'NONE', *, *, #6620, .T. ) ;
#5070 = VECTOR ( 'NONE', #3966, 1000.000000000000000 ) ;
#5071 = ORIENTED_EDGE ( 'NONE', *, *, #2051, .T. ) ;
#5072 = ORIENTED_EDGE ( 'NONE', *, *, #5384, .T. ) ;
#5073 = DIRECTION ( 'NONE',  ( -1.000000000000000000, 0.000000000000000000, 3.491481338843133355E-15 ) ) ;
#5074 = DIRECTION ( 'NONE',  ( 0.000000000000000000, -0.000000000000000000, -1.000000000000000000 ) ) ;
#5075 =( NAMED_UNIT ( * ) PLANE_ANGLE_UNIT ( ) SI_UNIT ( $, .RADIAN. ) );
#5076 = VECTOR ( 'NONE', #8838, 1000.000000000000000 ) ;
#5077 = CARTESIAN_POINT ( 'NONE',  ( -1.925000000000009592, 0.08999999999999999667, -0.8249999999999791944 ) ) ;
#5078 = CARTESIAN_POINT ( 'NONE',  ( 1.999999999999999112, 0.1499999999999999667, -0.1750000000000076772 ) ) ;
#5079 = FILL_AREA_STYLE_COLOUR ( '', #1021 ) ;
#5080 = EDGE_LOOP ( 'NONE', ( #3450, #9109, #1296, #1489, #1140, #1513 ) ) ;
#5081 = VECTOR ( 'NONE', #7143, 1000.000000000000000 ) ;
#5082 = COLOUR_RGB ( '',0.7921568627450980005, 0.8196078431372548767, 0.9333333333333333481 ) ;
#5083 = EDGE_CURVE ( 'NONE', #7886, #5720, #4825, .T. ) ;
#5085 = DIRECTION ( 'NONE',  ( 1.000000000000000000, 0.000000000000000000, -1.192004691317674036E-14 ) ) ;
#5084 = VECTOR ( 'NONE', #2728, 1000.000000000000000 ) ;
#5086 = AXIS2_PLACEMENT_3D ( 'NONE', #441, #9427, #9573 ) ;
#5087 = DIRECTION ( 'NONE',  ( 4.937084235490472864E-15, 0.000000000000000000, 1.000000000000000000 ) ) ;
#5088 = CARTESIAN_POINT ( 'NONE',  ( 1.925000000000002265, 0.1499999999999999667, 0.4749999999999921507 ) ) ;
#5089 = DIRECTION ( 'NONE',  ( -1.000000000000000000, 0.000000000000000000, 1.047444401652940007E-14 ) ) ;
#5090 = ADVANCED_FACE ( 'NONE', ( #3307 ), #6365, .F. ) ;
#5091 = CARTESIAN_POINT ( 'NONE',  ( 1.649999999999999023, 0.1499999999999999667, 0.8249999999999999556 ) ) ;
#5092 = ORIENTED_EDGE ( 'NONE', *, *, #2219, .F. ) ;
#5093 = EDGE_LOOP ( 'NONE', ( #2060, #6105, #5470, #9140 ) ) ;
#5094 = CARTESIAN_POINT ( 'NONE',  ( -1.924999999999999156, 0.6702163011671202764, 0.4750000000000000333 ) ) ;
#5095 = VECTOR ( 'NONE', #921, 1000.000000000000000 ) ;
#5096 = VECTOR ( 'NONE', #6475, 1000.000000000000000 ) ;
#5097 = ADVANCED_FACE ( 'NONE', ( #7112 ), #225, .T. ) ;
#5098 = ORIENTED_EDGE ( 'NONE', *, *, #8071, .T. ) ;
#5099 = LINE ( 'NONE', #5248, #6681 ) ;
#5100 = DIRECTION ( 'NONE',  ( 0.000000000000000000, -1.000000000000000000, -0.000000000000000000 ) ) ;
#5101 = DIRECTION ( 'NONE',  ( 0.000000000000000000, -1.000000000000000000, 0.000000000000000000 ) ) ;
#5102 = EDGE_CURVE ( 'NONE', #7683, #5000, #1895, .T. ) ;
#5103 = DIRECTION ( 'NONE',  ( -1.577021341797095637E-15, 0.000000000000000000, -1.000000000000000000 ) ) ;
#5104 = VECTOR ( 'NONE', #5366, 1000.000000000000000 ) ;
#5105 = DIRECTION ( 'NONE',  ( 0.000000000000000000, 0.000000000000000000, -1.000000000000000000 ) ) ;
#5106 = DIRECTION ( 'NONE',  ( -0.000000000000000000, -1.000000000000000000, -0.000000000000000000 ) ) ;
#5107 = ADVANCED_FACE ( 'NONE', ( #6317 ), #9453, .T. ) ;
#5108 = EDGE_LOOP ( 'NONE', ( #7803, #2675, #1334, #4710 ) ) ;
#5109 = PLANE ( 'NONE',  #1161 ) ;
#5110 = EDGE_CURVE ( 'NONE', #7961, #6325, #4922, .T. ) ;
#5111 = ORIENTED_EDGE ( 'NONE', *, *, #8964, .T. ) ;
#5112 = EDGE_CURVE ( 'NONE', #4246, #7793, #5467, .T. ) ;
#5113 = VECTOR ( 'NONE', #7270, 1000.000000000000000 ) ;
#5114 = PLANE ( 'NONE',  #4681 ) ;
#5115 = PLANE ( 'NONE',  #1068 ) ;
#5116 = CARTESIAN_POINT ( 'NONE',  ( -0.4749999999999993117, 0.08999999999999999667, 1.925000000000000488 ) ) ;
#5117 = VERTEX_POINT ( 'NONE', #5618 ) ;
#5118 = DIRECTION ( 'NONE',  ( 1.000000000000000000, -0.000000000000000000, 3.942553354492742052E-16 ) ) ;
#5119 = ORIENTED_EDGE ( 'NONE', *, *, #2887, .F. ) ;
#5120 = ORIENTED_EDGE ( 'NONE', *, *, #6641, .T. ) ;
#5121 = ORIENTED_EDGE ( 'NONE', *, *, #6462, .T. ) ;
#5122 = MANIFOLD_SOLID_BREP ( 'LPattern3[1]', #7164 ) ;
#5123 = ORIENTED_EDGE ( 'NONE', *, *, #7309, .F. ) ;
#5124 = CARTESIAN_POINT ( 'NONE',  ( 1.125000000000000666, 0.08999999999999999667, 1.999999999999999556 ) ) ;
#5125 = CARTESIAN_POINT ( 'NONE',  ( -1.924999999999994937, 0.08999999999999999667, 0.4750000000000207390 ) ) ;
#5126 = VECTOR ( 'NONE', #8709, 1000.000000000000000 ) ;
#5127 = LINE ( 'NONE', #1262, #5661 ) ;
#5128 = DIRECTION ( 'NONE',  ( 0.000000000000000000, 1.000000000000000000, 0.000000000000000000 ) ) ;
#5129 = PLANE ( 'NONE',  #2286 ) ;
#5130 = FACE_OUTER_BOUND ( 'NONE', #2938, .T. ) ;
#5131 = CARTESIAN_POINT ( 'NONE',  ( -1.925000000000001377, 0.08999999999999999667, -0.1749999999999792000 ) ) ;
#5132 = ORIENTED_EDGE ( 'NONE', *, *, #7408, .F. ) ;
#5133 = AXIS2_PLACEMENT_3D ( 'NONE', #9294, #3152, #3248 ) ;
#5134 = FACE_OUTER_BOUND ( 'NONE', #3021, .T. ) ;
#5135 = FILL_AREA_STYLE ('',( #4356 ) ) ;
#5136 = LINE ( 'NONE', #577, #4154 ) ;
#5137 = CARTESIAN_POINT ( 'NONE',  ( -0.9749999999999997558, 0.1499999999999999944, 1.650000000000000799 ) ) ;
#5138 = DIRECTION ( 'NONE',  ( -1.047444401652940007E-14, -0.000000000000000000, -1.000000000000000000 ) ) ;
#5139 = MANIFOLD_SOLID_BREP ( 'CirPattern3[9]', #9708 ) ;
#5140 = DIRECTION ( 'NONE',  ( 0.000000000000000000, -0.000000000000000000, -1.000000000000000000 ) ) ;
#5141 = ORIENTED_EDGE ( 'NONE', *, *, #691, .T. ) ;
#5142 = VERTEX_POINT ( 'NONE', #2609 ) ;
#5143 = LINE ( 'NONE', #8827, #8726 ) ;
#5144 = EDGE_CURVE ( 'NONE', #7079, #6838, #1158, .T. ) ;
#5145 = VERTEX_POINT ( 'NONE', #2004 ) ;
#5147 = AXIS2_PLACEMENT_3D ( 'NONE', #5857, #602, #8945 ) ;
#5146 = PLANE ( 'NONE',  #1303 ) ;
#5148 = CARTESIAN_POINT ( 'NONE',  ( 2.000000000000001332, 0.08999999999999999667, 0.4749999999999923173 ) ) ;
#5149 = DIRECTION ( 'NONE',  ( -0.000000000000000000, -1.000000000000000000, -0.000000000000000000 ) ) ;
#5150 = LINE ( 'NONE', #1197, #9806 ) ;
#5151 = DIRECTION ( 'NONE',  ( 0.000000000000000000, 0.000000000000000000, 1.000000000000000000 ) ) ;
#5152 = DIRECTION ( 'NONE',  ( -1.000000000000000000, 0.000000000000000000, 1.445602896647339706E-15 ) ) ;
#5153 = ORIENTED_EDGE ( 'NONE', *, *, #9548, .T. ) ;
#5154 = ADVANCED_FACE ( 'NONE', ( #4380 ), #9502, .T. ) ;
#5155 = DIRECTION ( 'NONE',  ( -1.000000000000000000, 0.000000000000000000, 0.000000000000000000 ) ) ;
#5156 = ORIENTED_EDGE ( 'NONE', *, *, #1754, .F. ) ;
#5157 = EDGE_CURVE ( 'NONE', #3311, #2841, #8749, .T. ) ;
#5158 = EDGE_LOOP ( 'NONE', ( #1586, #3313, #2258, #6866 ) ) ;
#5159 = FACE_OUTER_BOUND ( 'NONE', #5966, .T. ) ;
#5160 = FACE_OUTER_BOUND ( 'NONE', #5854, .T. ) ;
#5161 = CARTESIAN_POINT ( 'NONE',  ( 0.1750000000000002387, 0.1499999999999999944, -1.925000000000000933 ) ) ;
#5162 = EDGE_LOOP ( 'NONE', ( #7011, #7890, #2732, #6521 ) ) ;
#5163 = CYLINDRICAL_SURFACE ( 'NONE', #7463, 0.1499999999999999667 ) ;
#5164 = ORIENTED_EDGE ( 'NONE', *, *, #8664, .F. ) ;
#5165 = VERTEX_POINT ( 'NONE', #5916 ) ;
#5166 = ORIENTED_EDGE ( 'NONE', *, *, #1732, .F. ) ;
#5167 = MANIFOLD_SOLID_BREP ( 'Boss-Extrude2[2]', #2739 ) ;
#5168 = VERTEX_POINT ( 'NONE', #8137 ) ;
#5169 = EDGE_CURVE ( 'NONE', #4979, #7961, #7300, .T. ) ;
#5170 = EDGE_CURVE ( 'NONE', #2720, #2427, #5021, .T. ) ;
#5171 = FACE_OUTER_BOUND ( 'NONE', #2095, .T. ) ;
#5172 = FACE_OUTER_BOUND ( 'NONE', #281, .T. ) ;
#5173 = FILL_AREA_STYLE_COLOUR ( '', #2145 ) ;
#5174 = CARTESIAN_POINT ( 'NONE',  ( 1.099999999999999867, 0.1499999999999999667, -1.199999999999999734 ) ) ;
#5175 = FACE_OUTER_BOUND ( 'NONE', #7248, .T. ) ;
#5176 = ORIENTED_EDGE ( 'NONE', *, *, #4913, .T. ) ;
#5177 = ADVANCED_FACE ( 'NONE', ( #2703 ), #1951, .T. ) ;
#5178 = VERTEX_POINT ( 'NONE', #5713 ) ;
#5179 = VECTOR ( 'NONE', #5726, 1000.000000000000000 ) ;
#5180 = ADVANCED_FACE ( 'NONE', ( #9550 ), #3501, .T. ) ;
#5181 = AXIS2_PLACEMENT_3D ( 'NONE', #9103, #812, #6870 ) ;
#5182 = DIRECTION ( 'NONE',  ( -1.192004691317674036E-14, 0.000000000000000000, -1.000000000000000000 ) ) ;
#5183 = DIRECTION ( 'NONE',  ( 0.000000000000000000, 1.000000000000000000, -0.000000000000000000 ) ) ;
#5184 = CARTESIAN_POINT ( 'NONE',  ( -1.649999999999999023, 0.1499999999999999667, 0.1750000000000000167 ) ) ;
#5185 = CARTESIAN_POINT ( 'NONE',  ( -0.9749999999999997558, 0.1499999999999999944, 0.2999999999999990452 ) ) ;
#5186 = LINE ( 'NONE', #8260, #1611 ) ;
#5187 = VECTOR ( 'NONE', #3283, 1000.000000000000000 ) ;
#5189 = LINE ( 'NONE', #3673, #492 ) ;
#5188 =( NAMED_UNIT ( * ) SI_UNIT ( $, .STERADIAN. ) SOLID_ANGLE_UNIT ( ) );
#5190 = VERTEX_POINT ( 'NONE', #5766 ) ;
#5191 = ORIENTED_EDGE ( 'NONE', *, *, #9113, .F. ) ;
#5192 = ADVANCED_FACE ( 'NONE', ( #1209 ), #4242, .T. ) ;
#5193 = DIRECTION ( 'NONE',  ( -1.192004691317674036E-14, 0.000000000000000000, -1.000000000000000000 ) ) ;
#5194 = CARTESIAN_POINT ( 'NONE',  ( 1.999999999999999112, 0.08999999999999999667, -0.1750000000000076772 ) ) ;
#5195 = VERTEX_POINT ( 'NONE', #9595 ) ;
#5196 = DIRECTION ( 'NONE',  ( 0.000000000000000000, 0.000000000000000000, -1.000000000000000000 ) ) ;
#5197 = PLANE ( 'NONE',  #7722 ) ;
#5198 = DIRECTION ( 'NONE',  ( 1.000000000000000000, 0.000000000000000000, -3.491481338843133355E-15 ) ) ;
#5199 = PLANE ( 'NONE',  #2076 ) ;
#5200 = CARTESIAN_POINT ( 'NONE',  ( 1.924999999999999156, 0.6702163011671202764, -1.125000000000000000 ) ) ;
#5201 = ORIENTED_EDGE ( 'NONE', *, *, #9056, .F. ) ;
#5202 = CARTESIAN_POINT ( 'NONE',  ( 2.000000000000000888, 8.656854249492379694, -2.000000000000000888 ) ) ;
#5203 = VERTEX_POINT ( 'NONE', #2057 ) ;
#5204 = ORIENTED_EDGE ( 'NONE', *, *, #4290, .T. ) ;
#5205 = DIRECTION ( 'NONE',  ( 0.000000000000000000, 0.000000000000000000, -1.000000000000000000 ) ) ;
#5206 = CARTESIAN_POINT ( 'NONE',  ( 1.649999999999999023, 0.1499999999999999667, 0.8249999999999999556 ) ) ;
#5207 = PLANE ( 'NONE',  #2840 ) ;
#5208 = EDGE_CURVE ( 'NONE', #6310, #7829, #4876, .T. ) ;
#5209 = CARTESIAN_POINT ( 'NONE',  ( 1.619058829184428339, 0.1499999999999999667, -0.8250000000000062839 ) ) ;
#5210 = ORIENTED_EDGE ( 'NONE', *, *, #690, .F. ) ;
#5211 = CARTESIAN_POINT ( 'NONE',  ( 1.924999999999999156, 0.6702163011671202764, -0.8249999999999998446 ) ) ;
#5212 = ORIENTED_EDGE ( 'NONE', *, *, #2564, .F. ) ;
#5213 = ORIENTED_EDGE ( 'NONE', *, *, #5797, .T. ) ;
#5214 = ORIENTED_EDGE ( 'NONE', *, *, #5169, .F. ) ;
#5215 = MANIFOLD_SOLID_BREP ( 'CirPattern3[8]', #7629 ) ;
#5216 = EDGE_CURVE ( 'NONE', #2807, #1100, #754, .T. ) ;
#5217 = DIRECTION ( 'NONE',  ( 0.000000000000000000, 0.000000000000000000, 1.000000000000000000 ) ) ;
#5218 = EDGE_CURVE ( 'NONE', #7401, #2395, #6715, .T. ) ;
#5219 = FILL_AREA_STYLE ('',( #8053 ) ) ;
#5220 = CARTESIAN_POINT ( 'NONE',  ( 1.924999999999999156, 0.6702163011671204984, 0.8249999999999999556 ) ) ;
#5221 = CARTESIAN_POINT ( 'NONE',  ( 3.252606517456514781E-16, 0.05000000000000000278, 0.4749999999999993117 ) ) ;
#5222 = FILL_AREA_STYLE ('',( #2217 ) ) ;
#5223 = ORIENTED_EDGE ( 'NONE', *, *, #4560, .F. ) ;
#5224 = ORIENTED_EDGE ( 'NONE', *, *, #5909, .T. ) ;
#5225 = EDGE_CURVE ( 'NONE', #5956, #6813, #7498, .T. ) ;
#5226 = EDGE_LOOP ( 'NONE', ( #995, #4049, #8742, #2292 ) ) ;
#5227 = EDGE_CURVE ( 'NONE', #8454, #4294, #71, .T. ) ;
#5228 = VECTOR ( 'NONE', #3187, 1000.000000000000000 ) ;
#5229 = LINE ( 'NONE', #3209, #6749 ) ;
#5230 = MECHANICAL_DESIGN_GEOMETRIC_PRESENTATION_REPRESENTATION (  '', ( #8238 ), #491 ) ;
#5231 = CARTESIAN_POINT ( 'NONE',  ( -0.4749999999999997558, 0.04999999999999999584, 1.650000000000000577 ) ) ;
#5232 = CARTESIAN_POINT ( 'NONE',  ( 1.924999999999999156, 0.000000000000000000, -0.8249999999999998446 ) ) ;
#5233 =( LENGTH_UNIT ( ) NAMED_UNIT ( * ) SI_UNIT ( .MILLI., .METRE. ) );
#5234 = LINE ( 'NONE', #3821, #2093 ) ;
#5235 = AXIS2_PLACEMENT_3D ( 'NONE', #2077, #6589, #8867 ) ;
#5236 = MANIFOLD_SOLID_BREP ( 'CirPattern3[10]', #1933 ) ;
#5238 = CARTESIAN_POINT ( 'NONE',  ( -0.9749999999999997558, 0.6702163011671209425, 1.650000000000000799 ) ) ;
#5237 = DIRECTION ( 'NONE',  ( 0.000000000000000000, 1.000000000000000000, 0.000000000000000000 ) ) ;
#5239 = ORIENTED_EDGE ( 'NONE', *, *, #5896, .F. ) ;
#5240 = VERTEX_POINT ( 'NONE', #1544 ) ;
#5241 = DIRECTION ( 'NONE',  ( 1.000000000000000000, 0.000000000000000000, -0.000000000000000000 ) ) ;
#5242 = EDGE_CURVE ( 'NONE', #5015, #2174, #4623, .T. ) ;
#5243 = VECTOR ( 'NONE', #2180, 1000.000000000000000 ) ;
#5244 = VECTOR ( 'NONE', #1082, 1000.000000000000000 ) ;
#5245 = EDGE_CURVE ( 'NONE', #6929, #7729, #2962, .T. ) ;
#5246 = LINE ( 'NONE', #7527, #4005 ) ;
#5247 = ORIENTED_EDGE ( 'NONE', *, *, #9383, .F. ) ;
#5248 = CARTESIAN_POINT ( 'NONE',  ( -1.124999999999999334, 0.1499999999999999667, 1.619058829184431225 ) ) ;
#5249 = CARTESIAN_POINT ( 'NONE',  ( 2.000000000000000000, 0.08999999999999999667, 0.1749999999999923839 ) ) ;
#5250 = PRESENTATION_LAYER_ASSIGNMENT (  '', '', ( #2096 ) ) ;
#5251 = PLANE ( 'NONE',  #6362 ) ;
#5252 = LINE ( 'NONE', #6143, #7453 ) ;
#5253 = VECTOR ( 'NONE', #638, 1000.000000000000000 ) ;
#5254 = AXIS2_PLACEMENT_3D ( 'NONE', #4203, #1959, #382 ) ;
#5255 = CARTESIAN_POINT ( 'NONE',  ( -1.619058829184439885, 0.1499999999999999667, -0.8249999999999824141 ) ) ;
#5256 = ORIENTED_EDGE ( 'NONE', *, *, #1468, .T. ) ;
#5257 = DIRECTION ( 'NONE',  ( 1.000000000000000000, 0.000000000000000000, -0.000000000000000000 ) ) ;
#5258 = ORIENTED_EDGE ( 'NONE', *, *, #4394, .F. ) ;
#5259 = ORIENTED_EDGE ( 'NONE', *, *, #2664, .T. ) ;
#5260 = VECTOR ( 'NONE', #5901, 1000.000000000000000 ) ;
#5261 = PLANE ( 'NONE',  #7685 ) ;
#5262 = DIRECTION ( 'NONE',  ( 0.000000000000000000, 0.000000000000000000, -1.000000000000000000 ) ) ;
#5263 = LINE ( 'NONE', #5209, #1186 ) ;
#5264 = EDGE_LOOP ( 'NONE', ( #1832, #673, #168, #7024 ) ) ;
#5265 = DIRECTION ( 'NONE',  ( 0.000000000000000000, -0.000000000000000000, 1.000000000000000000 ) ) ;
#5266 = VERTEX_POINT ( 'NONE', #118 ) ;
#5267 = ORIENTED_EDGE ( 'NONE', *, *, #7015, .T. ) ;
#5268 = ORIENTED_EDGE ( 'NONE', *, *, #893, .F. ) ;
#5269 = EDGE_CURVE ( 'NONE', #9555, #2800, #303, .T. ) ;
#5270 = MANIFOLD_SOLID_BREP ( 'LPattern3[4]', #6693 ) ;
#5271 = DIRECTION ( 'NONE',  ( -1.000000000000000000, 0.000000000000000000, 1.445602896647339706E-15 ) ) ;
#5272 = SURFACE_SIDE_STYLE ('',( #4679 ) ) ;
#5273 = LINE ( 'NONE', #910, #4084 ) ;
#5274 = AXIS2_PLACEMENT_3D ( 'NONE', #1735, #986, #4028 ) ;
#5275 = DIRECTION ( 'NONE',  ( 1.000000000000000000, 0.000000000000000000, -0.000000000000000000 ) ) ;
#5276 = VECTOR ( 'NONE', #573, 1000.000000000000000 ) ;
#5277 = DIRECTION ( 'NONE',  ( -0.000000000000000000, -1.000000000000000000, -0.000000000000000000 ) ) ;
#5278 = ORIENTED_EDGE ( 'NONE', *, *, #272, .F. ) ;
#5279 = ORIENTED_EDGE ( 'NONE', *, *, #8035, .F. ) ;
#5280 = EDGE_LOOP ( 'NONE', ( #4273, #4815, #3230, #6274 ) ) ;
#5281 = ADVANCED_FACE ( 'NONE', ( #4910 ), #5207, .T. ) ;
#5282 = AXIS2_PLACEMENT_3D ( 'NONE', #4207, #8658, #4107 ) ;
#5283 = LINE ( 'NONE', #7467, #1620 ) ;
#5284 = DIRECTION ( 'NONE',  ( -0.000000000000000000, -1.000000000000000000, -0.000000000000000000 ) ) ;
#5285 = FACE_OUTER_BOUND ( 'NONE', #4667, .T. ) ;
#5286 = DIRECTION ( 'NONE',  ( 0.000000000000000000, 0.000000000000000000, 1.000000000000000000 ) ) ;
#5287 = ADVANCED_FACE ( 'NONE', ( #3346 ), #6256, .T. ) ;
#5288 = MANIFOLD_SOLID_BREP ( 'CirPattern3[5]', #3221 ) ;
#5290 = CARTESIAN_POINT ( 'NONE',  ( 0.4749999999999993117, 0.08999999999999999667, -1.924999999999999600 ) ) ;
#5289 = CARTESIAN_POINT ( 'NONE',  ( -0.1749999999999993228, 0.1499999999999999667, 1.925000000000000044 ) ) ;
#5291 = EDGE_LOOP ( 'NONE', ( #6709, #4343, #9148, #98 ) ) ;
#5292 = VERTEX_POINT ( 'NONE', #8638 ) ;
#5293 = VECTOR ( 'NONE', #5567, 1000.000000000000000 ) ;
#5294 = DIRECTION ( 'NONE',  ( -0.000000000000000000, -0.000000000000000000, -1.000000000000000000 ) ) ;
#5295 = COLOUR_RGB ( '',0.7921568627450980005, 0.8196078431372548767, 0.9333333333333333481 ) ;
#5296 = CARTESIAN_POINT ( 'NONE',  ( 1.924999999999999156, 0.1499999999999999667, 0.1750000000000000167 ) ) ;
#5297 = AXIS2_PLACEMENT_3D ( 'NONE', #5829, #9467, #9514 ) ;
#5298 = PLANE ( 'NONE',  #356 ) ;
#5299 = DIRECTION ( 'NONE',  ( -1.000000000000000000, -0.000000000000000000, -0.000000000000000000 ) ) ;
#5300 = CARTESIAN_POINT ( 'NONE',  ( -0.1749999999999993783, 0.000000000000000000, 1.925000000000000933 ) ) ;
#5301 = EDGE_CURVE ( 'NONE', #1584, #7859, #8486, .T. ) ;
#5302 = FACE_OUTER_BOUND ( 'NONE', #1988, .T. ) ;
#5303 = PLANE ( 'NONE',  #3194 ) ;
#5304 = ADVANCED_FACE ( 'NONE', ( #4717 ), #4761, .T. ) ;
#5305 = ORIENTED_EDGE ( 'NONE', *, *, #5473, .F. ) ;
#5306 = CYLINDRICAL_SURFACE ( 'NONE', #6545, 0.1499999999999999667 ) ;
#5307 = ORIENTED_EDGE ( 'NONE', *, *, #1796, .F. ) ;
#5308 = VECTOR ( 'NONE', #9037, 1000.000000000000000 ) ;
#5309 = EDGE_CURVE ( 'NONE', #5353, #4629, #5456, .T. ) ;
#5310 = ORIENTED_EDGE ( 'NONE', *, *, #5767, .T. ) ;
#5311 = CARTESIAN_POINT ( 'NONE',  ( 1.924999999999999156, 0.1499999999999999667, -0.8249999999999998446 ) ) ;
#5312 = CARTESIAN_POINT ( 'NONE',  ( -0.9749999999999997558, 0.1499999999999999944, 1.650000000000000799 ) ) ;
#5313 = DIRECTION ( 'NONE',  ( 0.000000000000000000, -0.000000000000000000, -1.000000000000000000 ) ) ;
#5314 = EDGE_LOOP ( 'NONE', ( #8067, #8860, #9270, #7644 ) ) ;
#5315 = LINE ( 'NONE', #5964, #8099 ) ;
#5316 = VECTOR ( 'NONE', #4869, 1000.000000000000000 ) ;
#5317 = VERTEX_POINT ( 'NONE', #7738 ) ;
#5318 = ORIENTED_EDGE ( 'NONE', *, *, #527, .T. ) ;
#5319 = ORIENTED_EDGE ( 'NONE', *, *, #7472, .F. ) ;
#5320 = DIRECTION ( 'NONE',  ( 0.000000000000000000, 0.000000000000000000, 1.000000000000000000 ) ) ;
#5321 = FACE_BOUND ( 'NONE', #5898, .T. ) ;
#5322 = CARTESIAN_POINT ( 'NONE',  ( 1.125000000000000222, 0.000000000000000000, -1.650000000000000577 ) ) ;
#5323 = CARTESIAN_POINT ( 'NONE',  ( -1.924999999999999156, 0.6702163011671202764, 0.4750000000000000333 ) ) ;
#5324 = ORIENTED_EDGE ( 'NONE', *, *, #2911, .F. ) ;
#5325 = ORIENTED_EDGE ( 'NONE', *, *, #3113, .T. ) ;
#5326 = VERTEX_POINT ( 'NONE', #4860 ) ;
#5327 = CARTESIAN_POINT ( 'NONE',  ( 0.000000000000000000, 0.000000000000000000, 1.999999999999999556 ) ) ;
#5328 =( GEOMETRIC_REPRESENTATION_CONTEXT ( 3 ) GLOBAL_UNCERTAINTY_ASSIGNED_CONTEXT ( ( #3507 ) ) GLOBAL_UNIT_ASSIGNED_CONTEXT ( ( #9241, #7055, #5505 ) ) REPRESENTATION_CONTEXT ( 'NONE', 'WORKASPACE' ) );
#5329 = LINE ( 'NONE', #826, #5095 ) ;
#5330 = CARTESIAN_POINT ( 'NONE',  ( 1.925000000000003819, 0.08999999999999999667, 0.8249999999999926281 ) ) ;
#5331 = LINE ( 'NONE', #9772, #9539 ) ;
#5332 = MANIFOLD_SOLID_BREP ( 'Fillet1', #2420 ) ;
#5333 = DIRECTION ( 'NONE',  ( -0.000000000000000000, -1.000000000000000000, -0.000000000000000000 ) ) ;
#5334 = ORIENTED_EDGE ( 'NONE', *, *, #1046, .T. ) ;
#5335 = CARTESIAN_POINT ( 'NONE',  ( 1.924999999999995826, 0.08999999999999999667, -0.8250000000000078382 ) ) ;
#5336 = ORIENTED_EDGE ( 'NONE', *, *, #1664, .T. ) ;
#5337 = EDGE_CURVE ( 'NONE', #5862, #7695, #3984, .T. ) ;
#5338 = LINE ( 'NONE', #5383, #1117 ) ;
#5339 = AXIS2_PLACEMENT_3D ( 'NONE', #128, #3161, #274 ) ;
#5340 = VECTOR ( 'NONE', #3646, 1000.000000000000000 ) ;
#5341 = CIRCLE ( 'NONE', #8839, 0.1499999999999999667 ) ;
#5342 = CARTESIAN_POINT ( 'NONE',  ( 1.125000000000000222, 0.6702163011671209425, -1.925000000000000933 ) ) ;
#5343 = PLANE ( 'NONE',  #5986 ) ;
#5344 = DIRECTION ( 'NONE',  ( 0.000000000000000000, 1.000000000000000000, -0.000000000000000000 ) ) ;
#5345 = COLOUR_RGB ( '',0.7921568627450980005, 0.8196078431372548767, 0.9333333333333333481 ) ;
#5346 = DIRECTION ( 'NONE',  ( -1.000000000000000000, 0.000000000000000000, 0.000000000000000000 ) ) ;
#5347 = VECTOR ( 'NONE', #1993, 1000.000000000000000 ) ;
#5348 = DIRECTION ( 'NONE',  ( 1.577021341797095835E-15, 0.000000000000000000, 1.000000000000000000 ) ) ;
#5349 =( GEOMETRIC_REPRESENTATION_CONTEXT ( 3 ) GLOBAL_UNCERTAINTY_ASSIGNED_CONTEXT ( ( #9459 ) ) GLOBAL_UNIT_ASSIGNED_CONTEXT ( ( #9413, #9266, #6973 ) ) REPRESENTATION_CONTEXT ( 'NONE', 'WORKASPACE' ) );
#5350 = VERTEX_POINT ( 'NONE', #2179 ) ;
#5351 = FACE_BOUND ( 'NONE', #4739, .T. ) ;
#5352 = ADVANCED_FACE ( 'NONE', ( #3542 ), #3769, .T. ) ;
#5353 = VERTEX_POINT ( 'NONE', #7473 ) ;
#5354 = EDGE_CURVE ( 'NONE', #5480, #4979, #7931, .T. ) ;
#5355 = ORIENTED_EDGE ( 'NONE', *, *, #3381, .F. ) ;
#5356 = CYLINDRICAL_SURFACE ( 'NONE', #9284, 0.1499999999999999667 ) ;
#5357 = FACE_OUTER_BOUND ( 'NONE', #7331, .T. ) ;
#5358 = CYLINDRICAL_SURFACE ( 'NONE', #5133, 0.1499999999999999667 ) ;
#5359 = VERTEX_POINT ( 'NONE', #412 ) ;
#5360 = CARTESIAN_POINT ( 'NONE',  ( 1.999999999999997780, 0.08999999999999999667, -0.4750000000000075828 ) ) ;
#5361 = ORIENTED_EDGE ( 'NONE', *, *, #3986, .F. ) ;
#5362 = VERTEX_POINT ( 'NONE', #4183 ) ;
#5363 = ORIENTED_EDGE ( 'NONE', *, *, #7285, .T. ) ;
#5364 = EDGE_CURVE ( 'NONE', #3132, #9690, #9722, .T. ) ;
#5365 = ADVANCED_FACE ( 'NONE', ( #8211 ), #7981, .T. ) ;
#5366 = DIRECTION ( 'NONE',  ( -1.000000000000000000, 0.000000000000000000, 0.000000000000000000 ) ) ;
#5367 = DIRECTION ( 'NONE',  ( 0.000000000000000000, -0.000000000000000000, 1.000000000000000000 ) ) ;
#5368 = FACE_BOUND ( 'NONE', #2138, .T. ) ;
#5369 = LINE ( 'NONE', #6114, #3732 ) ;
#5370 = LINE ( 'NONE', #8547, #8092 ) ;
#5371 = ORIENTED_EDGE ( 'NONE', *, *, #8155, .T. ) ;
#5372 = ORIENTED_EDGE ( 'NONE', *, *, #4138, .T. ) ;
#5373 = VERTEX_POINT ( 'NONE', #4965 ) ;
#5374 = CARTESIAN_POINT ( 'NONE',  ( 1.925000000000003819, 0.6702163011671209425, 0.8249999999999926281 ) ) ;
#5375 = CARTESIAN_POINT ( 'NONE',  ( 1.125000000000000666, 0.08999999999999999667, 1.999999999999999556 ) ) ;
#5376 = DIRECTION ( 'NONE',  ( 0.000000000000000000, -1.000000000000000000, 0.000000000000000000 ) ) ;
#5377 = CARTESIAN_POINT ( 'NONE',  ( -1.924999999999999156, 0.6702163011671202764, 1.125000000000000222 ) ) ;
#5378 = MANIFOLD_SOLID_BREP ( 'CirPattern3[3]', #9385 ) ;
#5379 = FACE_OUTER_BOUND ( 'NONE', #5922, .T. ) ;
#5380 = ORIENTED_EDGE ( 'NONE', *, *, #9199, .F. ) ;
#5381 =( LENGTH_UNIT ( ) NAMED_UNIT ( * ) SI_UNIT ( .MILLI., .METRE. ) );
#5382 = EDGE_LOOP ( 'NONE', ( #807, #1162, #9171, #3102 ) ) ;
#5383 = CARTESIAN_POINT ( 'NONE',  ( 0.8250000000000010658, 0.1499999999999999667, 1.924999999999998490 ) ) ;
#5384 = EDGE_CURVE ( 'NONE', #774, #1888, #2935, .T. ) ;
#5385 = VECTOR ( 'NONE', #4706, 1000.000000000000000 ) ;
#5387 = PLANE ( 'NONE',  #9585 ) ;
#5386 = CARTESIAN_POINT ( 'NONE',  ( -1.649999999999999023, 0.1499999999999999667, 0.4749999999999999223 ) ) ;
#5388 = CARTESIAN_POINT ( 'NONE',  ( 1.649999999999999023, 0.6702163011671202764, -0.4749999999999999223 ) ) ;
#5389 = LINE ( 'NONE', #3284, #5244 ) ;
#5390 = LINE ( 'NONE', #9736, #645 ) ;
#5391 = VECTOR ( 'NONE', #4364, 1000.000000000000000 ) ;
#5392 = PLANE ( 'NONE',  #7765 ) ;
#5393 = AXIS2_PLACEMENT_3D ( 'NONE', #9659, #8910, #2789 ) ;
#5394 = ORIENTED_EDGE ( 'NONE', *, *, #323, .T. ) ;
#5395 = AXIS2_PLACEMENT_3D ( 'NONE', #681, #2225, #2320 ) ;
#5396 = DIRECTION ( 'NONE',  ( 0.000000000000000000, 0.000000000000000000, -1.000000000000000000 ) ) ;
#5397 = VECTOR ( 'NONE', #2868, 1000.000000000000000 ) ;
#5398 = EDGE_CURVE ( 'NONE', #8759, #4119, #2983, .T. ) ;
#5399 = ORIENTED_EDGE ( 'NONE', *, *, #4050, .F. ) ;
#5400 = LINE ( 'NONE', #4619, #2790 ) ;
#5401 = AXIS2_PLACEMENT_3D ( 'NONE', #7421, #2931, #5087 ) ;
#5402 = CARTESIAN_POINT ( 'NONE',  ( -0.8249999999999997335, 0.1499999999999999667, 1.650000000000000577 ) ) ;
#5403 = CIRCLE ( 'NONE', #4156, 0.1499999999999999667 ) ;
#5404 = SURFACE_STYLE_FILL_AREA ( #6762 ) ;
#5405 = CARTESIAN_POINT ( 'NONE',  ( 1.924999999999999156, 0.05000000000000000278, 0.8249999999999999556 ) ) ;
#5406 = EDGE_CURVE ( 'NONE', #1301, #9139, #5987, .T. ) ;
#5407 = EDGE_LOOP ( 'NONE', ( #6082, #352, #7861, #4749 ) ) ;
#5408 = LINE ( 'NONE', #8440, #972 ) ;
#5409 = MECHANICAL_DESIGN_GEOMETRIC_PRESENTATION_REPRESENTATION (  '', ( #2096 ), #2419 ) ;
#5410 = ADVANCED_FACE ( 'NONE', ( #9492 ), #2695, .T. ) ;
#5411 = VECTOR ( 'NONE', #370, 1000.000000000000000 ) ;
#5412 = VERTEX_POINT ( 'NONE', #6078 ) ;
#5413 = EDGE_CURVE ( 'NONE', #3348, #5373, #8312, .T. ) ;
#5414 = ORIENTED_EDGE ( 'NONE', *, *, #2911, .T. ) ;
#5415 = EDGE_LOOP ( 'NONE', ( #880, #2529, #597, #2199 ) ) ;
#5416 = AXIS2_PLACEMENT_3D ( 'NONE', #7362, #519, #5271 ) ;
#5417 = FACE_OUTER_BOUND ( 'NONE', #1552, .T. ) ;
#5418 = CARTESIAN_POINT ( 'NONE',  ( 1.924999999999999156, 0.6702163011671202764, -0.8249999999999998446 ) ) ;
#5419 = DIRECTION ( 'NONE',  ( 1.000000000000000000, -0.000000000000000000, 0.000000000000000000 ) ) ;
#5420 = FACE_BOUND ( 'NONE', #4247, .T. ) ;
#5421 = DIRECTION ( 'NONE',  ( 0.000000000000000000, 0.000000000000000000, -1.000000000000000000 ) ) ;
#5422 = CIRCLE ( 'NONE', #7487, 0.1499999999999999667 ) ;
#5423 =( NAMED_UNIT ( * ) PLANE_ANGLE_UNIT ( ) SI_UNIT ( $, .RADIAN. ) );
#5424 = EDGE_LOOP ( 'NONE', ( #7045, #1651, #8305, #2446 ) ) ;
#5425 = EDGE_LOOP ( 'NONE', ( #7399, #3948, #9075, #4002, #9332, #3291 ) ) ;
#5426 = EDGE_CURVE ( 'NONE', #6959, #4455, #1521, .T. ) ;
#5427 = VERTEX_POINT ( 'NONE', #5289 ) ;
#5428 = AXIS2_PLACEMENT_3D ( 'NONE', #9287, #209, #6856 ) ;
#5429 = CARTESIAN_POINT ( 'NONE',  ( -1.925000000000011369, 0.08999999999999999667, -1.124999999999979128 ) ) ;
#5430 = CARTESIAN_POINT ( 'NONE',  ( -1.924999999999999156, 0.1499999999999999667, 0.8249999999999999556 ) ) ;
#5431 = CARTESIAN_POINT ( 'NONE',  ( 1.199999999999999956, 3.544112549695427994, 1.200000000000000178 ) ) ;
#5432 = MANIFOLD_SOLID_BREP ( 'LPattern3[2]', #359 ) ;
#5433 = DIRECTION ( 'NONE',  ( 0.000000000000000000, 0.000000000000000000, -1.000000000000000000 ) ) ;
#5434 = ORIENTED_EDGE ( 'NONE', *, *, #3799, .T. ) ;
#5435 = ORIENTED_EDGE ( 'NONE', *, *, #563, .F. ) ;
#5436 = PLANE ( 'NONE',  #3982 ) ;
#5437 = VECTOR ( 'NONE', #1321, 1000.000000000000000 ) ;
#5438 =( NAMED_UNIT ( * ) SI_UNIT ( $, .STERADIAN. ) SOLID_ANGLE_UNIT ( ) );
#5439 = DIRECTION ( 'NONE',  ( 0.000000000000000000, -1.000000000000000000, 0.000000000000000000 ) ) ;
#5441 = DIRECTION ( 'NONE',  ( 0.000000000000000000, -1.000000000000000000, 0.000000000000000000 ) ) ;
#5440 = CARTESIAN_POINT ( 'NONE',  ( -1.999999999999997780, 0.08999999999999999667, 0.1750000000000216382 ) ) ;
#5442 = PLANE ( 'NONE',  #1709 ) ;
#5443 = DIRECTION ( 'NONE',  ( 0.000000000000000000, 1.000000000000000000, -0.000000000000000000 ) ) ;
#5444 = CARTESIAN_POINT ( 'NONE',  ( -1.924999999999989830, 0.08999999999999999667, 0.8250000000000208278 ) ) ;
#5445 = AXIS2_PLACEMENT_3D ( 'NONE', #5431, #3226, #7808 ) ;
#5446 = VERTEX_POINT ( 'NONE', #7038 ) ;
#5447 = DIRECTION ( 'NONE',  ( 0.000000000000000000, -1.000000000000000000, 0.000000000000000000 ) ) ;
#5448 = VECTOR ( 'NONE', #5128, 1000.000000000000000 ) ;
#5449 = EDGE_LOOP ( 'NONE', ( #1743, #5005, #4675, #3394 ) ) ;
#5450 = DIRECTION ( 'NONE',  ( -0.000000000000000000, -1.000000000000000000, -0.000000000000000000 ) ) ;
#5451 = AXIS2_PLACEMENT_3D ( 'NONE', #2309, #3214, #5421 ) ;
#5452 = VERTEX_POINT ( 'NONE', #7084 ) ;
#5453 = CARTESIAN_POINT ( 'NONE',  ( 1.924999999999999156, 0.1499999999999999667, 0.8249999999999999556 ) ) ;
#5454 = MECHANICAL_DESIGN_GEOMETRIC_PRESENTATION_REPRESENTATION (  '', ( #4046 ), #2304 ) ;
#5455 = FACE_OUTER_BOUND ( 'NONE', #4082, .T. ) ;
#5456 = LINE ( 'NONE', #263, #6604 ) ;
#5457 = DIRECTION ( 'NONE',  ( -0.000000000000000000, 0.000000000000000000, -1.000000000000000000 ) ) ;
#5458 = ORIENTED_EDGE ( 'NONE', *, *, #674, .T. ) ;
#5459 = ADVANCED_FACE ( 'NONE', ( #8471 ), #1677, .T. ) ;
#5460 = EDGE_LOOP ( 'NONE', ( #4172, #8264, #8024, #7937 ) ) ;
#5461 = AXIS2_PLACEMENT_3D ( 'NONE', #421, #7110, #9500 ) ;
#5462 = VERTEX_POINT ( 'NONE', #6336 ) ;
#5463 = ORIENTED_EDGE ( 'NONE', *, *, #919, .T. ) ;
#5464 = DIRECTION ( 'NONE',  ( 0.000000000000000000, -0.000000000000000000, -1.000000000000000000 ) ) ;
#5465 = DIRECTION ( 'NONE',  ( 0.000000000000000000, 0.000000000000000000, 1.000000000000000000 ) ) ;
#5466 = FILL_AREA_STYLE ('',( #8347 ) ) ;
#5467 = LINE ( 'NONE', #7747, #8842 ) ;
#5468 = VECTOR ( 'NONE', #4919, 1000.000000000000000 ) ;
#5469 = DIRECTION ( 'NONE',  ( -0.000000000000000000, 0.000000000000000000, -1.000000000000000000 ) ) ;
#5470 = ORIENTED_EDGE ( 'NONE', *, *, #1574, .F. ) ;
#5471 = ORIENTED_EDGE ( 'NONE', *, *, #3793, .F. ) ;
#5472 = ORIENTED_EDGE ( 'NONE', *, *, #3922, .F. ) ;
#5473 = EDGE_CURVE ( 'NONE', #7838, #5862, #4743, .T. ) ;
#5474 = DIRECTION ( 'NONE',  ( 4.937084235490472864E-15, 0.000000000000000000, 1.000000000000000000 ) ) ;
#5475 = DIRECTION ( 'NONE',  ( 1.577021341797095835E-15, 0.000000000000000000, 1.000000000000000000 ) ) ;
#5476 = CARTESIAN_POINT ( 'NONE',  ( -1.924999999999997824, 0.08999999999999999667, 0.1750000000000208333 ) ) ;
#5477 = DIRECTION ( 'NONE',  ( 0.000000000000000000, 1.000000000000000000, -0.000000000000000000 ) ) ;
#5478 = EDGE_CURVE ( 'NONE', #4388, #4417, #7625, .T. ) ;
#5479 = CARTESIAN_POINT ( 'NONE',  ( -0.1749999999999993783, 0.1499999999999999944, 1.925000000000000933 ) ) ;
#5480 = VERTEX_POINT ( 'NONE', #9326 ) ;
#5481 = DIRECTION ( 'NONE',  ( 0.000000000000000000, 0.000000000000000000, -1.000000000000000000 ) ) ;
#5482 = ORIENTED_EDGE ( 'NONE', *, *, #4755, .F. ) ;
#5483 = DIRECTION ( 'NONE',  ( -1.000000000000000000, 0.000000000000000000, 3.491481338843133355E-15 ) ) ;
#5484 = EDGE_CURVE ( 'NONE', #1910, #3311, #1725, .T. ) ;
#5485 = FILL_AREA_STYLE ('',( #5538 ) ) ;
#5486 = PLANE ( 'NONE',  #2506 ) ;
#5487 = PLANE ( 'NONE',  #4776 ) ;
#5488 = CYLINDRICAL_SURFACE ( 'NONE', #2989, 0.1499999999999999667 ) ;
#5489 = DIRECTION ( 'NONE',  ( 0.000000000000000000, 1.000000000000000000, 0.000000000000000000 ) ) ;
#5490 = EDGE_CURVE ( 'NONE', #6638, #6211, #6936, .T. ) ;
#5491 = LINE ( 'NONE', #4748, #2721 ) ;
#5492 = ORIENTED_EDGE ( 'NONE', *, *, #3853, .T. ) ;
#5493 = ORIENTED_EDGE ( 'NONE', *, *, #2333, .T. ) ;
#5494 =( GEOMETRIC_REPRESENTATION_CONTEXT ( 3 ) GLOBAL_UNCERTAINTY_ASSIGNED_CONTEXT ( ( #6473 ) ) GLOBAL_UNIT_ASSIGNED_CONTEXT ( ( #4501, #1247, #8261 ) ) REPRESENTATION_CONTEXT ( 'NONE', 'WORKASPACE' ) );
#5495 = VECTOR ( 'NONE', #1589, 1000.000000000000000 ) ;
#5496 = LINE ( 'NONE', #6444, #5707 ) ;
#5497 = ORIENTED_EDGE ( 'NONE', *, *, #6446, .F. ) ;
#5498 = FACE_OUTER_BOUND ( 'NONE', #1899, .T. ) ;
#5499 = AXIS2_PLACEMENT_3D ( 'NONE', #8668, #1872, #3431 ) ;
#5500 = VECTOR ( 'NONE', #1559, 1000.000000000000000 ) ;
#5501 = ORIENTED_EDGE ( 'NONE', *, *, #1982, .T. ) ;
#5502 = VECTOR ( 'NONE', #14, 1000.000000000000000 ) ;
#5503 = PLANE ( 'NONE',  #1353 ) ;
#5504 = DIRECTION ( 'NONE',  ( 0.000000000000000000, 1.000000000000000000, -0.000000000000000000 ) ) ;
#5505 =( NAMED_UNIT ( * ) SI_UNIT ( $, .STERADIAN. ) SOLID_ANGLE_UNIT ( ) );
#5506 = CARTESIAN_POINT ( 'NONE',  ( -0.1749999999999998224, 0.04999999999999999584, -1.650000000000000577 ) ) ;
#5507 = AXIS2_PLACEMENT_3D ( 'NONE', #2177, #7667, #138 ) ;
#5508 = ORIENTED_EDGE ( 'NONE', *, *, #2518, .T. ) ;
#5509 = FILL_AREA_STYLE ('',( #216 ) ) ;
#5510 = EDGE_LOOP ( 'NONE', ( #3459, #4904, #1009, #7236 ) ) ;
#5511 = AXIS2_PLACEMENT_3D ( 'NONE', #3409, #322, #2557 ) ;
#5512 = VERTEX_POINT ( 'NONE', #837 ) ;
#5513 = ORIENTED_EDGE ( 'NONE', *, *, #990, .F. ) ;
#5514 = LINE ( 'NONE', #5935, #6592 ) ;
#5515 = ADVANCED_FACE ( 'NONE', ( #2486 ), #5486, .T. ) ;
#5516 = DIRECTION ( 'NONE',  ( 0.000000000000000000, -1.000000000000000000, 0.000000000000000000 ) ) ;
#5517 = SURFACE_STYLE_USAGE ( .BOTH. , #1103 ) ;
#5518 = CARTESIAN_POINT ( 'NONE',  ( -1.649999999999999023, 0.05000000000000002359, 1.125000000000000000 ) ) ;
#5519 = SURFACE_STYLE_FILL_AREA ( #3310 ) ;
#5520 = EDGE_LOOP ( 'NONE', ( #11, #5166, #4185, #9807 ) ) ;
#5521 = VERTEX_POINT ( 'NONE', #7769 ) ;
#5522 = ORIENTED_EDGE ( 'NONE', *, *, #1414, .T. ) ;
#5523 = ADVANCED_FACE ( 'NONE', ( #7723 ), #4792, .T. ) ;
#5524 = EDGE_CURVE ( 'NONE', #5412, #9397, #2581, .T. ) ;
#5525 = DIRECTION ( 'NONE',  ( -1.000000000000000000, 0.000000000000000000, 1.047444401652940007E-14 ) ) ;
#5526 = EDGE_CURVE ( 'NONE', #4280, #7801, #6893, .T. ) ;
#5527 = DIRECTION ( 'NONE',  ( 0.000000000000000000, 0.000000000000000000, -1.000000000000000000 ) ) ;
#5528 = DIRECTION ( 'NONE',  ( 0.000000000000000000, -1.000000000000000000, 0.000000000000000000 ) ) ;
#5529 = DIRECTION ( 'NONE',  ( 0.000000000000000000, 0.000000000000000000, 1.000000000000000000 ) ) ;
#5530 = FACE_OUTER_BOUND ( 'NONE', #7345, .T. ) ;
#5531 = ORIENTED_EDGE ( 'NONE', *, *, #7651, .F. ) ;
#5532 = CARTESIAN_POINT ( 'NONE',  ( -0.9749999999999997558, 0.1499999999999999944, -1.650000000000000799 ) ) ;
#5533 = ORIENTED_EDGE ( 'NONE', *, *, #3693, .F. ) ;
#5534 = ADVANCED_FACE ( 'NONE', ( #1026 ), #2375, .T. ) ;
#5535 = LINE ( 'NONE', #927, #5070 ) ;
#5536 = EDGE_CURVE ( 'NONE', #7901, #8392, #6185, .T. ) ;
#5537 = EDGE_CURVE ( 'NONE', #7673, #7425, #1128, .T. ) ;
#5538 = FILL_AREA_STYLE_COLOUR ( '', #239 ) ;
#5539 = DIRECTION ( 'NONE',  ( -1.000000000000000000, 0.000000000000000000, 3.491481338843133355E-15 ) ) ;
#5540 = DIRECTION ( 'NONE',  ( 0.000000000000000000, -0.000000000000000000, -1.000000000000000000 ) ) ;
#5541 = FACE_OUTER_BOUND ( 'NONE', #6502, .T. ) ;
#5542 = DIRECTION ( 'NONE',  ( -0.000000000000000000, -1.000000000000000000, -0.000000000000000000 ) ) ;
#5543 = ORIENTED_EDGE ( 'NONE', *, *, #7896, .F. ) ;
#5544 = EDGE_LOOP ( 'NONE', ( #7650, #4552, #1187, #7909 ) ) ;
#5545 = EDGE_CURVE ( 'NONE', #1876, #2800, #438, .T. ) ;
#5546 = DIRECTION ( 'NONE',  ( -0.000000000000000000, -1.000000000000000000, -0.000000000000000000 ) ) ;
#5547 = ORIENTED_EDGE ( 'NONE', *, *, #2467, .T. ) ;
#5548 = DIRECTION ( 'NONE',  ( 0.000000000000000000, -1.000000000000000000, 0.000000000000000000 ) ) ;
#5549 = EDGE_CURVE ( 'NONE', #3815, #3120, #6484, .T. ) ;
#5550 = AXIS2_PLACEMENT_3D ( 'NONE', #9182, #6093, #6852 ) ;
#5551 = ORIENTED_EDGE ( 'NONE', *, *, #5706, .F. ) ;
#5552 = CARTESIAN_POINT ( 'NONE',  ( 1.125000000000000666, 0.1499999999999999667, 1.925000000000000933 ) ) ;
#5553 = VECTOR ( 'NONE', #1388, 1000.000000000000000 ) ;
#5554 = VECTOR ( 'NONE', #2530, 1000.000000000000000 ) ;
#5555 = CARTESIAN_POINT ( 'NONE',  ( 1.125000000000000222, 0.1499999999999999944, -1.650000000000000577 ) ) ;
#5556 = PLANE ( 'NONE',  #4824 ) ;
#5557 = AXIS2_PLACEMENT_3D ( 'NONE', #240, #2426, #5433 ) ;
#5558 = ORIENTED_EDGE ( 'NONE', *, *, #2802, .T. ) ;
#5559 = VERTEX_POINT ( 'NONE', #8666 ) ;
#5560 = PRESENTATION_LAYER_ASSIGNMENT (  '', '', ( #650 ) ) ;
#5561 = ORIENTED_EDGE ( 'NONE', *, *, #4789, .F. ) ;
#5562 = ORIENTED_EDGE ( 'NONE', *, *, #9591, .F. ) ;
#5563 = AXIS2_PLACEMENT_3D ( 'NONE', #8421, #6937, #888 ) ;
#5564 = VECTOR ( 'NONE', #8064, 1000.000000000000000 ) ;
#5565 = CARTESIAN_POINT ( 'NONE',  ( -2.000000000000011102, 0.08999999999999999667, -1.124999999999978240 ) ) ;
#5566 = CARTESIAN_POINT ( 'NONE',  ( 2.000000000000000888, 8.656854249492379694, 1.999999999999999112 ) ) ;
#5567 = DIRECTION ( 'NONE',  ( 0.000000000000000000, 1.000000000000000000, 0.000000000000000000 ) ) ;
#5568 = CLOSED_SHELL ( 'NONE', ( #4047, #2532, #885, #9727, #1249, #5978 ) ) ;
#5569 = CARTESIAN_POINT ( 'NONE',  ( -1.999999999999997780, 0.1499999999999999667, 0.1750000000000216382 ) ) ;
#5570 = ORIENTED_EDGE ( 'NONE', *, *, #5896, .T. ) ;
#5571 = AXIS2_PLACEMENT_3D ( 'NONE', #7518, #9017, #5044 ) ;
#5572 = PRESENTATION_LAYER_ASSIGNMENT (  '', '', ( #8911 ) ) ;
#5573 = ORIENTED_EDGE ( 'NONE', *, *, #1851, .F. ) ;
#5574 = EDGE_CURVE ( 'NONE', #8283, #3911, #3294, .T. ) ;
#5575 = EDGE_LOOP ( 'NONE', ( #5931, #2341, #902, #5062 ) ) ;
#5576 = CARTESIAN_POINT ( 'NONE',  ( -1.124999999999999778, 0.1499999999999999667, -1.650000000000000577 ) ) ;
#5577 = CIRCLE ( 'NONE', #2422, 0.1499999999999999667 ) ;
#5578 = CARTESIAN_POINT ( 'NONE',  ( 1.924999999999999156, 0.6702163011671202764, 1.125000000000000222 ) ) ;
#5579 = LINE ( 'NONE', #8410, #5927 ) ;
#5580 = CARTESIAN_POINT ( 'NONE',  ( 1.924999999999999156, 0.05000000000000000278, 1.949999999999999956 ) ) ;
#5581 = ORIENTED_EDGE ( 'NONE', *, *, #1732, .T. ) ;
#5582 = CARTESIAN_POINT ( 'NONE',  ( -0.4749999999999993117, 0.08999999999999999667, 1.924999999999999600 ) ) ;
#5583 = EDGE_LOOP ( 'NONE', ( #8893, #7774, #776, #9646 ) ) ;
#5584 = EDGE_CURVE ( 'NONE', #4494, #241, #2777, .T. ) ;
#5585 = DIRECTION ( 'NONE',  ( 0.000000000000000000, 0.000000000000000000, 1.000000000000000000 ) ) ;
#5586 = ADVANCED_FACE ( 'NONE', ( #9517 ), #9424, .F. ) ;
#5587 = ADVANCED_FACE ( 'NONE', ( #7185 ), #4114, .F. ) ;
#5588 = CARTESIAN_POINT ( 'NONE',  ( 0.8250000000000006217, 0.1499999999999999667, 1.619058829184431225 ) ) ;
#5589 = CARTESIAN_POINT ( 'NONE',  ( -0.8250000000000006217, 0.08999999999999999667, -1.619058829184431225 ) ) ;
#5590 = LINE ( 'NONE', #9473, #508 ) ;
#5591 = DIRECTION ( 'NONE',  ( -1.000000000000000000, 0.000000000000000000, 0.000000000000000000 ) ) ;
#5592 = CARTESIAN_POINT ( 'NONE',  ( -1.649999999999999023, 0.000000000000000000, 1.125000000000000000 ) ) ;
#5593 = FACE_OUTER_BOUND ( 'NONE', #1887, .T. ) ;
#5594 = ORIENTED_EDGE ( 'NONE', *, *, #8451, .F. ) ;
#5595 = VERTEX_POINT ( 'NONE', #9472 ) ;
#5596 = COLOUR_RGB ( '',1.000000000000000000, 1.000000000000000000, 1.000000000000000000 ) ;
#5597 = CARTESIAN_POINT ( 'NONE',  ( 1.924999999999999156, 0.000000000000000000, 1.125000000000000222 ) ) ;
#5598 = ORIENTED_EDGE ( 'NONE', *, *, #1369, .T. ) ;
#5599 = PLANE ( 'NONE',  #2596 ) ;
#5600 = EDGE_CURVE ( 'NONE', #2544, #7938, #395, .T. ) ;
#5601 = EDGE_CURVE ( 'NONE', #7263, #1049, #7131, .T. ) ;
#5602 = EDGE_LOOP ( 'NONE', ( #376, #583, #426, #5121, #6580, #215 ) ) ;
#5603 = VECTOR ( 'NONE', #6175, 1000.000000000000000 ) ;
#5604 = CYLINDRICAL_SURFACE ( 'NONE', #3051, 0.1499999999999999667 ) ;
#5605 = CARTESIAN_POINT ( 'NONE',  ( -0.1749999999999998224, 0.1499999999999999944, -1.650000000000000577 ) ) ;
#5606 = CARTESIAN_POINT ( 'NONE',  ( 1.125000000000000666, 0.000000000000000000, 1.925000000000000933 ) ) ;
#5607 = FACE_OUTER_BOUND ( 'NONE', #256, .T. ) ;
#5608 = ADVANCED_FACE ( 'NONE', ( #7228 ), #8061, .F. ) ;
#5609 = ORIENTED_EDGE ( 'NONE', *, *, #436, .T. ) ;
#5610 = VERTEX_POINT ( 'NONE', #6584 ) ;
#5611 = AXIS2_PLACEMENT_3D ( 'NONE', #901, #8438, #5313 ) ;
#5612 = ORIENTED_EDGE ( 'NONE', *, *, #276, .F. ) ;
#5613 = ORIENTED_EDGE ( 'NONE', *, *, #5426, .T. ) ;
#5614 = EDGE_CURVE ( 'NONE', #3024, #4532, #1271, .T. ) ;
#5615 = VECTOR ( 'NONE', #9606, 1000.000000000000000 ) ;
#5616 = CARTESIAN_POINT ( 'NONE',  ( -1.924999999999999156, 0.1499999999999999667, 0.1750000000000000167 ) ) ;
#5617 = DIRECTION ( 'NONE',  ( -1.577021341797093074E-15, 0.000000000000000000, -1.000000000000000000 ) ) ;
#5618 = CARTESIAN_POINT ( 'NONE',  ( -1.199999999999999956, 0.1499999999999999667, -1.100000000000000089 ) ) ;
#5619 = CARTESIAN_POINT ( 'NONE',  ( -2.000000000000011102, 0.08999999999999999667, -1.124999999999978240 ) ) ;
#5620 = DIRECTION ( 'NONE',  ( 0.000000000000000000, 0.000000000000000000, 1.000000000000000000 ) ) ;
#5621 = ORIENTED_EDGE ( 'NONE', *, *, #5225, .T. ) ;
#5622 = VERTEX_POINT ( 'NONE', #2726 ) ;
#5623 = ORIENTED_EDGE ( 'NONE', *, *, #8588, .T. ) ;
#5624 = VECTOR ( 'NONE', #4856, 1000.000000000000000 ) ;
#5625 = DIRECTION ( 'NONE',  ( -0.000000000000000000, -1.000000000000000000, -0.000000000000000000 ) ) ;
#5626 = CARTESIAN_POINT ( 'NONE',  ( -0.9749999999999997558, 0.1499999999999999944, 1.650000000000000799 ) ) ;
#5627 = PLANE ( 'NONE',  #6459 ) ;
#5628 = CARTESIAN_POINT ( 'NONE',  ( -0.8249999999999997335, 0.1499999999999999944, 1.650000000000000577 ) ) ;
#5629 = CARTESIAN_POINT ( 'NONE',  ( -1.924999999999999156, 0.1499999999999999667, -0.1749999999999999056 ) ) ;
#5630 = CARTESIAN_POINT ( 'NONE',  ( 1.924999999999999156, 0.05000000000000002359, -0.1749999999999999056 ) ) ;
#5631 = VERTEX_POINT ( 'NONE', #7325 ) ;
#5632 = SURFACE_STYLE_USAGE ( .BOTH. , #2771 ) ;
#5633 = ORIENTED_EDGE ( 'NONE', *, *, #5242, .F. ) ;
#5634 = DIRECTION ( 'NONE',  ( -1.000000000000000000, 0.000000000000000000, 1.445602896647339706E-15 ) ) ;
#5635 = EDGE_CURVE ( 'NONE', #3348, #7070, #1919, .T. ) ;
#5636 = SURFACE_STYLE_FILL_AREA ( #5485 ) ;
#5637 = DIRECTION ( 'NONE',  ( 3.491481338843133355E-15, 0.000000000000000000, 1.000000000000000000 ) ) ;
#5638 = CARTESIAN_POINT ( 'NONE',  ( -0.4749999999999997558, 0.6702163011671209425, -1.925000000000000933 ) ) ;
#5639 = PLANE ( 'NONE',  #5499 ) ;
#5640 = EDGE_CURVE ( 'NONE', #86, #4723, #531, .T. ) ;
#5641 = PLANE ( 'NONE',  #3994 ) ;
#5642 = FACE_OUTER_BOUND ( 'NONE', #5424, .T. ) ;
#5643 = ORIENTED_EDGE ( 'NONE', *, *, #987, .T. ) ;
#5644 = ORIENTED_EDGE ( 'NONE', *, *, #7598, .F. ) ;
#5645 = CARTESIAN_POINT ( 'NONE',  ( 1.649999999999999023, 0.1499999999999999667, -0.8249999999999999556 ) ) ;
#5646 = EDGE_LOOP ( 'NONE', ( #1329, #1376, #4863, #2561 ) ) ;
#5647 = EDGE_CURVE ( 'NONE', #7823, #3694, #5403, .T. ) ;
#5648 = VERTEX_POINT ( 'NONE', #4263 ) ;
#5649 = CARTESIAN_POINT ( 'NONE',  ( -1.925000000000001377, 0.08999999999999999667, -0.1749999999999792000 ) ) ;
#5650 = CARTESIAN_POINT ( 'NONE',  ( -1.124999999999999334, 0.1499999999999999667, 1.925000000000001155 ) ) ;
#5651 = CARTESIAN_POINT ( 'NONE',  ( -1.649999999999999023, 0.000000000000000000, 0.3250000000000000111 ) ) ;
#5652 = STYLED_ITEM ( 'NONE', ( #9392 ), #5288 ) ;
#5653 = PLANE ( 'NONE',  #7099 ) ;
#5654 = FILL_AREA_STYLE_COLOUR ( '', #3142 ) ;
#5655 = FACE_OUTER_BOUND ( 'NONE', #8882, .T. ) ;
#5656 = ORIENTED_EDGE ( 'NONE', *, *, #3508, .F. ) ;
#5657 = EDGE_CURVE ( 'NONE', #7801, #7233, #2825, .T. ) ;
#5658 = ORIENTED_EDGE ( 'NONE', *, *, #1003, .T. ) ;
#5659 = ORIENTED_EDGE ( 'NONE', *, *, #705, .T. ) ;
#5660 = ADVANCED_FACE ( 'NONE', ( #9570 ), #1819, .T. ) ;
#5661 = VECTOR ( 'NONE', #7457, 1000.000000000000000 ) ;
#5662 = EDGE_LOOP ( 'NONE', ( #4058, #926, #6954, #5907, #6295 ) ) ;
#5663 = LINE ( 'NONE', #7941, #5794 ) ;
#5664 = VECTOR ( 'NONE', #8423, 1000.000000000000000 ) ;
#5665 = LINE ( 'NONE', #8694, #4714 ) ;
#5666 = DIRECTION ( 'NONE',  ( -0.000000000000000000, 1.000000000000000000, -0.000000000000000000 ) ) ;
#5667 = DIRECTION ( 'NONE',  ( 0.000000000000000000, 1.000000000000000000, 0.000000000000000000 ) ) ;
#5668 = DIRECTION ( 'NONE',  ( 0.000000000000000000, 1.000000000000000000, 0.000000000000000000 ) ) ;
#5669 = VERTEX_POINT ( 'NONE', #3384 ) ;
#5670 = ADVANCED_FACE ( 'NONE', ( #6388 ), #1371, .T. ) ;
#5671 = ORIENTED_EDGE ( 'NONE', *, *, #1493, .F. ) ;
#5672 = ORIENTED_EDGE ( 'NONE', *, *, #6880, .T. ) ;
#5673 = UNCERTAINTY_MEASURE_WITH_UNIT (LENGTH_MEASURE( 1.000000000000000082E-05 ), #3136, 'distance_accuracy_value', 'NONE');
#5674 = EDGE_CURVE ( 'NONE', #4294, #2544, #6026, .T. ) ;
#5675 = PLANE ( 'NONE',  #6047 ) ;
#5676 = CARTESIAN_POINT ( 'NONE',  ( -2.000000000000004441, 0.1499999999999999667, -0.4749999999999783840 ) ) ;
#5677 = DIRECTION ( 'NONE',  ( -1.192004691317674036E-14, 0.000000000000000000, -1.000000000000000000 ) ) ;
#5678 = PLANE ( 'NONE',  #9098 ) ;
#5679 = DIRECTION ( 'NONE',  ( 0.000000000000000000, 0.000000000000000000, 1.000000000000000000 ) ) ;
#5680 = ORIENTED_EDGE ( 'NONE', *, *, #8553, .F. ) ;
#5681 = CARTESIAN_POINT ( 'NONE',  ( -0.4750000000000005884, 0.1499999999999999667, -1.999999999999999556 ) ) ;
#5682 = ORIENTED_EDGE ( 'NONE', *, *, #7105, .T. ) ;
#5683 = DIRECTION ( 'NONE',  ( -0.000000000000000000, -1.000000000000000000, -0.000000000000000000 ) ) ;
#5684 = DIRECTION ( 'NONE',  ( 0.000000000000000000, 1.000000000000000000, 0.000000000000000000 ) ) ;
#5685 = CARTESIAN_POINT ( 'NONE',  ( -1.124999999999999334, 0.6702163011671209425, 1.925000000000001377 ) ) ;
#5686 = CARTESIAN_POINT ( 'NONE',  ( 0.4750000000000005884, 0.08999999999999999667, 1.924999999999999600 ) ) ;
#5687 = DIRECTION ( 'NONE',  ( -1.000000000000000000, 0.000000000000000000, 0.000000000000000000 ) ) ;
#5688 = LINE ( 'NONE', #398, #1764 ) ;
#5689 = LINE ( 'NONE', #1135, #4451 ) ;
#5690 = ORIENTED_EDGE ( 'NONE', *, *, #277, .T. ) ;
#5691 = VERTEX_POINT ( 'NONE', #4405 ) ;
#5692 = CARTESIAN_POINT ( 'NONE',  ( -1.924999999999999156, 0.6702163011671202764, -0.1749999999999999056 ) ) ;
#5693 = VERTEX_POINT ( 'NONE', #2269 ) ;
#5694 = EDGE_CURVE ( 'NONE', #2699, #7859, #9665, .T. ) ;
#5695 = EDGE_LOOP ( 'NONE', ( #7874, #2268, #817, #3205 ) ) ;
#5696 = CARTESIAN_POINT ( 'NONE',  ( 1.999999999999995781, 0.08999999999999999667, -1.125000000000007550 ) ) ;
#5697 = FACE_OUTER_BOUND ( 'NONE', #3642, .T. ) ;
#5698 = FACE_OUTER_BOUND ( 'NONE', #9791, .T. ) ;
#5699 = LINE ( 'NONE', #1938, #9048 ) ;
#5700 = CARTESIAN_POINT ( 'NONE',  ( -1.124999999999999334, 0.08999999999999999667, 1.619058829184431225 ) ) ;
#5701 = CARTESIAN_POINT ( 'NONE',  ( 0.4750000000000005884, 0.08999999999999999667, 1.924999999999998934 ) ) ;
#5702 = ORIENTED_EDGE ( 'NONE', *, *, #3457, .F. ) ;
#5703 = ORIENTED_EDGE ( 'NONE', *, *, #7593, .F. ) ;
#5704 = ORIENTED_EDGE ( 'NONE', *, *, #8829, .F. ) ;
#5705 = ORIENTED_EDGE ( 'NONE', *, *, #3048, .F. ) ;
#5706 = EDGE_CURVE ( 'NONE', #5168, #7459, #3383, .T. ) ;
#5707 = VECTOR ( 'NONE', #5546, 1000.000000000000000 ) ;
#5708 = VECTOR ( 'NONE', #971, 1000.000000000000000 ) ;
#5709 = CARTESIAN_POINT ( 'NONE',  ( -0.9749999999999997558, 0.1499999999999999944, 1.650000000000000799 ) ) ;
#5710 = EDGE_CURVE ( 'NONE', #2976, #2472, #5882, .T. ) ;
#5711 = AXIS2_PLACEMENT_3D ( 'NONE', #7728, #3237, #6244 ) ;
#5712 = PLANE ( 'NONE',  #7872 ) ;
#5713 = CARTESIAN_POINT ( 'NONE',  ( 1.999999999999995781, 0.1499999999999999667, -1.125000000000007550 ) ) ;
#5714 = DIRECTION ( 'NONE',  ( -0.000000000000000000, -1.000000000000000000, -0.000000000000000000 ) ) ;
#5715 = ADVANCED_FACE ( 'NONE', ( #7420 ), #9016, .F. ) ;
#5716 = DIRECTION ( 'NONE',  ( -0.000000000000000000, -1.000000000000000000, -0.000000000000000000 ) ) ;
#5717 = VECTOR ( 'NONE', #6321, 1000.000000000000000 ) ;
#5718 = ORIENTED_EDGE ( 'NONE', *, *, #3191, .T. ) ;
#5719 = VECTOR ( 'NONE', #5874, 1000.000000000000000 ) ;
#5720 = VERTEX_POINT ( 'NONE', #5231 ) ;
#5721 = EDGE_CURVE ( 'NONE', #5203, #357, #5283, .T. ) ;
#5722 = VECTOR ( 'NONE', #3334, 1000.000000000000000 ) ;
#5723 = ORIENTED_EDGE ( 'NONE', *, *, #6023, .T. ) ;
#5724 = MECHANICAL_DESIGN_GEOMETRIC_PRESENTATION_REPRESENTATION (  '', ( #505 ), #6043 ) ;
#5725 = DIRECTION ( 'NONE',  ( 0.000000000000000000, 0.000000000000000000, 1.000000000000000000 ) ) ;
#5726 = DIRECTION ( 'NONE',  ( 0.000000000000000000, 1.000000000000000000, 0.000000000000000000 ) ) ;
#5727 = PRODUCT_DEFINITION ( 'UNKNOWN', '', #7296, #2809 ) ;
#5728 = CARTESIAN_POINT ( 'NONE',  ( 2.000000000000001332, 0.1499999999999999667, 0.4749999999999923173 ) ) ;
#5729 = AXIS2_PLACEMENT_3D ( 'NONE', #7626, #3282, #7770 ) ;
#5730 = DIRECTION ( 'NONE',  ( 0.000000000000000000, 1.000000000000000000, -0.000000000000000000 ) ) ;
#5731 = VECTOR ( 'NONE', #6633, 1000.000000000000000 ) ;
#5732 = SURFACE_STYLE_FILL_AREA ( #7177 ) ;
#5733 = EDGE_LOOP ( 'NONE', ( #9479, #7059, #2034, #9099, #7760 ) ) ;
#5734 = ADVANCED_FACE ( 'NONE', ( #9769 ), #8308, .F. ) ;
#5735 = PRESENTATION_LAYER_ASSIGNMENT (  '', '', ( #7009 ) ) ;
#5736 = CLOSED_SHELL ( 'NONE', ( #2839, #2455, #9364, #932, #2397, #6873 ) ) ;
#5737 = EDGE_CURVE ( 'NONE', #6346, #1609, #4498, .T. ) ;
#5738 = VECTOR ( 'NONE', #6404, 1000.000000000000000 ) ;
#5739 = FACE_OUTER_BOUND ( 'NONE', #7638, .T. ) ;
#5740 = CARTESIAN_POINT ( 'NONE',  ( -1.124999999999999334, 0.1499999999999999667, 1.999999999999999556 ) ) ;
#5741 = CARTESIAN_POINT ( 'NONE',  ( 1.649999999999999023, 0.05000000000000002359, 0.4749999999999999223 ) ) ;
#5742 = LINE ( 'NONE', #5088, #4089 ) ;
#5743 = DIRECTION ( 'NONE',  ( 0.000000000000000000, 1.000000000000000000, 0.000000000000000000 ) ) ;
#5744 = DIRECTION ( 'NONE',  ( 1.000000000000000000, 0.000000000000000000, 1.807003620809174385E-16 ) ) ;
#5745 = EDGE_LOOP ( 'NONE', ( #5212, #3854, #4970, #3866 ) ) ;
#5746 = ORIENTED_EDGE ( 'NONE', *, *, #2834, .T. ) ;
#5747 = PLANE ( 'NONE',  #1598 ) ;
#5748 = ORIENTED_EDGE ( 'NONE', *, *, #8399, .F. ) ;
#5749 = VERTEX_POINT ( 'NONE', #7517 ) ;
#5750 = LINE ( 'NONE', #8784, #1929 ) ;
#5751 = FACE_OUTER_BOUND ( 'NONE', #1957, .T. ) ;
#5752 = PLANE ( 'NONE',  #8595 ) ;
#5753 = VECTOR ( 'NONE', #594, 1000.000000000000000 ) ;
#5754 = DIRECTION ( 'NONE',  ( -0.000000000000000000, -0.000000000000000000, -1.000000000000000000 ) ) ;
#5755 = DIRECTION ( 'NONE',  ( 0.000000000000000000, -1.000000000000000000, 0.000000000000000000 ) ) ;
#5756 = DIRECTION ( 'NONE',  ( -3.491481338843133355E-15, 0.000000000000000000, -1.000000000000000000 ) ) ;
#5757 = ORIENTED_EDGE ( 'NONE', *, *, #3033, .T. ) ;
#5758 = ORIENTED_EDGE ( 'NONE', *, *, #1665, .T. ) ;
#5759 = FACE_OUTER_BOUND ( 'NONE', #2688, .T. ) ;
#5760 = ORIENTED_EDGE ( 'NONE', *, *, #6470, .T. ) ;
#5761 = AXIS2_PLACEMENT_3D ( 'NONE', #1170, #6627, #3069 ) ;
#5762 = MANIFOLD_SOLID_BREP ( 'CirPattern3[1]', #8426 ) ;
#5763 = ADVANCED_FACE ( 'NONE', ( #777 ), #4543, .F. ) ;
#5764 = FACE_OUTER_BOUND ( 'NONE', #8623, .T. ) ;
#5765 = DIRECTION ( 'NONE',  ( 0.000000000000000000, 0.000000000000000000, -1.000000000000000000 ) ) ;
#5766 = CARTESIAN_POINT ( 'NONE',  ( 0.4749999999999993117, 0.1499999999999999667, -1.999999999999999556 ) ) ;
#5767 = EDGE_CURVE ( 'NONE', #2312, #661, #44, .T. ) ;
#5768 = LINE ( 'NONE', #9402, #3570 ) ;
#5769 = VECTOR ( 'NONE', #1398, 1000.000000000000000 ) ;
#5770 = CARTESIAN_POINT ( 'NONE',  ( 0.4750000000000005884, 0.08999999999999999667, 1.999999999999999556 ) ) ;
#5771 = ORIENTED_EDGE ( 'NONE', *, *, #8377, .F. ) ;
#5772 = VECTOR ( 'NONE', #1127, 1000.000000000000000 ) ;
#5773 = ORIENTED_EDGE ( 'NONE', *, *, #6267, .T. ) ;
#5774 = UNCERTAINTY_MEASURE_WITH_UNIT (LENGTH_MEASURE( 1.000000000000000082E-05 ), #8894, 'distance_accuracy_value', 'NONE');
#5775 = STYLED_ITEM ( 'NONE', ( #3326 ), #8369 ) ;
#5776 = EDGE_LOOP ( 'NONE', ( #6663, #4237, #6492, #831, #1947, #3547 ) ) ;
#5777 = CARTESIAN_POINT ( 'NONE',  ( 1.649999999999999023, 0.05000000000000002359, -0.9749999999999999778 ) ) ;
#5778 = LINE ( 'NONE', #8102, #5980 ) ;
#5779 = DIRECTION ( 'NONE',  ( 0.000000000000000000, 1.000000000000000000, 0.000000000000000000 ) ) ;
#5780 = AXIS2_PLACEMENT_3D ( 'NONE', #5626, #9411, #3463 ) ;
#5781 = CARTESIAN_POINT ( 'NONE',  ( -0.3249999999999997891, 0.1499999999999999944, -1.650000000000000799 ) ) ;
#5782 = SURFACE_STYLE_FILL_AREA ( #1266 ) ;
#5783 = VERTEX_POINT ( 'NONE', #3620 ) ;
#5784 = EDGE_CURVE ( 'NONE', #5000, #1731, #5936, .T. ) ;
#5785 = VECTOR ( 'NONE', #1441, 1000.000000000000000 ) ;
#5786 = LINE ( 'NONE', #394, #9089 ) ;
#5787 = DIRECTION ( 'NONE',  ( 0.000000000000000000, 0.000000000000000000, -1.000000000000000000 ) ) ;
#5788 = CARTESIAN_POINT ( 'NONE',  ( -0.8250000000000006217, 0.08999999999999999667, -1.924999999999998490 ) ) ;
#5789 = CARTESIAN_POINT ( 'NONE',  ( -0.4749999999999993117, 0.1499999999999999944, 1.925000000000001377 ) ) ;
#5790 = DIRECTION ( 'NONE',  ( 1.000000000000000000, 0.000000000000000000, -1.084202172485504434E-16 ) ) ;
#5791 = DIRECTION ( 'NONE',  ( 0.000000000000000000, 0.000000000000000000, -1.000000000000000000 ) ) ;
#5792 = ORIENTED_EDGE ( 'NONE', *, *, #7546, .F. ) ;
#5793 = VERTEX_POINT ( 'NONE', #3124 ) ;
#5794 = VECTOR ( 'NONE', #3453, 1000.000000000000000 ) ;
#5795 = DIRECTION ( 'NONE',  ( -1.000000000000000000, 0.000000000000000000, 0.000000000000000000 ) ) ;
#5796 = EDGE_CURVE ( 'NONE', #3337, #3900, #6074, .T. ) ;
#5797 = EDGE_CURVE ( 'NONE', #1829, #1563, #9115, .T. ) ;
#5798 = ORIENTED_EDGE ( 'NONE', *, *, #1474, .F. ) ;
#5799 = LINE ( 'NONE', #311, #6993 ) ;
#5800 = DIRECTION ( 'NONE',  ( -0.000000000000000000, -1.000000000000000000, -0.000000000000000000 ) ) ;
#5801 = DIRECTION ( 'NONE',  ( -0.000000000000000000, -1.000000000000000000, -0.000000000000000000 ) ) ;
#5802 = DIRECTION ( 'NONE',  ( -1.000000000000000000, 0.000000000000000000, 3.491481338843133355E-15 ) ) ;
#5803 = CARTESIAN_POINT ( 'NONE',  ( 1.999999999999996669, 0.08999999999999999667, -0.8250000000000076161 ) ) ;
#5804 = CARTESIAN_POINT ( 'NONE',  ( 0.1750000000000006828, 0.08999999999999999667, 1.999999999999999556 ) ) ;
#5805 = ORIENTED_EDGE ( 'NONE', *, *, #9779, .F. ) ;
#5806 = DIRECTION ( 'NONE',  ( 0.000000000000000000, -1.000000000000000000, 0.000000000000000000 ) ) ;
#5807 = ORIENTED_EDGE ( 'NONE', *, *, #4841, .F. ) ;
#5808 = VECTOR ( 'NONE', #2227, 1000.000000000000000 ) ;
#5809 = CARTESIAN_POINT ( 'NONE',  ( -1.925000000000001821, 0.08999999999999999667, -0.1749999999999791445 ) ) ;
#5810 = CARTESIAN_POINT ( 'NONE',  ( -1.649999999999999023, 0.1499999999999999667, 1.125000000000000000 ) ) ;
#5811 = CARTESIAN_POINT ( 'NONE',  ( -0.3249999999999997891, 0.04999999999999999584, 1.650000000000000799 ) ) ;
#5812 = CARTESIAN_POINT ( 'NONE',  ( 0.8250000000000001776, 0.1499999999999999944, -1.650000000000000577 ) ) ;
#5813 = SURFACE_STYLE_USAGE ( .BOTH. , #2612 ) ;
#5814 = ADVANCED_FACE ( 'NONE', ( #283 ), #1758, .T. ) ;
#5815 = AXIS2_PLACEMENT_3D ( 'NONE', #7508, #6963, #720 ) ;
#5816 = AXIS2_PLACEMENT_3D ( 'NONE', #4585, #3759, #7602 ) ;
#5817 = EDGE_LOOP ( 'NONE', ( #7426, #702, #6357, #4470 ) ) ;
#5818 = ORIENTED_EDGE ( 'NONE', *, *, #4733, .T. ) ;
#5819 = VECTOR ( 'NONE', #9228, 1000.000000000000000 ) ;
#5820 = EDGE_CURVE ( 'NONE', #7334, #6109, #2898, .T. ) ;
#5821 = ORIENTED_EDGE ( 'NONE', *, *, #4882, .T. ) ;
#5822 = FACE_OUTER_BOUND ( 'NONE', #9466, .T. ) ;
#5823 = VECTOR ( 'NONE', #8801, 1000.000000000000000 ) ;
#5824 = LINE ( 'NONE', #4297, #1064 ) ;
#5825 = VECTOR ( 'NONE', #2650, 1000.000000000000000 ) ;
#5826 =( LENGTH_UNIT ( ) NAMED_UNIT ( * ) SI_UNIT ( .MILLI., .METRE. ) );
#5827 = CARTESIAN_POINT ( 'NONE',  ( -0.1750000000000006828, 0.08999999999999999667, -1.999999999999999556 ) ) ;
#5828 = FACE_OUTER_BOUND ( 'NONE', #9396, .T. ) ;
#5829 = CARTESIAN_POINT ( 'NONE',  ( -0.8249999999999992895, 0.6702163011671209425, 1.925000000000000933 ) ) ;
#5830 = VERTEX_POINT ( 'NONE', #3958 ) ;
#5831 = VECTOR ( 'NONE', #335, 1000.000000000000000 ) ;
#5832 = ADVANCED_FACE ( 'NONE', ( #2421 ), #2365, .T. ) ;
#5833 = ADVANCED_FACE ( 'NONE', ( #183 ), #6229, .T. ) ;
#5834 = CARTESIAN_POINT ( 'NONE',  ( 0.000000000000000000, 0.05000000000000000278, -1.925000000000000933 ) ) ;
#5835 = CARTESIAN_POINT ( 'NONE',  ( 1.999999999999999556, 0.000000000000000000, -6.982962677686265133E-15 ) ) ;
#5836 = LINE ( 'NONE', #2980, #3382 ) ;
#5837 = CARTESIAN_POINT ( 'NONE',  ( -1.649999999999999023, 0.1499999999999999667, 0.4749999999999999223 ) ) ;
#5838 = DIRECTION ( 'NONE',  ( 0.000000000000000000, 1.000000000000000000, 0.000000000000000000 ) ) ;
#5839 = ADVANCED_FACE ( 'NONE', ( #8554 ), #6881, .F. ) ;
#5840 = FACE_OUTER_BOUND ( 'NONE', #1599, .T. ) ;
#5841 = VERTEX_POINT ( 'NONE', #235 ) ;
#5842 = ORIENTED_EDGE ( 'NONE', *, *, #3025, .T. ) ;
#5843 = EDGE_CURVE ( 'NONE', #8387, #1284, #7073, .T. ) ;
#5844 = EDGE_CURVE ( 'NONE', #6652, #7792, #3691, .T. ) ;
#5845 = FACE_OUTER_BOUND ( 'NONE', #131, .T. ) ;
#5846 = EDGE_LOOP ( 'NONE', ( #121, #4435, #9725, #5644 ) ) ;
#5847 = CARTESIAN_POINT ( 'NONE',  ( 1.619058829184433002, 0.08999999999999999667, 0.4749999999999936495 ) ) ;
#5848 = DIRECTION ( 'NONE',  ( 0.000000000000000000, 1.000000000000000000, 0.000000000000000000 ) ) ;
#5849 = DIRECTION ( 'NONE',  ( -1.000000000000000000, 0.000000000000000000, 1.445602896647339706E-15 ) ) ;
#5850 = DIRECTION ( 'NONE',  ( -1.000000000000000000, 0.000000000000000000, -1.807003620809174385E-16 ) ) ;
#5851 = CARTESIAN_POINT ( 'NONE',  ( -1.599999999999999201, 1.399999999999999911, -1.766666666666667496 ) ) ;
#5852 = CARTESIAN_POINT ( 'NONE',  ( -0.1749999999999998224, 0.1499999999999999667, -1.925000000000000933 ) ) ;
#5853 = EDGE_CURVE ( 'NONE', #9100, #7247, #1565, .T. ) ;
#5854 = EDGE_LOOP ( 'NONE', ( #2243, #3252, #3893, #316 ) ) ;
#5855 = DIRECTION ( 'NONE',  ( 0.000000000000000000, 1.000000000000000000, 0.000000000000000000 ) ) ;
#5856 = ORIENTED_EDGE ( 'NONE', *, *, #9596, .T. ) ;
#5857 = CARTESIAN_POINT ( 'NONE',  ( -1.619058829184442994, 0.1499999999999999667, -1.124999999999982458 ) ) ;
#5858 = CARTESIAN_POINT ( 'NONE',  ( 1.649999999999999023, 0.000000000000000000, -0.9749999999999999778 ) ) ;
#5859 =( NAMED_UNIT ( * ) SI_UNIT ( $, .STERADIAN. ) SOLID_ANGLE_UNIT ( ) );
#5860 = DIRECTION ( 'NONE',  ( -0.000000000000000000, 0.000000000000000000, -1.000000000000000000 ) ) ;
#5861 = VERTEX_POINT ( 'NONE', #875 ) ;
#5862 = VERTEX_POINT ( 'NONE', #136 ) ;
#5863 = ORIENTED_EDGE ( 'NONE', *, *, #6030, .F. ) ;
#5864 = COLOUR_RGB ( '',0.7921568627450980005, 0.8196078431372548767, 0.9333333333333333481 ) ;
#5865 = VERTEX_POINT ( 'NONE', #6173 ) ;
#5866 = VECTOR ( 'NONE', #4847, 1000.000000000000000 ) ;
#5867 = ORIENTED_EDGE ( 'NONE', *, *, #9014, .T. ) ;
#5868 = CARTESIAN_POINT ( 'NONE',  ( -1.599999999999999201, 1.399999999999999911, -1.600000000000000755 ) ) ;
#5869 =( NAMED_UNIT ( * ) PLANE_ANGLE_UNIT ( ) SI_UNIT ( $, .RADIAN. ) );
#5870 = DIRECTION ( 'NONE',  ( 0.000000000000000000, -1.000000000000000000, 0.000000000000000000 ) ) ;
#5871 = DIRECTION ( 'NONE',  ( 0.000000000000000000, 1.000000000000000000, 0.000000000000000000 ) ) ;
#5872 = VECTOR ( 'NONE', #3630, 1000.000000000000000 ) ;
#5873 = LINE ( 'NONE', #5972, #1486 ) ;
#5874 = DIRECTION ( 'NONE',  ( 0.000000000000000000, -1.000000000000000000, 0.000000000000000000 ) ) ;
#5875 = DIRECTION ( 'NONE',  ( 1.000000000000000000, -0.000000000000000000, 3.942553354492742052E-16 ) ) ;
#5876 = ORIENTED_EDGE ( 'NONE', *, *, #3616, .F. ) ;
#5877 = EDGE_CURVE ( 'NONE', #4328, #9776, #4593, .T. ) ;
#5878 = VECTOR ( 'NONE', #9021, 1000.000000000000000 ) ;
#5879 = MECHANICAL_DESIGN_GEOMETRIC_PRESENTATION_REPRESENTATION (  '', ( #3686 ), #4932 ) ;
#5881 = CARTESIAN_POINT ( 'NONE',  ( 0.1750000000000002387, 0.1499999999999999944, 1.650000000000000577 ) ) ;
#5880 = AXIS2_PLACEMENT_3D ( 'NONE', #6090, #2434, #2376 ) ;
#5882 = LINE ( 'NONE', #2223, #5895 ) ;
#5883 = VECTOR ( 'NONE', #6686, 1000.000000000000000 ) ;
#5884 = DIRECTION ( 'NONE',  ( 0.000000000000000000, -1.000000000000000000, 0.000000000000000000 ) ) ;
#5885 = FACE_OUTER_BOUND ( 'NONE', #260, .T. ) ;
#5886 = CARTESIAN_POINT ( 'NONE',  ( -2.000000000000011102, 0.1499999999999999667, -1.124999999999978240 ) ) ;
#5887 = CARTESIAN_POINT ( 'NONE',  ( -1.599999999999999201, 1.500000000000000000, -1.600000000000000755 ) ) ;
#5888 = VERTEX_POINT ( 'NONE', #6120 ) ;
#5889 = VERTEX_POINT ( 'NONE', #9164 ) ;
#5890 = ADVANCED_FACE ( 'NONE', ( #7665 ), #6923, .T. ) ;
#5891 = AXIS2_PLACEMENT_3D ( 'NONE', #4337, #4483, #8951 ) ;
#5892 = CLOSED_SHELL ( 'NONE', ( #5734, #1952, #1198, #3184, #3920, #7835 ) ) ;
#5893 = EDGE_CURVE ( 'NONE', #7482, #2230, #1666, .T. ) ;
#5894 = DIRECTION ( 'NONE',  ( 0.000000000000000000, 0.000000000000000000, 1.000000000000000000 ) ) ;
#5895 = VECTOR ( 'NONE', #9068, 1000.000000000000000 ) ;
#5896 = EDGE_CURVE ( 'NONE', #2218, #3530, #4006, .T. ) ;
#5897 = LINE ( 'NONE', #3682, #2254 ) ;
#5898 = EDGE_LOOP ( 'NONE', ( #8021, #2502, #5132, #904 ) ) ;
#5899 = CARTESIAN_POINT ( 'NONE',  ( 0.1750000000000006828, 0.08999999999999999667, 1.619058829184431225 ) ) ;
#5900 = CARTESIAN_POINT ( 'NONE',  ( 0.1750000000000010991, 0.1499999999999999667, 1.924999999999999378 ) ) ;
#5901 = DIRECTION ( 'NONE',  ( -1.577021341797093468E-15, 0.000000000000000000, -1.000000000000000000 ) ) ;
#5902 = EDGE_CURVE ( 'NONE', #8191, #736, #3534, .T. ) ;
#5903 = CARTESIAN_POINT ( 'NONE',  ( -1.599999999999999201, 1.399999999999999911, -1.600000000000000755 ) ) ;
#5904 = AXIS2_PLACEMENT_3D ( 'NONE', #1807, #7902, #9508 ) ;
#5905 = CARTESIAN_POINT ( 'NONE',  ( -2.000000000000001332, 0.08999999999999999667, -0.1749999999999784228 ) ) ;
#5906 = CARTESIAN_POINT ( 'NONE',  ( 1.999999999999999112, 0.08999999999999999667, -0.1750000000000076772 ) ) ;
#5907 = ORIENTED_EDGE ( 'NONE', *, *, #2335, .F. ) ;
#5908 = DIRECTION ( 'NONE',  ( 0.000000000000000000, -1.000000000000000000, 0.000000000000000000 ) ) ;
#5909 = EDGE_CURVE ( 'NONE', #7694, #4504, #1903, .T. ) ;
#5910 = VERTEX_POINT ( 'NONE', #3320 ) ;
#5911 = AXIS2_PLACEMENT_3D ( 'NONE', #7965, #6632, #8770 ) ;
#5912 = ORIENTED_EDGE ( 'NONE', *, *, #8069, .F. ) ;
#5913 = LINE ( 'NONE', #2104, #9125 ) ;
#5914 = EDGE_CURVE ( 'NONE', #5889, #2210, #5030, .T. ) ;
#5915 = FACE_OUTER_BOUND ( 'NONE', #8403, .T. ) ;
#5916 = CARTESIAN_POINT ( 'NONE',  ( -1.125000000000000666, 0.08999999999999999667, -1.999999999999999556 ) ) ;
#5917 = FACE_OUTER_BOUND ( 'NONE', #2709, .T. ) ;
#5918 = EDGE_LOOP ( 'NONE', ( #4401, #7155, #5026, #8249 ) ) ;
#5919 = DIRECTION ( 'NONE',  ( 0.000000000000000000, 0.000000000000000000, -1.000000000000000000 ) ) ;
#5920 = ORIENTED_EDGE ( 'NONE', *, *, #3293, .T. ) ;
#5921 =( GEOMETRIC_REPRESENTATION_CONTEXT ( 3 ) GLOBAL_UNCERTAINTY_ASSIGNED_CONTEXT ( ( #4004 ) ) GLOBAL_UNIT_ASSIGNED_CONTEXT ( ( #6530, #8108, #1120 ) ) REPRESENTATION_CONTEXT ( 'NONE', 'WORKASPACE' ) );
#5922 = EDGE_LOOP ( 'NONE', ( #6503, #8594, #5594, #1298 ) ) ;
#5923 = ORIENTED_EDGE ( 'NONE', *, *, #3319, .T. ) ;
#5924 = VERTEX_POINT ( 'NONE', #9460 ) ;
#5925 = LINE ( 'NONE', #5124, #4325 ) ;
#5926 = SURFACE_STYLE_USAGE ( .BOTH. , #8101 ) ;
#5927 = VECTOR ( 'NONE', #1810, 1000.000000000000000 ) ;
#5928 = CARTESIAN_POINT ( 'NONE',  ( -0.9749999999999997558, 0.1499999999999999944, -1.650000000000000799 ) ) ;
#5929 = CARTESIAN_POINT ( 'NONE',  ( 0.1750000000000006828, 0.1499999999999999667, 1.999999999999999556 ) ) ;
#5930 = DIRECTION ( 'NONE',  ( 1.000000000000000000, 0.000000000000000000, -1.047444401652940007E-14 ) ) ;
#5931 = ORIENTED_EDGE ( 'NONE', *, *, #6941, .F. ) ;
#5932 = ORIENTED_EDGE ( 'NONE', *, *, #1468, .F. ) ;
#5933 = VECTOR ( 'NONE', #7301, 1000.000000000000000 ) ;
#5934 = VECTOR ( 'NONE', #4985, 1000.000000000000000 ) ;
#5935 = CARTESIAN_POINT ( 'NONE',  ( 2.000000000000002665, 0.08999999999999999667, 0.8249999999999924061 ) ) ;
#5936 = LINE ( 'NONE', #3222, #1931 ) ;
#5937 = FACE_OUTER_BOUND ( 'NONE', #5510, .T. ) ;
#5938 = SURFACE_SIDE_STYLE ('',( #93 ) ) ;
#5939 = DIRECTION ( 'NONE',  ( 0.000000000000000000, -1.000000000000000000, 0.000000000000000000 ) ) ;
#5940 = DIRECTION ( 'NONE',  ( 0.000000000000000000, 0.000000000000000000, -1.000000000000000000 ) ) ;
#5941 = EDGE_LOOP ( 'NONE', ( #859, #2655, #6516, #443 ) ) ;
#5942 = ORIENTED_EDGE ( 'NONE', *, *, #3548, .T. ) ;
#5943 = LINE ( 'NONE', #2940, #9691 ) ;
#5944 = EDGE_CURVE ( 'NONE', #3327, #8643, #3510, .T. ) ;
#5945 = EDGE_CURVE ( 'NONE', #540, #7812, #7120, .T. ) ;
#5946 = EDGE_LOOP ( 'NONE', ( #8941, #9249, #4411, #2399, #1096, #6151 ) ) ;
#5948 = VECTOR ( 'NONE', #4332, 1000.000000000000000 ) ;
#5947 = DIRECTION ( 'NONE',  ( 0.000000000000000000, -0.000000000000000000, -1.000000000000000000 ) ) ;
#5949 = LINE ( 'NONE', #589, #9002 ) ;
#5950 = DIRECTION ( 'NONE',  ( 0.000000000000000000, -1.000000000000000000, 0.000000000000000000 ) ) ;
#5951 = LINE ( 'NONE', #4466, #9687 ) ;
#5952 = CARTESIAN_POINT ( 'NONE',  ( -0.1749999999999993783, 0.1499999999999999667, 1.925000000000000933 ) ) ;
#5953 = EDGE_LOOP ( 'NONE', ( #5703, #8513, #460, #1744 ) ) ;
#5954 = EDGE_CURVE ( 'NONE', #561, #7070, #8809, .T. ) ;
#5955 = DIRECTION ( 'NONE',  ( 0.000000000000000000, 0.000000000000000000, 1.000000000000000000 ) ) ;
#5956 = VERTEX_POINT ( 'NONE', #8761 ) ;
#5957 = ORIENTED_EDGE ( 'NONE', *, *, #6014, .F. ) ;
#5958 = FACE_OUTER_BOUND ( 'NONE', #895, .T. ) ;
#5959 = CARTESIAN_POINT ( 'NONE',  ( 1.125000000000000222, 0.05000000000000000278, 0.000000000000000000 ) ) ;
#5960 = DIRECTION ( 'NONE',  ( 0.000000000000000000, 0.000000000000000000, 1.000000000000000000 ) ) ;
#5961 = DIRECTION ( 'NONE',  ( -0.000000000000000000, -1.000000000000000000, -0.000000000000000000 ) ) ;
#5962 = EDGE_CURVE ( 'NONE', #388, #7209, #3217, .T. ) ;
#5963 = EDGE_LOOP ( 'NONE', ( #2443, #3032, #3878, #3086 ) ) ;
#5964 = CARTESIAN_POINT ( 'NONE',  ( 1.924999999999999156, 0.1499999999999999667, 0.4750000000000000333 ) ) ;
#5965 = ADVANCED_FACE ( 'NONE', ( #7217 ), #8655, .T. ) ;
#5966 = EDGE_LOOP ( 'NONE', ( #1572, #2552, #6729, #6489 ) ) ;
#5967 = EDGE_LOOP ( 'NONE', ( #6034, #6639, #4445, #9731, #1967 ) ) ;
#5968 = ORIENTED_EDGE ( 'NONE', *, *, #2172, .F. ) ;
#5969 = FACE_OUTER_BOUND ( 'NONE', #5946, .T. ) ;
#5970 = LINE ( 'NONE', #9006, #7092 ) ;
#5971 = CARTESIAN_POINT ( 'NONE',  ( -1.619058829184433002, 0.08999999999999999667, -0.1749999999999824196 ) ) ;
#5972 = CARTESIAN_POINT ( 'NONE',  ( -1.999999999999990896, 0.1499999999999999667, 0.8250000000000216049 ) ) ;
#5973 = VECTOR ( 'NONE', #3923, 1000.000000000000000 ) ;
#5974 = LINE ( 'NONE', #9660, #5397 ) ;
#5975 = ORIENTED_EDGE ( 'NONE', *, *, #9065, .T. ) ;
#5976 = EDGE_CURVE ( 'NONE', #6253, #1981, #3366, .T. ) ;
#5977 = ORIENTED_EDGE ( 'NONE', *, *, #6703, .F. ) ;
#5978 = ADVANCED_FACE ( 'NONE', ( #9355 ), #5675, .T. ) ;
#5979 = ORIENTED_EDGE ( 'NONE', *, *, #5944, .F. ) ;
#5980 = VECTOR ( 'NONE', #2013, 1000.000000000000000 ) ;
#5981 = AXIS2_PLACEMENT_3D ( 'NONE', #8847, #2056, #467 ) ;
#5982 = DIRECTION ( 'NONE',  ( -0.000000000000000000, -1.000000000000000000, -0.000000000000000000 ) ) ;
#5983 = DIRECTION ( 'NONE',  ( 0.000000000000000000, 0.000000000000000000, -1.000000000000000000 ) ) ;
#5984 = DIRECTION ( 'NONE',  ( 0.000000000000000000, 0.000000000000000000, 1.000000000000000000 ) ) ;
#5985 = CARTESIAN_POINT ( 'NONE',  ( -1.124999999999999778, 0.000000000000000000, -1.925000000000000933 ) ) ;
#5986 = AXIS2_PLACEMENT_3D ( 'NONE', #9130, #7679, #3884 ) ;
#5988 = DIRECTION ( 'NONE',  ( 0.000000000000000000, 0.000000000000000000, 1.000000000000000000 ) ) ;
#5987 = LINE ( 'NONE', #9020, #5808 ) ;
#5989 = ORIENTED_EDGE ( 'NONE', *, *, #4841, .T. ) ;
#5990 = VERTEX_POINT ( 'NONE', #5576 ) ;
#5991 = VECTOR ( 'NONE', #9143, 1000.000000000000000 ) ;
#5992 = FACE_OUTER_BOUND ( 'NONE', #8740, .T. ) ;
#5993 = CARTESIAN_POINT ( 'NONE',  ( 0.9750000000000001998, 0.6702163011671209425, 1.500000000000000888 ) ) ;
#5994 = ORIENTED_EDGE ( 'NONE', *, *, #7480, .F. ) ;
#5995 = FACE_OUTER_BOUND ( 'NONE', #855, .T. ) ;
#5996 = CARTESIAN_POINT ( 'NONE',  ( 1.999999999999999112, 0.1499999999999999667, -0.1750000000000076772 ) ) ;
#5997 = LINE ( 'NONE', #3687, #1154 ) ;
#5998 = PLANE ( 'NONE',  #5550 ) ;
#5999 = PLANE ( 'NONE',  #3514 ) ;
#6000 = EDGE_CURVE ( 'NONE', #1428, #7971, #4983, .T. ) ;
#6001 = VERTEX_POINT ( 'NONE', #2712 ) ;
#6002 = LINE ( 'NONE', #9034, #7025 ) ;
#6003 = ORIENTED_EDGE ( 'NONE', *, *, #4953, .T. ) ;
#6004 = ORIENTED_EDGE ( 'NONE', *, *, #6227, .F. ) ;
#6005 = DIRECTION ( 'NONE',  ( -0.000000000000000000, -1.000000000000000000, -0.000000000000000000 ) ) ;
#6006 = DIRECTION ( 'NONE',  ( 0.000000000000000000, -0.000000000000000000, 1.000000000000000000 ) ) ;
#6007 =( NAMED_UNIT ( * ) SI_UNIT ( $, .STERADIAN. ) SOLID_ANGLE_UNIT ( ) );
#6008 = CARTESIAN_POINT ( 'NONE',  ( -2.000000000000001332, 0.08999999999999999667, -0.1749999999999784228 ) ) ;
#6009 = VERTEX_POINT ( 'NONE', #4885 ) ;
#6010 = EDGE_LOOP ( 'NONE', ( #8610, #5863, #8796, #2700 ) ) ;
#6011 = ADVANCED_FACE ( 'NONE', ( #8605 ), #3418, .T. ) ;
#6012 = ORIENTED_EDGE ( 'NONE', *, *, #6649, .F. ) ;
#6013 = VERTEX_POINT ( 'NONE', #8003 ) ;
#6014 = EDGE_CURVE ( 'NONE', #651, #3132, #4103, .T. ) ;
#6015 = DIRECTION ( 'NONE',  ( 0.000000000000000000, -1.000000000000000000, 0.000000000000000000 ) ) ;
#6016 = CARTESIAN_POINT ( 'NONE',  ( -1.924999999999999156, 0.1499999999999999667, -0.4749999999999999223 ) ) ;
#6017 = CARTESIAN_POINT ( 'NONE',  ( -1.999999999999999112, 0.1500000000000008271, 0.4750000000000216271 ) ) ;
#6018 = DIRECTION ( 'NONE',  ( 0.000000000000000000, 0.000000000000000000, 1.000000000000000000 ) ) ;
#6019 =( LENGTH_UNIT ( ) NAMED_UNIT ( * ) SI_UNIT ( .MILLI., .METRE. ) );
#6020 = ORIENTED_EDGE ( 'NONE', *, *, #5909, .F. ) ;
#6021 = EDGE_LOOP ( 'NONE', ( #66, #6442, #3744, #265 ) ) ;
#6022 = EDGE_LOOP ( 'NONE', ( #1440, #9110, #73, #1943 ) ) ;
#6023 = EDGE_CURVE ( 'NONE', #230, #3614, #9559, .T. ) ;
#6024 = AXIS2_PLACEMENT_3D ( 'NONE', #207, #6992, #5348 ) ;
#6025 = AXIS2_PLACEMENT_3D ( 'NONE', #4992, #1451, #9044 ) ;
#6026 = LINE ( 'NONE', #6785, #197 ) ;
#6027 = FACE_OUTER_BOUND ( 'NONE', #3651, .T. ) ;
#6028 = DIRECTION ( 'NONE',  ( -1.000000000000000000, -0.000000000000000000, -0.000000000000000000 ) ) ;
#6029 = DIRECTION ( 'NONE',  ( -1.445602896647339706E-15, 0.000000000000000000, -1.000000000000000000 ) ) ;
#6030 = EDGE_CURVE ( 'NONE', #4767, #4990, #7639, .T. ) ;
#6031 = VECTOR ( 'NONE', #2731, 1000.000000000000000 ) ;
#6033 = CARTESIAN_POINT ( 'NONE',  ( -0.4749999999999993117, 0.08999999999999999667, 1.999999999999999556 ) ) ;
#6032 = SURFACE_SIDE_STYLE ('',( #6500 ) ) ;
#6034 = ORIENTED_EDGE ( 'NONE', *, *, #6553, .F. ) ;
#6035 = ORIENTED_EDGE ( 'NONE', *, *, #8269, .F. ) ;
#6036 = DIRECTION ( 'NONE',  ( 0.000000000000000000, 0.000000000000000000, -1.000000000000000000 ) ) ;
#6037 = EDGE_CURVE ( 'NONE', #473, #9184, #7853, .T. ) ;
#6038 = AXIS2_PLACEMENT_3D ( 'NONE', #1624, #4738, #7670 ) ;
#6039 = CIRCLE ( 'NONE', #9381, 0.1000000000000000472 ) ;
#6040 = DIRECTION ( 'NONE',  ( 0.000000000000000000, -1.000000000000000000, 0.000000000000000000 ) ) ;
#6041 = PLANE ( 'NONE',  #6202 ) ;
#6042 = LINE ( 'NONE', #5388, #3471 ) ;
#6043 =( GEOMETRIC_REPRESENTATION_CONTEXT ( 3 ) GLOBAL_UNCERTAINTY_ASSIGNED_CONTEXT ( ( #5774 ) ) GLOBAL_UNIT_ASSIGNED_CONTEXT ( ( #8894, #903, #166 ) ) REPRESENTATION_CONTEXT ( 'NONE', 'WORKASPACE' ) );
#6044 = LINE ( 'NONE', #5300, #7624 ) ;
#6045 = CARTESIAN_POINT ( 'NONE',  ( -1.924999999999994049, 0.08999999999999999667, 0.4750000000000207390 ) ) ;
#6046 = VECTOR ( 'NONE', #1576, 1000.000000000000000 ) ;
#6047 = AXIS2_PLACEMENT_3D ( 'NONE', #6523, #2566, #1261 ) ;
#6048 = LINE ( 'NONE', #110, #5228 ) ;
#6049 = ORIENTED_EDGE ( 'NONE', *, *, #2453, .F. ) ;
#6050 = CARTESIAN_POINT ( 'NONE',  ( -0.8249999999999992895, 0.08999999999999999667, 1.924999999999999600 ) ) ;
#6051 = ORIENTED_EDGE ( 'NONE', *, *, #7707, .F. ) ;
#6052 = ORIENTED_EDGE ( 'NONE', *, *, #2658, .F. ) ;
#6053 = VECTOR ( 'NONE', #4907, 1000.000000000000000 ) ;
#6054 = PLANE ( 'NONE',  #6423 ) ;
#6055 = FACE_OUTER_BOUND ( 'NONE', #2507, .T. ) ;
#6056 = CARTESIAN_POINT ( 'NONE',  ( 1.924999999999999156, 0.6702163011671202764, -0.8249999999999998446 ) ) ;
#6057 = VERTEX_POINT ( 'NONE', #4150 ) ;
#6058 = FILL_AREA_STYLE ('',( #19 ) ) ;
#6059 = ORIENTED_EDGE ( 'NONE', *, *, #5536, .T. ) ;
#6060 = ORIENTED_EDGE ( 'NONE', *, *, #1736, .F. ) ;
#6061 = EDGE_CURVE ( 'NONE', #5240, #4144, #2618, .T. ) ;
#6062 = ORIENTED_EDGE ( 'NONE', *, *, #3922, .T. ) ;
#6063 = EDGE_CURVE ( 'NONE', #7058, #4598, #8705, .T. ) ;
#6064 = LINE ( 'NONE', #9253, #3223 ) ;
#6065 = CARTESIAN_POINT ( 'NONE',  ( -1.649999999999999023, 0.000000000000000000, 0.1750000000000000167 ) ) ;
#6066 = FACE_BOUND ( 'NONE', #9601, .T. ) ;
#6067 = LINE ( 'NONE', #5077, #1971 ) ;
#6068 = VECTOR ( 'NONE', #8934, 1000.000000000000000 ) ;
#6069 = SURFACE_STYLE_FILL_AREA ( #5222 ) ;
#6070 = ORIENTED_EDGE ( 'NONE', *, *, #7734, .F. ) ;
#6071 = ORIENTED_EDGE ( 'NONE', *, *, #5398, .T. ) ;
#6072 = VERTEX_POINT ( 'NONE', #4439 ) ;
#6073 = VECTOR ( 'NONE', #4299, 1000.000000000000000 ) ;
#6074 = LINE ( 'NONE', #5429, #509 ) ;
#6075 = DIRECTION ( 'NONE',  ( 1.577021341797093271E-15, -0.000000000000000000, 1.000000000000000000 ) ) ;
#6076 = CARTESIAN_POINT ( 'NONE',  ( -0.8250000000000006217, 0.08999999999999999667, -1.924999999999999600 ) ) ;
#6077 = FACE_OUTER_BOUND ( 'NONE', #25, .T. ) ;
#6079 = DIRECTION ( 'NONE',  ( -0.000000000000000000, -0.000000000000000000, -1.000000000000000000 ) ) ;
#6078 = CARTESIAN_POINT ( 'NONE',  ( 0.4749999999999993117, 0.08999999999999999667, -1.925000000000000488 ) ) ;
#6080 = ORIENTED_EDGE ( 'NONE', *, *, #7717, .T. ) ;
#6081 = DIRECTION ( 'NONE',  ( 0.000000000000000000, -1.000000000000000000, 0.000000000000000000 ) ) ;
#6082 = ORIENTED_EDGE ( 'NONE', *, *, #4233, .T. ) ;
#6083 = EDGE_CURVE ( 'NONE', #4029, #2211, #2261, .T. ) ;
#6084 = VECTOR ( 'NONE', #7690, 1000.000000000000000 ) ;
#6085 = CARTESIAN_POINT ( 'NONE',  ( 0.1750000000000002387, 0.6702163011671209425, 1.650000000000000577 ) ) ;
#6086 = ADVANCED_FACE ( 'NONE', ( #668 ), #6668, .F. ) ;
#6087 = PRESENTATION_LAYER_ASSIGNMENT (  '', '', ( #4820 ) ) ;
#6088 = CARTESIAN_POINT ( 'NONE',  ( 0.4750000000000001443, 0.1499999999999999944, -1.925000000000000933 ) ) ;
#6089 = VECTOR ( 'NONE', #6127, 1000.000000000000000 ) ;
#6090 = CARTESIAN_POINT ( 'NONE',  ( 1.924999999999999156, 0.6702163011671202764, 0.4750000000000000333 ) ) ;
#6091 = CARTESIAN_POINT ( 'NONE',  ( 1.619058829184427228, 0.08999999999999999667, -1.125000000000006217 ) ) ;
#6092 = LINE ( 'NONE', #790, #9238 ) ;
#6093 = DIRECTION ( 'NONE',  ( -0.000000000000000000, 0.000000000000000000, 1.000000000000000000 ) ) ;
#6094 = ADVANCED_FACE ( 'NONE', ( #1459 ), #7455, .F. ) ;
#6095 = CARTESIAN_POINT ( 'NONE',  ( 1.649999999999999023, 0.000000000000000000, 0.8249999999999999556 ) ) ;
#6096 = ORIENTED_EDGE ( 'NONE', *, *, #8011, .F. ) ;
#6097 = CYLINDRICAL_SURFACE ( 'NONE', #6710, 0.1499999999999999667 ) ;
#6098 = EDGE_CURVE ( 'NONE', #3976, #167, #672, .T. ) ;
#6099 = ORIENTED_EDGE ( 'NONE', *, *, #4336, .T. ) ;
#6100 = CIRCLE ( 'NONE', #1033, 0.1499999999999999667 ) ;
#6101 = VERTEX_POINT ( 'NONE', #8196 ) ;
#6102 = DIRECTION ( 'NONE',  ( -1.000000000000000000, 0.000000000000000000, 1.047444401652940007E-14 ) ) ;
#6103 = CARTESIAN_POINT ( 'NONE',  ( -1.124999999999999334, 0.08999999999999999667, 1.925000000000001377 ) ) ;
#6104 = CARTESIAN_POINT ( 'NONE',  ( -1.649999999999999023, 0.1499999999999999667, -1.125000000000000000 ) ) ;
#6105 = ORIENTED_EDGE ( 'NONE', *, *, #7036, .F. ) ;
#6106 = CARTESIAN_POINT ( 'NONE',  ( 1.199999999999999956, 0.1499999999999999667, 1.100000000000000089 ) ) ;
#6107 = VECTOR ( 'NONE', #2222, 1000.000000000000000 ) ;
#6108 = ORIENTED_EDGE ( 'NONE', *, *, #5170, .F. ) ;
#6109 = VERTEX_POINT ( 'NONE', #2812 ) ;
#6110 = EDGE_LOOP ( 'NONE', ( #1192, #5268, #8593, #6930, #5573, #3529 ) ) ;
#6111 = DIRECTION ( 'NONE',  ( -1.000000000000000000, 0.000000000000000000, 1.445602896647339706E-15 ) ) ;
#6112 = PLANE ( 'NONE',  #6933 ) ;
#6113 = FACE_BOUND ( 'NONE', #5093, .T. ) ;
#6114 = CARTESIAN_POINT ( 'NONE',  ( 1.924999999999999156, 0.1499999999999999667, -0.1749999999999999056 ) ) ;
#6115 = EDGE_CURVE ( 'NONE', #4629, #4799, #5925, .T. ) ;
#6116 = ORIENTED_EDGE ( 'NONE', *, *, #2948, .T. ) ;
#6117 = EDGE_LOOP ( 'NONE', ( #5191, #8237, #7000, #2364, #4023 ) ) ;
#6118 = EDGE_CURVE ( 'NONE', #715, #1646, #5577, .T. ) ;
#6119 = ORIENTED_EDGE ( 'NONE', *, *, #4081, .F. ) ;
#6120 = CARTESIAN_POINT ( 'NONE',  ( -1.649999999999999023, 0.000000000000000000, -0.1750000000000000167 ) ) ;
#6121 = PRESENTATION_LAYER_ASSIGNMENT (  '', '', ( #1532 ) ) ;
#6122 = FACE_OUTER_BOUND ( 'NONE', #9688, .T. ) ;
#6123 = DIRECTION ( 'NONE',  ( -0.000000000000000000, -1.000000000000000000, -0.000000000000000000 ) ) ;
#6124 = PLANE ( 'NONE',  #1178 ) ;
#6125 = LINE ( 'NONE', #9170, #1442 ) ;
#6126 = ORIENTED_EDGE ( 'NONE', *, *, #2644, .T. ) ;
#6127 = DIRECTION ( 'NONE',  ( -0.000000000000000000, -1.000000000000000000, -0.000000000000000000 ) ) ;
#6128 = ORIENTED_EDGE ( 'NONE', *, *, #2813, .F. ) ;
#6129 = ADVANCED_FACE ( 'NONE', ( #4392 ), #1507, .F. ) ;
#6130 = CARTESIAN_POINT ( 'NONE',  ( -0.8250000000000006217, 0.1499999999999999667, -1.619058829184431225 ) ) ;
#6131 = VECTOR ( 'NONE', #2768, 1000.000000000000000 ) ;
#6132 = ADVANCED_FACE ( 'NONE', ( #5171 ), #3711, .F. ) ;
#6133 = AXIS2_PLACEMENT_3D ( 'NONE', #9301, #4041, #1798 ) ;
#6134 = VECTOR ( 'NONE', #7484, 1000.000000000000000 ) ;
#6135 = EDGE_CURVE ( 'NONE', #1377, #2416, #3561, .T. ) ;
#6136 = SURFACE_STYLE_USAGE ( .BOTH. , #299 ) ;
#6138 = FACE_OUTER_BOUND ( 'NONE', #4903, .T. ) ;
#6137 = FACE_OUTER_BOUND ( 'NONE', #9530, .T. ) ;
#6139 = DIRECTION ( 'NONE',  ( -1.000000000000000000, 0.000000000000000000, 0.000000000000000000 ) ) ;
#6140 = DIRECTION ( 'NONE',  ( 0.000000000000000000, -0.000000000000000000, 1.000000000000000000 ) ) ;
#6141 = EDGE_CURVE ( 'NONE', #661, #9496, #1406, .T. ) ;
#6142 = MECHANICAL_DESIGN_GEOMETRIC_PRESENTATION_REPRESENTATION (  '', ( #6312 ), #7410 ) ;
#6143 = CARTESIAN_POINT ( 'NONE',  ( -1.924999999999990941, 0.08999999999999999667, 0.8250000000000208278 ) ) ;
#6144 = EDGE_CURVE ( 'NONE', #1202, #4388, #6214, .T. ) ;
#6145 = AXIS2_PLACEMENT_3D ( 'NONE', #3589, #5802, #9491 ) ;
#6146 = DIRECTION ( 'NONE',  ( -1.000000000000000000, 0.000000000000000000, -3.942553354492742052E-16 ) ) ;
#6147 =( GEOMETRIC_REPRESENTATION_CONTEXT ( 3 ) GLOBAL_UNCERTAINTY_ASSIGNED_CONTEXT ( ( #2616 ) ) GLOBAL_UNIT_ASSIGNED_CONTEXT ( ( #5233, #7519, #6787 ) ) REPRESENTATION_CONTEXT ( 'NONE', 'WORKASPACE' ) );
#6148 = ORIENTED_EDGE ( 'NONE', *, *, #7662, .T. ) ;
#6149 = ADVANCED_FACE ( 'NONE', ( #5822 ), #1360, .T. ) ;
#6150 = FACE_BOUND ( 'NONE', #4766, .T. ) ;
#6151 = ORIENTED_EDGE ( 'NONE', *, *, #2369, .T. ) ;
#6152 = VERTEX_POINT ( 'NONE', #3607 ) ;
#6153 = DIRECTION ( 'NONE',  ( -0.000000000000000000, -1.000000000000000000, -0.000000000000000000 ) ) ;
#6154 = CARTESIAN_POINT ( 'NONE',  ( -1.619058829184429449, 0.1499999999999999667, 0.1750000000000176414 ) ) ;
#6155 = DIRECTION ( 'NONE',  ( -0.000000000000000000, -1.000000000000000000, -0.000000000000000000 ) ) ;
#6156 = DIRECTION ( 'NONE',  ( 0.000000000000000000, 0.000000000000000000, 1.000000000000000000 ) ) ;
#6157 = ADVANCED_FACE ( 'NONE', ( #5969 ), #9004, .T. ) ;
#6158 = ORIENTED_EDGE ( 'NONE', *, *, #5083, .T. ) ;
#6159 = ORIENTED_EDGE ( 'NONE', *, *, #7237, .F. ) ;
#6160 = ORIENTED_EDGE ( 'NONE', *, *, #5945, .T. ) ;
#6161 = VERTEX_POINT ( 'NONE', #3758 ) ;
#6162 = ADVANCED_FACE ( 'NONE', ( #6771 ), #9810, .F. ) ;
#6163 = DIRECTION ( 'NONE',  ( -0.000000000000000000, -0.000000000000000000, -1.000000000000000000 ) ) ;
#6164 = CARTESIAN_POINT ( 'NONE',  ( -1.619058829184422565, 0.08999999999999999667, 0.8250000000000176081 ) ) ;
#6165 = PLANE ( 'NONE',  #5816 ) ;
#6166 = CARTESIAN_POINT ( 'NONE',  ( 0.8250000000000006217, 0.08999999999999999667, 1.924999999999999600 ) ) ;
#6167 = CARTESIAN_POINT ( 'NONE',  ( -1.124999999999999334, 0.000000000000000000, 1.925000000000001377 ) ) ;
#6168 = FILL_AREA_STYLE_COLOUR ( '', #4926 ) ;
#6169 = EDGE_LOOP ( 'NONE', ( #1612, #9033, #5682, #419 ) ) ;
#6170 = ORIENTED_EDGE ( 'NONE', *, *, #8634, .F. ) ;
#6171 = EDGE_LOOP ( 'NONE', ( #143, #3286, #7791, #181 ) ) ;
#6172 = UNCERTAINTY_MEASURE_WITH_UNIT (LENGTH_MEASURE( 1.000000000000000082E-05 ), #5826, 'distance_accuracy_value', 'NONE');
#6173 = CARTESIAN_POINT ( 'NONE',  ( 1.924999999999997158, 0.1499999999999999667, -0.4750000000000073053 ) ) ;
#6174 = CARTESIAN_POINT ( 'NONE',  ( -0.1749999999999993783, 0.6702163011671209425, 1.925000000000000933 ) ) ;
#6175 = DIRECTION ( 'NONE',  ( 0.000000000000000000, -1.000000000000000000, 0.000000000000000000 ) ) ;
#6176 = PLANE ( 'NONE',  #3521 ) ;
#6177 = EDGE_LOOP ( 'NONE', ( #340, #6119, #7762, #2796, #5069, #5141 ) ) ;
#6178 = CARTESIAN_POINT ( 'NONE',  ( -1.619058829184422565, 0.08999999999999999667, 0.8250000000000176081 ) ) ;
#6179 = ORIENTED_EDGE ( 'NONE', *, *, #8121, .T. ) ;
#6180 = DIRECTION ( 'NONE',  ( -0.000000000000000000, -0.000000000000000000, 1.000000000000000000 ) ) ;
#6181 = VECTOR ( 'NONE', #3641, 1000.000000000000000 ) ;
#6182 = VECTOR ( 'NONE', #6180, 1000.000000000000000 ) ;
#6184 = CARTESIAN_POINT ( 'NONE',  ( -1.124999999999999778, 0.000000000000000000, -1.650000000000000577 ) ) ;
#6183 = VECTOR ( 'NONE', #3095, 1000.000000000000000 ) ;
#6185 = LINE ( 'NONE', #2433, #8828 ) ;
#6187 = LINE ( 'NONE', #9227, #7989 ) ;
#6186 = FACE_OUTER_BOUND ( 'NONE', #4131, .T. ) ;
#6188 = CARTESIAN_POINT ( 'NONE',  ( 1.999999999999999112, 0.08999999999999999667, -0.1750000000000076772 ) ) ;
#6189 = ADVANCED_FACE ( 'NONE', ( #2861 ), #171, .T. ) ;
#6190 = DIRECTION ( 'NONE',  ( -1.000000000000000000, 0.000000000000000000, 1.047444401652940007E-14 ) ) ;
#6191 = ADVANCED_FACE ( 'NONE', ( #908 ), #9102, .T. ) ;
#6192 = CARTESIAN_POINT ( 'NONE',  ( 0.4749999999999993117, 0.1499999999999999667, -1.925000000000000266 ) ) ;
#6193 = EDGE_LOOP ( 'NONE', ( #7404, #7984, #2926, #5723 ) ) ;
#6194 = CARTESIAN_POINT ( 'NONE',  ( 0.4749999999999993117, 0.08999999999999999667, -1.999999999999999556 ) ) ;
#6195 = VECTOR ( 'NONE', #8975, 1000.000000000000000 ) ;
#6196 = EDGE_LOOP ( 'NONE', ( #7194, #4929, #2559, #2912, #4412, #8081 ) ) ;
#6197 = VECTOR ( 'NONE', #8774, 1000.000000000000000 ) ;
#6198 = PLANE ( 'NONE',  #2118 ) ;
#6199 = VECTOR ( 'NONE', #6040, 1000.000000000000000 ) ;
#6200 = ORIENTED_EDGE ( 'NONE', *, *, #4752, .T. ) ;
#6201 = DIRECTION ( 'NONE',  ( 0.000000000000000000, -1.000000000000000000, 0.000000000000000000 ) ) ;
#6202 = AXIS2_PLACEMENT_3D ( 'NONE', #8873, #2087, #1335 ) ;
#6203 = LINE ( 'NONE', #9240, #4254 ) ;
#6204 = VECTOR ( 'NONE', #3523, 1000.000000000000000 ) ;
#6205 = DIRECTION ( 'NONE',  ( -0.000000000000000000, -1.000000000000000000, -0.000000000000000000 ) ) ;
#6206 = ORIENTED_EDGE ( 'NONE', *, *, #6144, .F. ) ;
#6207 = CARTESIAN_POINT ( 'NONE',  ( 3.252606517456514781E-16, 0.05000000000000000278, -0.1750000000000006828 ) ) ;
#6208 = VECTOR ( 'NONE', #4557, 1000.000000000000000 ) ;
#6209 = ADVANCED_FACE ( 'NONE', ( #3211 ), #8495, .T. ) ;
#6210 = CLOSED_SHELL ( 'NONE', ( #2689, #5036, #6833, #6979, #4806, #1946 ) ) ;
#6211 = VERTEX_POINT ( 'NONE', #7551 ) ;
#6212 = VERTEX_POINT ( 'NONE', #81 ) ;
#6213 = ORIENTED_EDGE ( 'NONE', *, *, #2148, .T. ) ;
#6214 = CIRCLE ( 'NONE', #6859, 0.1499999999999999667 ) ;
#6215 = EDGE_CURVE ( 'NONE', #4073, #2665, #4126, .T. ) ;
#6216 = CARTESIAN_POINT ( 'NONE',  ( 1.649999999999999023, 0.6702163011671202764, 0.8249999999999999556 ) ) ;
#6217 = DIRECTION ( 'NONE',  ( 0.000000000000000000, 0.000000000000000000, -1.000000000000000000 ) ) ;
#6218 = DIRECTION ( 'NONE',  ( 0.000000000000000000, 1.000000000000000000, 0.000000000000000000 ) ) ;
#6219 = CARTESIAN_POINT ( 'NONE',  ( -1.925000000000004485, 0.08999999999999999667, -0.4749999999999791056 ) ) ;
#6220 = CARTESIAN_POINT ( 'NONE',  ( 0.000000000000000000, 0.000000000000000000, -1.999999999999999556 ) ) ;
#6221 = EDGE_CURVE ( 'NONE', #5924, #7744, #8110, .T. ) ;
#6222 = VECTOR ( 'NONE', #4515, 1000.000000000000000 ) ;
#6223 = DIRECTION ( 'NONE',  ( 0.000000000000000000, 1.000000000000000000, 0.000000000000000000 ) ) ;
#6224 = EDGE_LOOP ( 'NONE', ( #5748, #1793, #1085, #4892 ) ) ;
#6225 = EDGE_LOOP ( 'NONE', ( #2542, #1980, #9351, #9395 ) ) ;
#6226 = ORIENTED_EDGE ( 'NONE', *, *, #8399, .T. ) ;
#6227 = EDGE_CURVE ( 'NONE', #8179, #1352, #9440, .T. ) ;
#6228 = VECTOR ( 'NONE', #6996, 1000.000000000000000 ) ;
#6229 = PLANE ( 'NONE',  #2738 ) ;
#6230 = LINE ( 'NONE', #5430, #824 ) ;
#6231 = CARTESIAN_POINT ( 'NONE',  ( 1.099999999999999867, 3.544112549695427994, -1.099999999999999645 ) ) ;
#6232 = CARTESIAN_POINT ( 'NONE',  ( -0.8249999999999992895, 0.1499999999999999667, 1.925000000000000933 ) ) ;
#6233 = DIRECTION ( 'NONE',  ( -1.577021341797093468E-15, 0.000000000000000000, -1.000000000000000000 ) ) ;
#6234 = ORIENTED_EDGE ( 'NONE', *, *, #6569, .F. ) ;
#6235 = PLANE ( 'NONE',  #5297 ) ;
#6236 = ORIENTED_EDGE ( 'NONE', *, *, #5227, .T. ) ;
#6237 = CARTESIAN_POINT ( 'NONE',  ( -1.124999999999999778, 0.000000000000000000, -1.925000000000000933 ) ) ;
#6238 = VECTOR ( 'NONE', #238, 1000.000000000000000 ) ;
#6239 = FACE_BOUND ( 'NONE', #4235, .T. ) ;
#6240 = SURFACE_STYLE_FILL_AREA ( #9371 ) ;
#6241 = FACE_OUTER_BOUND ( 'NONE', #8745, .T. ) ;
#6242 = DIRECTION ( 'NONE',  ( 0.000000000000000000, -1.000000000000000000, 0.000000000000000000 ) ) ;
#6243 = CARTESIAN_POINT ( 'NONE',  ( 0.1750000000000002387, 0.000000000000000000, -1.925000000000000933 ) ) ;
#6244 = DIRECTION ( 'NONE',  ( 0.000000000000000000, 0.000000000000000000, 1.000000000000000000 ) ) ;
#6245 = EDGE_LOOP ( 'NONE', ( #3957, #2108, #3505, #1652 ) ) ;
#6246 = ORIENTED_EDGE ( 'NONE', *, *, #6513, .F. ) ;
#6247 = LINE ( 'NONE', #8529, #8563 ) ;
#6248 = MECHANICAL_DESIGN_GEOMETRIC_PRESENTATION_REPRESENTATION (  '', ( #2624 ), #8145 ) ;
#6249 = ORIENTED_EDGE ( 'NONE', *, *, #2802, .F. ) ;
#6250 = ADVANCED_FACE ( 'NONE', ( #3858 ), #363, .T. ) ;
#6251 = CARTESIAN_POINT ( 'NONE',  ( 0.1749999999999993783, 0.08999999999999999667, -1.924999999999999600 ) ) ;
#6252 = VECTOR ( 'NONE', #1351, 1000.000000000000000 ) ;
#6253 = VERTEX_POINT ( 'NONE', #4584 ) ;
#6254 = PLANE ( 'NONE',  #3436 ) ;
#6255 = PLANE ( 'NONE',  #2836 ) ;
#6256 = PLANE ( 'NONE',  #8367 ) ;
#6257 = PLANE ( 'NONE',  #2773 ) ;
#6258 = ORIENTED_EDGE ( 'NONE', *, *, #8817, .T. ) ;
#6259 = ADVANCED_FACE ( 'NONE', ( #7652 ), #2306, .F. ) ;
#6260 = ORIENTED_EDGE ( 'NONE', *, *, #493, .T. ) ;
#6261 = ADVANCED_FACE ( 'NONE', ( #6915 ), #7601, .T. ) ;
#6262 = VECTOR ( 'NONE', #5205, 1000.000000000000000 ) ;
#6263 = ORIENTED_EDGE ( 'NONE', *, *, #873, .T. ) ;
#6264 = ORIENTED_EDGE ( 'NONE', *, *, #6712, .T. ) ;
#6265 = CARTESIAN_POINT ( 'NONE',  ( 2.000000000000000888, 0.05000000000000000278, 1.999999999999999112 ) ) ;
#6266 = EDGE_CURVE ( 'NONE', #6152, #1553, #811, .T. ) ;
#6267 = EDGE_CURVE ( 'NONE', #2514, #8048, #6869, .T. ) ;
#6268 = LINE ( 'NONE', #7942, #7721 ) ;
#6269 =( NAMED_UNIT ( * ) PLANE_ANGLE_UNIT ( ) SI_UNIT ( $, .RADIAN. ) );
#6270 = AXIS2_PLACEMENT_3D ( 'NONE', #2929, #8256, #4404 ) ;
#6271 = DIRECTION ( 'NONE',  ( -0.000000000000000000, -1.000000000000000000, -0.000000000000000000 ) ) ;
#6272 = EDGE_CURVE ( 'NONE', #3902, #9555, #6064, .T. ) ;
#6273 = SURFACE_STYLE_USAGE ( .BOTH. , #1705 ) ;
#6274 = ORIENTED_EDGE ( 'NONE', *, *, #8499, .F. ) ;
#6275 = ORIENTED_EDGE ( 'NONE', *, *, #6569, .T. ) ;
#6276 = ORIENTED_EDGE ( 'NONE', *, *, #5694, .F. ) ;
#6277 = CARTESIAN_POINT ( 'NONE',  ( -1.599999999999999201, 1.399999999999999911, -1.600000000000000755 ) ) ;
#6278 = CARTESIAN_POINT ( 'NONE',  ( -1.999999999999997780, 0.08999999999999999667, 0.1750000000000216382 ) ) ;
#6279 = SURFACE_SIDE_STYLE ('',( #4889 ) ) ;
#6280 = EDGE_CURVE ( 'NONE', #4003, #10, #2265, .T. ) ;
#6281 = PLANE ( 'NONE',  #4030 ) ;
#6282 = CARTESIAN_POINT ( 'NONE',  ( -1.925000000000012923, 0.1499999999999999667, -1.124999999999979128 ) ) ;
#6283 = ORIENTED_EDGE ( 'NONE', *, *, #2887, .T. ) ;
#6284 = DIRECTION ( 'NONE',  ( 0.000000000000000000, 1.000000000000000000, 0.000000000000000000 ) ) ;
#6285 = VERTEX_POINT ( 'NONE', #9151 ) ;
#6286 = EDGE_CURVE ( 'NONE', #2967, #537, #4678, .T. ) ;
#6287 = DIRECTION ( 'NONE',  ( 0.000000000000000000, -0.000000000000000000, 1.000000000000000000 ) ) ;
#6288 = VECTOR ( 'NONE', #6453, 1000.000000000000000 ) ;
#6289 = DIRECTION ( 'NONE',  ( 0.000000000000000000, 1.000000000000000000, 0.000000000000000000 ) ) ;
#6290 = DIRECTION ( 'NONE',  ( -0.000000000000000000, -1.000000000000000000, 0.000000000000000000 ) ) ;
#6291 = CARTESIAN_POINT ( 'NONE',  ( -0.1749999999999993783, 0.08999999999999999667, 1.999999999999999556 ) ) ;
#6292 = CARTESIAN_POINT ( 'NONE',  ( 0.9750000000000001998, 0.1499999999999999944, 1.500000000000000888 ) ) ;
#6293 = DIRECTION ( 'NONE',  ( 0.000000000000000000, 0.000000000000000000, -1.000000000000000000 ) ) ;
#6294 = EDGE_LOOP ( 'NONE', ( #7440, #3652, #4956, #9602 ) ) ;
#6295 = ORIENTED_EDGE ( 'NONE', *, *, #6266, .F. ) ;
#6296 = VECTOR ( 'NONE', #6882, 1000.000000000000000 ) ;
#6297 = AXIS2_PLACEMENT_3D ( 'NONE', #4526, #2296, #5262 ) ;
#6298 = CARTESIAN_POINT ( 'NONE',  ( -0.4749999999999997558, 0.1499999999999999944, -1.925000000000000933 ) ) ;
#6299 = EDGE_LOOP ( 'NONE', ( #6275, #3063, #5256, #8051 ) ) ;
#6300 = CARTESIAN_POINT ( 'NONE',  ( -1.649999999999999023, 0.1499999999999999667, 0.8249999999999999556 ) ) ;
#6301 = VECTOR ( 'NONE', #839, 1000.000000000000000 ) ;
#6302 = AXIS2_PLACEMENT_3D ( 'NONE', #384, #1808, #285 ) ;
#6303 = ORIENTED_EDGE ( 'NONE', *, *, #6561, .T. ) ;
#6304 = VECTOR ( 'NONE', #9583, 1000.000000000000000 ) ;
#6305 = CARTESIAN_POINT ( 'NONE',  ( -0.8249999999999997335, 0.000000000000000000, -1.925000000000000933 ) ) ;
#6306 = CARTESIAN_POINT ( 'NONE',  ( -0.4750000000000005884, 0.08999999999999999667, -1.999999999999999556 ) ) ;
#6307 = CARTESIAN_POINT ( 'NONE',  ( 0.1749999999999993783, 0.08999999999999999667, -1.619058829184431225 ) ) ;
#6308 = COLOUR_RGB ( '',0.7921568627450980005, 0.8196078431372548767, 0.9333333333333333481 ) ;
#6309 = EDGE_CURVE ( 'NONE', #5145, #1377, #8395, .T. ) ;
#6310 = VERTEX_POINT ( 'NONE', #4634 ) ;
#6311 = ORIENTED_EDGE ( 'NONE', *, *, #4795, .F. ) ;
#6312 = STYLED_ITEM ( 'NONE', ( #1590 ), #5215 ) ;
#6313 = VERTEX_POINT ( 'NONE', #3160 ) ;
#6314 = EDGE_LOOP ( 'NONE', ( #8480, #9010, #663, #1641 ) ) ;
#6315 = DIRECTION ( 'NONE',  ( -1.000000000000000000, 0.000000000000000000, 0.000000000000000000 ) ) ;
#6316 = CARTESIAN_POINT ( 'NONE',  ( 0.4750000000000001443, 0.6702163011671209425, -1.925000000000000933 ) ) ;
#6317 = FACE_OUTER_BOUND ( 'NONE', #1956, .T. ) ;
#6318 = EDGE_CURVE ( 'NONE', #5956, #5117, #9202, .T. ) ;
#6319 = CYLINDRICAL_SURFACE ( 'NONE', #5451, 0.1499999999999999667 ) ;
#6320 = EDGE_CURVE ( 'NONE', #176, #2266, #5055, .T. ) ;
#6321 = DIRECTION ( 'NONE',  ( 0.000000000000000000, 0.000000000000000000, -1.000000000000000000 ) ) ;
#6322 = ORIENTED_EDGE ( 'NONE', *, *, #4852, .F. ) ;
#6323 = ORIENTED_EDGE ( 'NONE', *, *, #3243, .F. ) ;
#6324 = ADVANCED_FACE ( 'NONE', ( #1288 ), #7241, .F. ) ;
#6325 = VERTEX_POINT ( 'NONE', #8930 ) ;
#6326 = DIRECTION ( 'NONE',  ( 0.000000000000000000, 0.000000000000000000, 1.000000000000000000 ) ) ;
#6327 = CARTESIAN_POINT ( 'NONE',  ( 1.124999999999998890, 0.08999999999999999667, -1.925000000000001377 ) ) ;
#6328 = CARTESIAN_POINT ( 'NONE',  ( 0.3250000000000001776, 0.1499999999999999944, 1.650000000000000799 ) ) ;
#6329 = LINE ( 'NONE', #8463, #7777 ) ;
#6330 = ORIENTED_EDGE ( 'NONE', *, *, #7428, .T. ) ;
#6331 = EDGE_LOOP ( 'NONE', ( #3484, #1745, #4454, #120, #6445 ) ) ;
#6332 = CARTESIAN_POINT ( 'NONE',  ( 1.619058829184434112, 0.08999999999999999667, 0.8249999999999937383 ) ) ;
#6333 = EDGE_CURVE ( 'NONE', #5793, #4029, #8833, .T. ) ;
#6334 = ADVANCED_FACE ( 'NONE', ( #410 ), #3490, .T. ) ;
#6335 = ADVANCED_FACE ( 'NONE', ( #8075 ), #4323, .T. ) ;
#6336 = CARTESIAN_POINT ( 'NONE',  ( -0.8249999999999997335, 0.000000000000000000, 1.650000000000000577 ) ) ;
#6337 = LINE ( 'NONE', #396, #2897 ) ;
#6338 = CARTESIAN_POINT ( 'NONE',  ( 1.649999999999999023, 0.05000000000000002359, 0.8249999999999999556 ) ) ;
#6339 = FACE_OUTER_BOUND ( 'NONE', #1878, .T. ) ;
#6340 = LINE ( 'NONE', #1824, #4293 ) ;
#6341 = EDGE_LOOP ( 'NONE', ( #3470, #4329, #2592, #5472 ) ) ;
#6342 = ORIENTED_EDGE ( 'NONE', *, *, #3956, .F. ) ;
#6343 = EDGE_CURVE ( 'NONE', #4476, #3254, #6547, .T. ) ;
#6344 = FACE_OUTER_BOUND ( 'NONE', #9160, .T. ) ;
#6345 = AXIS2_PLACEMENT_3D ( 'NONE', #6332, #1022, #5483 ) ;
#6346 = VERTEX_POINT ( 'NONE', #9582 ) ;
#6347 = DIRECTION ( 'NONE',  ( 0.000000000000000000, 1.000000000000000000, 0.000000000000000000 ) ) ;
#6348 = AXIS2_PLACEMENT_3D ( 'NONE', #8328, #7581, #6753 ) ;
#6349 = ORIENTED_EDGE ( 'NONE', *, *, #3874, .T. ) ;
#6350 = CARTESIAN_POINT ( 'NONE',  ( -1.599999999999999201, 1.500000000000000000, -1.766666666666667496 ) ) ;
#6351 = CARTESIAN_POINT ( 'NONE',  ( 0.8250000000000001776, 0.6702163011671209425, -1.925000000000000933 ) ) ;
#6352 = VECTOR ( 'NONE', #5059, 1000.000000000000000 ) ;
#6353 = DIRECTION ( 'NONE',  ( 1.000000000000000000, -0.000000000000000000, 3.942553354492742545E-16 ) ) ;
#6354 = DIRECTION ( 'NONE',  ( 1.807003620809174385E-16, 0.000000000000000000, -1.000000000000000000 ) ) ;
#6355 = CARTESIAN_POINT ( 'NONE',  ( -0.4749999999999997558, 0.1499999999999999667, -1.925000000000000933 ) ) ;
#6356 = CIRCLE ( 'NONE', #4305, 0.1499999999999999667 ) ;
#6357 = ORIENTED_EDGE ( 'NONE', *, *, #20, .F. ) ;
#6358 = ORIENTED_EDGE ( 'NONE', *, *, #5413, .F. ) ;
#6359 = VECTOR ( 'NONE', #4640, 1000.000000000000000 ) ;
#6360 = EDGE_LOOP ( 'NONE', ( #2860, #665, #4534, #3202, #8923, #3004, #6200, #2527 ) ) ;
#6361 = ORIENTED_EDGE ( 'NONE', *, *, #3415, .F. ) ;
#6362 = AXIS2_PLACEMENT_3D ( 'NONE', #2332, #5950, #107 ) ;
#6363 = DIRECTION ( 'NONE',  ( -2.168404344971007685E-15, 0.000000000000000000, -1.000000000000000000 ) ) ;
#6364 = DIRECTION ( 'NONE',  ( -0.000000000000000000, -1.000000000000000000, -0.000000000000000000 ) ) ;
#6365 = PLANE ( 'NONE',  #9811 ) ;
#6366 = DIRECTION ( 'NONE',  ( 0.000000000000000000, 1.000000000000000000, 0.000000000000000000 ) ) ;
#6367 = CLOSED_SHELL ( 'NONE', ( #1536, #1359, #2384, #3267, #3790, #1972 ) ) ;
#6368 = CARTESIAN_POINT ( 'NONE',  ( -0.1749999999999998224, 0.6702163011671209425, -1.925000000000000933 ) ) ;
#6369 = VERTEX_POINT ( 'NONE', #498 ) ;
#6370 = VECTOR ( 'NONE', #2475, 1000.000000000000000 ) ;
#6371 = AXIS2_PLACEMENT_3D ( 'NONE', #5685, #4843, #4995 ) ;
#6372 = VERTEX_POINT ( 'NONE', #2792 ) ;
#6373 = VERTEX_POINT ( 'NONE', #1992 ) ;
#6374 = UNCERTAINTY_MEASURE_WITH_UNIT (LENGTH_MEASURE( 1.000000000000000082E-05 ), #3163, 'distance_accuracy_value', 'NONE');
#6375 = EDGE_CURVE ( 'NONE', #8214, #526, #8755, .T. ) ;
#6376 = CARTESIAN_POINT ( 'NONE',  ( 0.1750000000000006828, 0.1499999999999999667, 1.619058829184431225 ) ) ;
#6377 = DIRECTION ( 'NONE',  ( 0.000000000000000000, -1.000000000000000000, -0.000000000000000000 ) ) ;
#6378 = VECTOR ( 'NONE', #2462, 1000.000000000000000 ) ;
#6379 = DIRECTION ( 'NONE',  ( -1.000000000000000000, 0.000000000000000000, -0.000000000000000000 ) ) ;
#6380 = SURFACE_STYLE_USAGE ( .BOTH. , #3225 ) ;
#6381 = DIRECTION ( 'NONE',  ( 0.000000000000000000, 0.000000000000000000, -1.000000000000000000 ) ) ;
#6382 = CYLINDRICAL_SURFACE ( 'NONE', #8888, 0.1000000000000000472 ) ;
#6383 = ORIENTED_EDGE ( 'NONE', *, *, #5574, .T. ) ;
#6384 = DIRECTION ( 'NONE',  ( 1.000000000000000000, 0.000000000000000000, -1.047444401652940007E-14 ) ) ;
#6385 = ORIENTED_EDGE ( 'NONE', *, *, #378, .F. ) ;
#6386 = DIRECTION ( 'NONE',  ( 1.000000000000000000, 0.000000000000000000, -0.000000000000000000 ) ) ;
#6387 = VECTOR ( 'NONE', #7324, 1000.000000000000000 ) ;
#6388 = FACE_OUTER_BOUND ( 'NONE', #5941, .T. ) ;
#6389 = CYLINDRICAL_SURFACE ( 'NONE', #6527, 0.1499999999999999667 ) ;
#6390 = CARTESIAN_POINT ( 'NONE',  ( 0.1750000000000006828, 0.08999999999999999667, 1.999999999999999556 ) ) ;
#6391 = CARTESIAN_POINT ( 'NONE',  ( -0.9749999999999997558, 0.1499999999999999944, -1.650000000000000799 ) ) ;
#6392 = EDGE_CURVE ( 'NONE', #6057, #3311, #3391, .T. ) ;
#6393 = FACE_OUTER_BOUND ( 'NONE', #7975, .T. ) ;
#6394 = VERTEX_POINT ( 'NONE', #3444 ) ;
#6395 = ORIENTED_EDGE ( 'NONE', *, *, #6946, .F. ) ;
#6396 = ADVANCED_FACE ( 'NONE', ( #1937 ), #5752, .T. ) ;
#6397 = AXIS2_PLACEMENT_3D ( 'NONE', #2548, #7245, #5013 ) ;
#6398 = CARTESIAN_POINT ( 'NONE',  ( 0.8250000000000006217, 0.08999999999999999667, 1.619058829184431225 ) ) ;
#6399 = ORIENTED_EDGE ( 'NONE', *, *, #7408, .T. ) ;
#6400 = EDGE_LOOP ( 'NONE', ( #2200, #8144, #3061, #5856 ) ) ;
#6401 = AXIS2_PLACEMENT_3D ( 'NONE', #9762, #1363, #3611 ) ;
#6402 = FACE_OUTER_BOUND ( 'NONE', #3460, .T. ) ;
#6403 = LINE ( 'NONE', #1145, #2308 ) ;
#6404 = DIRECTION ( 'NONE',  ( -0.000000000000000000, -0.000000000000000000, -1.000000000000000000 ) ) ;
#6405 = CARTESIAN_POINT ( 'NONE',  ( -1.124999999999999334, 0.08999999999999999667, 1.619058829184431225 ) ) ;
#6406 = SURFACE_STYLE_USAGE ( .BOTH. , #7788 ) ;
#6407 = EDGE_CURVE ( 'NONE', #7504, #4292, #590, .T. ) ;
#6408 = LINE ( 'NONE', #9536, #7805 ) ;
#6409 = ORIENTED_EDGE ( 'NONE', *, *, #2160, .F. ) ;
#6410 = ADVANCED_FACE ( 'NONE', ( #1196 ), #3638, .T. ) ;
#6411 = EDGE_LOOP ( 'NONE', ( #7783, #8558, #7586, #5156 ) ) ;
#6412 = AXIS2_PLACEMENT_3D ( 'NONE', #2411, #2360, #6964 ) ;
#6413 = ORIENTED_EDGE ( 'NONE', *, *, #6443, .F. ) ;
#6414 = VERTEX_POINT ( 'NONE', #2046 ) ;
#6415 = VECTOR ( 'NONE', #6935, 1000.000000000000000 ) ;
#6416 = DIRECTION ( 'NONE',  ( 0.000000000000000000, 1.000000000000000000, 0.000000000000000000 ) ) ;
#6417 = DIRECTION ( 'NONE',  ( -1.000000000000000000, 0.000000000000000000, 0.000000000000000000 ) ) ;
#6418 = CARTESIAN_POINT ( 'NONE',  ( -0.4749999999999997558, 0.1499999999999999944, 1.650000000000000577 ) ) ;
#6419 = CARTESIAN_POINT ( 'NONE',  ( 1.924999999999999156, 0.1499999999999999667, -0.8249999999999998446 ) ) ;
#6420 = ORIENTED_EDGE ( 'NONE', *, *, #936, .T. ) ;
#6421 = ORIENTED_EDGE ( 'NONE', *, *, #6318, .F. ) ;
#6422 = ORIENTED_EDGE ( 'NONE', *, *, #9188, .F. ) ;
#6423 = AXIS2_PLACEMENT_3D ( 'NONE', #4573, #9092, #116 ) ;
#6424 = DIRECTION ( 'NONE',  ( 1.000000000000000000, 0.000000000000000000, -3.942553354492742545E-16 ) ) ;
#6425 = CARTESIAN_POINT ( 'NONE',  ( 1.649999999999999023, 0.6702163011671202764, 0.1750000000000000167 ) ) ;
#6426 = FACE_OUTER_BOUND ( 'NONE', #115, .T. ) ;
#6427 = PLANE ( 'NONE',  #9268 ) ;
#6428 = DIRECTION ( 'NONE',  ( 4.937084235490472864E-15, 0.000000000000000000, 1.000000000000000000 ) ) ;
#6429 = DIRECTION ( 'NONE',  ( 0.000000000000000000, 1.000000000000000000, 0.000000000000000000 ) ) ;
#6430 = ORIENTED_EDGE ( 'NONE', *, *, #2461, .T. ) ;
#6431 = ORIENTED_EDGE ( 'NONE', *, *, #2098, .F. ) ;
#6432 = EDGE_CURVE ( 'NONE', #3264, #2514, #6647, .T. ) ;
#6433 = CIRCLE ( 'NONE', #9129, 0.1499999999999999667 ) ;
#6434 = CARTESIAN_POINT ( 'NONE',  ( -0.9749999999999997558, 0.1499999999999999944, -1.650000000000000799 ) ) ;
#6435 = PLANE ( 'NONE',  #3396 ) ;
#6436 = CARTESIAN_POINT ( 'NONE',  ( -0.4749999999999993117, 0.08999999999999999667, 1.999999999999999556 ) ) ;
#6437 = CARTESIAN_POINT ( 'NONE',  ( -1.124999999999998890, 0.08999999999999999667, 1.925000000000001377 ) ) ;
#6438 = LINE ( 'NONE', #4897, #4409 ) ;
#6439 = CARTESIAN_POINT ( 'NONE',  ( -1.924999999999989608, 0.1499999999999999667, 0.8250000000000208278 ) ) ;
#6440 = PLANE ( 'NONE',  #5235 ) ;
#6441 = ORIENTED_EDGE ( 'NONE', *, *, #7645, .F. ) ;
#6442 = ORIENTED_EDGE ( 'NONE', *, *, #6517, .T. ) ;
#6443 = EDGE_CURVE ( 'NONE', #9231, #9353, #7979, .T. ) ;
#6444 = CARTESIAN_POINT ( 'NONE',  ( 1.125000000000000222, 0.6702163011671209425, -1.650000000000000577 ) ) ;
#6445 = ORIENTED_EDGE ( 'NONE', *, *, #8000, .F. ) ;
#6446 = EDGE_CURVE ( 'NONE', #1368, #3173, #2893, .T. ) ;
#6447 = EDGE_CURVE ( 'NONE', #5462, #7971, #7796, .T. ) ;
#6448 = ORIENTED_EDGE ( 'NONE', *, *, #5484, .T. ) ;
#6449 = CARTESIAN_POINT ( 'NONE',  ( -1.924999999999989830, 0.1499999999999999667, 0.8250000000000212719 ) ) ;
#6450 = CARTESIAN_POINT ( 'NONE',  ( -1.924999999999997824, 0.08999999999999999667, 0.1750000000000208333 ) ) ;
#6451 = CARTESIAN_POINT ( 'NONE',  ( 0.1750000000000006828, 0.1499999999999999667, 1.925000000000001377 ) ) ;
#6452 = CARTESIAN_POINT ( 'NONE',  ( -1.924999999999999156, 0.09000000000000002442, 0.8249999999999999556 ) ) ;
#6453 = DIRECTION ( 'NONE',  ( 0.000000000000000000, -1.000000000000000000, 0.000000000000000000 ) ) ;
#6454 = CARTESIAN_POINT ( 'NONE',  ( -1.924999999999999156, 0.1499999999999999667, -1.125000000000000000 ) ) ;
#6455 = ORIENTED_EDGE ( 'NONE', *, *, #8549, .T. ) ;
#6456 = ADVANCED_FACE ( 'NONE', ( #5698 ), #4465, .T. ) ;
#6457 = ORIENTED_EDGE ( 'NONE', *, *, #648, .F. ) ;
#6458 = ORIENTED_EDGE ( 'NONE', *, *, #8932, .T. ) ;
#6459 = AXIS2_PLACEMENT_3D ( 'NONE', #9462, #962, #7955 ) ;
#6460 = ORIENTED_EDGE ( 'NONE', *, *, #146, .F. ) ;
#6461 = VECTOR ( 'NONE', #4823, 1000.000000000000000 ) ;
#6462 = EDGE_CURVE ( 'NONE', #4417, #8203, #3885, .T. ) ;
#6463 = DIRECTION ( 'NONE',  ( 0.000000000000000000, 0.000000000000000000, 1.000000000000000000 ) ) ;
#6464 = VECTOR ( 'NONE', #4419, 1000.000000000000000 ) ;
#6465 = EDGE_CURVE ( 'NONE', #9765, #3302, #3708, .T. ) ;
#6466 = LINE ( 'NONE', #224, #4868 ) ;
#6467 = CARTESIAN_POINT ( 'NONE',  ( -1.649999999999999023, 0.6702163011671202764, -0.4749999999999999223 ) ) ;
#6468 = VECTOR ( 'NONE', #6809, 1000.000000000000000 ) ;
#6469 = DIRECTION ( 'NONE',  ( 3.491481338843133355E-15, 0.000000000000000000, 1.000000000000000000 ) ) ;
#6470 = EDGE_CURVE ( 'NONE', #9207, #7646, #6092, .T. ) ;
#6471 = ORIENTED_EDGE ( 'NONE', *, *, #3788, .F. ) ;
#6472 = ORIENTED_EDGE ( 'NONE', *, *, #1024, .F. ) ;
#6473 = UNCERTAINTY_MEASURE_WITH_UNIT (LENGTH_MEASURE( 1.000000000000000082E-05 ), #4501, 'distance_accuracy_value', 'NONE');
#6474 = ORIENTED_EDGE ( 'NONE', *, *, #3190, .T. ) ;
#6475 = DIRECTION ( 'NONE',  ( 0.000000000000000000, 0.000000000000000000, -1.000000000000000000 ) ) ;
#6476 = DIRECTION ( 'NONE',  ( 0.000000000000000000, 1.000000000000000000, 0.000000000000000000 ) ) ;
#6477 = LINE ( 'NONE', #8762, #3935 ) ;
#6478 = DIRECTION ( 'NONE',  ( 0.000000000000000000, -0.000000000000000000, 1.000000000000000000 ) ) ;
#6479 = LINE ( 'NONE', #386, #76 ) ;
#6480 = CARTESIAN_POINT ( 'NONE',  ( 1.125000000000000222, 0.04999999999999999584, 1.650000000000000577 ) ) ;
#6481 = FILL_AREA_STYLE_COLOUR ( '', #1757 ) ;
#6482 = ORIENTED_EDGE ( 'NONE', *, *, #6766, .F. ) ;
#6483 = PLANE ( 'NONE',  #842 ) ;
#6484 = LINE ( 'NONE', #1228, #5018 ) ;
#6485 = CARTESIAN_POINT ( 'NONE',  ( 1.649999999999999023, 0.1499999999999999667, -0.9749999999999999778 ) ) ;
#6486 = CARTESIAN_POINT ( 'NONE',  ( 0.4750000000000005884, 0.6702163011671209425, 1.925000000000000933 ) ) ;
#6487 = DIRECTION ( 'NONE',  ( -1.577021341797095637E-15, 0.000000000000000000, -1.000000000000000000 ) ) ;
#6488 = DIRECTION ( 'NONE',  ( -0.000000000000000000, -1.000000000000000000, -0.000000000000000000 ) ) ;
#6489 = ORIENTED_EDGE ( 'NONE', *, *, #792, .F. ) ;
#6490 = ORIENTED_EDGE ( 'NONE', *, *, #1425, .F. ) ;
#6491 = CARTESIAN_POINT ( 'NONE',  ( 1.999999999999996669, 0.08999999999999999667, -0.8250000000000076161 ) ) ;
#6492 = ORIENTED_EDGE ( 'NONE', *, *, #3967, .T. ) ;
#6493 = EDGE_CURVE ( 'NONE', #3742, #8671, #5997, .T. ) ;
#6494 = EDGE_CURVE ( 'NONE', #2772, #453, #676, .T. ) ;
#6495 = ORIENTED_EDGE ( 'NONE', *, *, #7181, .T. ) ;
#6496 = LINE ( 'NONE', #1041, #3993 ) ;
#6497 = FACE_OUTER_BOUND ( 'NONE', #221, .T. ) ;
#6498 = DIRECTION ( 'NONE',  ( 1.000000000000000000, 0.000000000000000000, -1.445602896647339706E-15 ) ) ;
#6499 = FACE_OUTER_BOUND ( 'NONE', #6314, .T. ) ;
#6500 = SURFACE_STYLE_FILL_AREA ( #1420 ) ;
#6501 = LINE ( 'NONE', #3296, #4340 ) ;
#6502 = EDGE_LOOP ( 'NONE', ( #6116, #2289 ) ) ;
#6503 = ORIENTED_EDGE ( 'NONE', *, *, #8940, .F. ) ;
#6504 = EDGE_LOOP ( 'NONE', ( #6062, #4130, #4133, #4942 ) ) ;
#6505 = EDGE_CURVE ( 'NONE', #3584, #4630, #4420, .T. ) ;
#6506 = ORIENTED_EDGE ( 'NONE', *, *, #3335, .F. ) ;
#6507 = VECTOR ( 'NONE', #1341, 1000.000000000000000 ) ;
#6508 = DIRECTION ( 'NONE',  ( 0.000000000000000000, -1.000000000000000000, 0.000000000000000000 ) ) ;
#6509 = ADVANCED_BREP_SHAPE_REPRESENTATION ( 'ADXL335', ( #1968, #2002, #8551, #8703, #1893, #2020, #8736, #8537, #5332, #8369, #8386, #5167, #5122, #5432, #1949, #5270, #2123, #1866, #8652, #1845, #8616, #2136, #8503, #5762, #8716, #5378, #8419, #5288, #1986, #2041, #5215, #5139, #5236, #8935, #2173, #6025 ), #4759 ) ;
#6510 = CARTESIAN_POINT ( 'NONE',  ( -0.4750000000000005884, 0.08999999999999999667, -1.924999999999998934 ) ) ;
#6511 = CARTESIAN_POINT ( 'NONE',  ( 1.925000000000003819, 0.6702163011671209425, 0.8249999999999926281 ) ) ;
#6512 = CARTESIAN_POINT ( 'NONE',  ( -0.4749999999999997558, 0.6702163011671209425, -1.650000000000000577 ) ) ;
#6513 = EDGE_CURVE ( 'NONE', #2645, #3414, #5422, .T. ) ;
#6514 = FACE_OUTER_BOUND ( 'NONE', #6707, .T. ) ;
#6515 = PRESENTATION_LAYER_ASSIGNMENT (  '', '', ( #3520 ) ) ;
#6516 = ORIENTED_EDGE ( 'NONE', *, *, #2813, .T. ) ;
#6517 = EDGE_CURVE ( 'NONE', #9397, #4476, #9030, .T. ) ;
#6518 = VECTOR ( 'NONE', #5037, 1000.000000000000000 ) ;
#6519 = ORIENTED_EDGE ( 'NONE', *, *, #2881, .T. ) ;
#6520 = CIRCLE ( 'NONE', #819, 0.1499999999999999667 ) ;
#6521 = ORIENTED_EDGE ( 'NONE', *, *, #687, .T. ) ;
#6522 = VECTOR ( 'NONE', #3830, 1000.000000000000000 ) ;
#6523 = CARTESIAN_POINT ( 'NONE',  ( -0.9749999999999997558, 0.1499999999999999944, -1.650000000000000799 ) ) ;
#6524 =( NAMED_UNIT ( * ) PLANE_ANGLE_UNIT ( ) SI_UNIT ( $, .RADIAN. ) );
#6525 = LINE ( 'NONE', #8005, #3782 ) ;
#6526 = CARTESIAN_POINT ( 'NONE',  ( -1.649999999999999023, 0.6702163011671202764, 0.8249999999999999556 ) ) ;
#6527 = AXIS2_PLACEMENT_3D ( 'NONE', #4844, #3430, #1182 ) ;
#6528 = CARTESIAN_POINT ( 'NONE',  ( 1.649999999999999023, 0.000000000000000000, -0.8249999999999999556 ) ) ;
#6529 = AXIS2_PLACEMENT_3D ( 'NONE', #1216, #1855, #474 ) ;
#6530 =( LENGTH_UNIT ( ) NAMED_UNIT ( * ) SI_UNIT ( .MILLI., .METRE. ) );
#6531 = EDGE_LOOP ( 'NONE', ( #4914, #9827, #2033, #803 ) ) ;
#6532 = EDGE_CURVE ( 'NONE', #4630, #685, #741, .T. ) ;
#6533 = AXIS2_PLACEMENT_3D ( 'NONE', #4536, #6015, #614 ) ;
#6534 = DIRECTION ( 'NONE',  ( 1.000000000000000000, 0.000000000000000000, 0.000000000000000000 ) ) ;
#6535 = DIRECTION ( 'NONE',  ( 1.000000000000000000, -0.000000000000000000, 0.000000000000000000 ) ) ;
#6536 = CARTESIAN_POINT ( 'NONE',  ( 0.3250000000000001776, 0.1499999999999999944, 1.650000000000000799 ) ) ;
#6537 = CARTESIAN_POINT ( 'NONE',  ( -1.100000000000000089, 0.1499999999999999667, -1.200000000000000178 ) ) ;
#6538 = FACE_OUTER_BOUND ( 'NONE', #1912, .T. ) ;
#6539 = DIRECTION ( 'NONE',  ( 0.000000000000000000, -1.000000000000000000, 0.000000000000000000 ) ) ;
#6540 = VERTEX_POINT ( 'NONE', #3038 ) ;
#6541 = ORIENTED_EDGE ( 'NONE', *, *, #8698, .F. ) ;
#6542 = CARTESIAN_POINT ( 'NONE',  ( 0.3250000000000001776, 0.1499999999999999944, -1.650000000000000799 ) ) ;
#6543 = ORIENTED_EDGE ( 'NONE', *, *, #8394, .F. ) ;
#6544 = LINE ( 'NONE', #9488, #501 ) ;
#6545 = AXIS2_PLACEMENT_3D ( 'NONE', #598, #3045, #6708 ) ;
#6546 = CARTESIAN_POINT ( 'NONE',  ( 1.999999999999996669, 0.1499999999999999667, -0.8250000000000076161 ) ) ;
#6547 = LINE ( 'NONE', #7284, #836 ) ;
#6548 = VECTOR ( 'NONE', #72, 1000.000000000000000 ) ;
#6549 = EDGE_CURVE ( 'NONE', #9335, #4532, #2284, .T. ) ;
#6550 = DIRECTION ( 'NONE',  ( 0.000000000000000000, 0.000000000000000000, -1.000000000000000000 ) ) ;
#6551 = CARTESIAN_POINT ( 'NONE',  ( 1.125000000000000666, 0.08999999999999999667, 1.924999999999999600 ) ) ;
#6552 = CARTESIAN_POINT ( 'NONE',  ( 0.8250000000000006217, 0.08999999999999999667, 1.619058829184431225 ) ) ;
#6553 = EDGE_CURVE ( 'NONE', #9272, #6414, #6044, .T. ) ;
#6554 = ORIENTED_EDGE ( 'NONE', *, *, #8634, .T. ) ;
#6555 = LINE ( 'NONE', #9588, #1300 ) ;
#6556 = ORIENTED_EDGE ( 'NONE', *, *, #2961, .T. ) ;
#6557 = AXIS2_PLACEMENT_3D ( 'NONE', #9713, #7554, #1319 ) ;
#6558 = CARTESIAN_POINT ( 'NONE',  ( -1.999999999999999112, 1.499999999999999556, 1.999999999999999556 ) ) ;
#6559 = DIRECTION ( 'NONE',  ( -1.000000000000000000, -0.000000000000000000, -0.000000000000000000 ) ) ;
#6560 = CARTESIAN_POINT ( 'NONE',  ( 0.4749999999999975353, 0.05000000000000000278, 1.301042606982607687E-15 ) ) ;
#6561 = EDGE_CURVE ( 'NONE', #5865, #6072, #9734, .T. ) ;
#6562 = DIRECTION ( 'NONE',  ( 0.000000000000000000, -0.000000000000000000, 1.000000000000000000 ) ) ;
#6563 = AXIS2_PLACEMENT_3D ( 'NONE', #8849, #7499, #5860 ) ;
#6564 = CARTESIAN_POINT ( 'NONE',  ( 1.924999999999997824, 0.08999999999999999667, -0.4750000000000073053 ) ) ;
#6565 = EDGE_CURVE ( 'NONE', #4384, #3559, #7461, .T. ) ;
#6566 = VERTEX_POINT ( 'NONE', #3833 ) ;
#6567 = COLOUR_RGB ( '',0.7921568627450980005, 0.8196078431372548767, 0.9333333333333333481 ) ;
#6568 = ORIENTED_EDGE ( 'NONE', *, *, #6375, .F. ) ;
#6569 = EDGE_CURVE ( 'NONE', #2762, #9107, #6850, .T. ) ;
#6570 = VECTOR ( 'NONE', #500, 1000.000000000000000 ) ;
#6571 = EDGE_LOOP ( 'NONE', ( #587, #8980, #7810, #6978 ) ) ;
#6572 = ADVANCED_FACE ( 'NONE', ( #2947 ), #5251, .T. ) ;
#6573 = CARTESIAN_POINT ( 'NONE',  ( 2.000000000000001332, 0.1499999999999999667, 0.4749999999999923173 ) ) ;
#6574 = ADVANCED_FACE ( 'NONE', ( #4561 ), #4607, .F. ) ;
#6575 = CARTESIAN_POINT ( 'NONE',  ( 0.4749999999999993117, 0.1499999999999999667, -1.999999999999999556 ) ) ;
#6576 = LINE ( 'NONE', #7857, #4976 ) ;
#6577 = VECTOR ( 'NONE', #8149, 1000.000000000000000 ) ;
#6578 = DIRECTION ( 'NONE',  ( 0.000000000000000000, 1.000000000000000000, 0.000000000000000000 ) ) ;
#6579 = DIRECTION ( 'NONE',  ( 1.000000000000000000, 0.000000000000000000, 0.000000000000000000 ) ) ;
#6580 = ORIENTED_EDGE ( 'NONE', *, *, #5056, .F. ) ;
#6581 = VECTOR ( 'NONE', #2545, 1000.000000000000000 ) ;
#6582 = EDGE_CURVE ( 'NONE', #7938, #3817, #7151, .T. ) ;
#6583 = DIRECTION ( 'NONE',  ( 0.000000000000000000, -1.000000000000000000, 0.000000000000000000 ) ) ;
#6584 = CARTESIAN_POINT ( 'NONE',  ( -1.199999999999999956, 0.1499999999999999667, 1.099999999999999423 ) ) ;
#6585 = LINE ( 'NONE', #2224, #8417 ) ;
#6586 = DIRECTION ( 'NONE',  ( -0.000000000000000000, -1.000000000000000000, -0.000000000000000000 ) ) ;
#6587 = CARTESIAN_POINT ( 'NONE',  ( -1.649999999999999023, 0.1499999999999999667, -0.9749999999999999778 ) ) ;
#6588 = EDGE_CURVE ( 'NONE', #5446, #8179, #8221, .T. ) ;
#6589 = DIRECTION ( 'NONE',  ( 1.000000000000000000, 0.000000000000000000, -1.047444401652940007E-14 ) ) ;
#6590 = ORIENTED_EDGE ( 'NONE', *, *, #4373, .T. ) ;
#6591 = ORIENTED_EDGE ( 'NONE', *, *, #3168, .T. ) ;
#6592 = VECTOR ( 'NONE', #9015, 1000.000000000000000 ) ;
#6593 = CARTESIAN_POINT ( 'NONE',  ( -1.999999999999990896, 0.08999999999999999667, 0.8250000000000216049 ) ) ;
#6594 = ORIENTED_EDGE ( 'NONE', *, *, #671, .T. ) ;
#6595 = DIRECTION ( 'NONE',  ( 0.000000000000000000, -1.000000000000000000, 0.000000000000000000 ) ) ;
#6596 = LINE ( 'NONE', #8026, #2966 ) ;
#6597 = CARTESIAN_POINT ( 'NONE',  ( 1.925000000000002265, 0.08999999999999999667, 0.4749999999999921507 ) ) ;
#6598 = DIRECTION ( 'NONE',  ( 1.000000000000000000, 0.000000000000000000, 0.000000000000000000 ) ) ;
#6599 = DIRECTION ( 'NONE',  ( 1.000000000000000000, 0.000000000000000000, -1.047444401652940007E-14 ) ) ;
#6600 = LINE ( 'NONE', #9633, #6981 ) ;
#6601 = EDGE_LOOP ( 'NONE', ( #3558, #3945, #5267, #3568 ) ) ;
#6602 = FACE_OUTER_BOUND ( 'NONE', #3219, .T. ) ;
#6603 = VERTEX_POINT ( 'NONE', #3236 ) ;
#6604 = VECTOR ( 'NONE', #1836, 1000.000000000000000 ) ;
#6605 = ORIENTED_EDGE ( 'NONE', *, *, #1898, .T. ) ;
#6606 = CARTESIAN_POINT ( 'NONE',  ( 0.1750000000000002387, 0.1499999999999999667, -1.925000000000000933 ) ) ;
#6607 = EDGE_CURVE ( 'NONE', #4320, #7007, #978, .T. ) ;
#6608 = DIRECTION ( 'NONE',  ( 0.000000000000000000, 1.000000000000000000, 0.000000000000000000 ) ) ;
#6609 = DIRECTION ( 'NONE',  ( 1.577021341797095637E-15, -0.000000000000000000, 1.000000000000000000 ) ) ;
#6610 = CARTESIAN_POINT ( 'NONE',  ( -0.8250000000000006217, 0.1499999999999999667, -1.924999999999998268 ) ) ;
#6611 = EDGE_LOOP ( 'NONE', ( #2733, #5399, #2234, #5120 ) ) ;
#6612 = DIRECTION ( 'NONE',  ( 1.000000000000000000, 0.000000000000000000, -0.000000000000000000 ) ) ;
#6613 = EDGE_LOOP ( 'NONE', ( #5098, #2642, #8356, #8492 ) ) ;
#6614 = VECTOR ( 'NONE', #1714, 1000.000000000000000 ) ;
#6615 = PRESENTATION_LAYER_ASSIGNMENT (  '', '', ( #2671 ) ) ;
#6616 = EDGE_LOOP ( 'NONE', ( #9826, #2654, #6126, #1259 ) ) ;
#6617 = ORIENTED_EDGE ( 'NONE', *, *, #8750, .F. ) ;
#6618 = CIRCLE ( 'NONE', #2347, 0.1499999999999999667 ) ;
#6619 = ORIENTED_EDGE ( 'NONE', *, *, #5245, .F. ) ;
#6620 = EDGE_CURVE ( 'NONE', #7694, #3898, #891, .T. ) ;
#6621 = DIRECTION ( 'NONE',  ( 1.000000000000000000, 0.000000000000000000, -0.000000000000000000 ) ) ;
#6622 = EDGE_CURVE ( 'NONE', #4979, #4209, #4020, .T. ) ;
#6623 = PLANE ( 'NONE',  #9114 ) ;
#6624 = CARTESIAN_POINT ( 'NONE',  ( -1.619058829184419457, 0.08999999999999999667, 1.125000000000017542 ) ) ;
#6625 = VECTOR ( 'NONE', #117, 1000.000000000000000 ) ;
#6626 = CARTESIAN_POINT ( 'NONE',  ( -0.3249999999999997891, 0.1499999999999999667, 1.500000000000000888 ) ) ;
#6627 = DIRECTION ( 'NONE',  ( 0.000000000000000000, -1.000000000000000000, 0.000000000000000000 ) ) ;
#6628 = CARTESIAN_POINT ( 'NONE',  ( -1.649999999999999023, 0.05000000000000002359, -0.1750000000000000167 ) ) ;
#6629 = ORIENTED_EDGE ( 'NONE', *, *, #4528, .T. ) ;
#6630 = CIRCLE ( 'NONE', #8042, 0.1499999999999999667 ) ;
#6631 = EDGE_CURVE ( 'NONE', #1074, #9671, #7867, .T. ) ;
#6632 = DIRECTION ( 'NONE',  ( 0.000000000000000000, 0.000000000000000000, 1.000000000000000000 ) ) ;
#6633 = DIRECTION ( 'NONE',  ( -1.577021341797093074E-15, 0.000000000000000000, -1.000000000000000000 ) ) ;
#6634 = CARTESIAN_POINT ( 'NONE',  ( -0.1750000000000006828, 0.1499999999999999667, -1.999999999999999556 ) ) ;
#6635 = DIRECTION ( 'NONE',  ( 0.000000000000000000, 0.000000000000000000, -1.000000000000000000 ) ) ;
#6636 = CARTESIAN_POINT ( 'NONE',  ( 1.649999999999999023, 0.05000000000000002359, 1.125000000000000000 ) ) ;
#6637 = DIRECTION ( 'NONE',  ( -0.000000000000000000, -1.000000000000000000, -0.000000000000000000 ) ) ;
#6638 = VERTEX_POINT ( 'NONE', #8475 ) ;
#6639 = ORIENTED_EDGE ( 'NONE', *, *, #7464, .F. ) ;
#6640 = EDGE_CURVE ( 'NONE', #6759, #9353, #9329, .T. ) ;
#6641 = EDGE_CURVE ( 'NONE', #3337, #7646, #5389, .T. ) ;
#6642 = DIRECTION ( 'NONE',  ( 0.000000000000000000, 0.000000000000000000, -1.000000000000000000 ) ) ;
#6643 = ADVANCED_FACE ( 'NONE', ( #6339 ), #1029, .T. ) ;
#6644 = ORIENTED_EDGE ( 'NONE', *, *, #6956, .F. ) ;
#6645 = DIRECTION ( 'NONE',  ( -1.000000000000000000, 0.000000000000000000, 3.491481338843133355E-15 ) ) ;
#6646 = DIRECTION ( 'NONE',  ( 0.000000000000000000, -0.000000000000000000, 1.000000000000000000 ) ) ;
#6647 = LINE ( 'NONE', #9628, #7014 ) ;
#6648 = DIRECTION ( 'NONE',  ( -1.000000000000000000, 0.000000000000000000, 1.047444401652940007E-14 ) ) ;
#6649 = EDGE_CURVE ( 'NONE', #7079, #8759, #9180, .T. ) ;
#6650 = PLANE ( 'NONE',  #3579 ) ;
#6651 = PLANE ( 'NONE',  #2083 ) ;
#6652 = VERTEX_POINT ( 'NONE', #5592 ) ;
#6653 = FACE_BOUND ( 'NONE', #1765, .T. ) ;
#6654 = VERTEX_POINT ( 'NONE', #249 ) ;
#6655 = CARTESIAN_POINT ( 'NONE',  ( 1.124999999999999334, 0.08999999999999999667, -1.924999999999999600 ) ) ;
#6656 = LINE ( 'NONE', #605, #9313 ) ;
#6657 = CARTESIAN_POINT ( 'NONE',  ( -0.8249999999999992895, 0.1499999999999999667, 1.925000000000000933 ) ) ;
#6658 = CARTESIAN_POINT ( 'NONE',  ( -1.649999999999999023, 0.6702163011671204984, 0.9749999999999999778 ) ) ;
#6659 = ORIENTED_EDGE ( 'NONE', *, *, #134, .T. ) ;
#6660 = CARTESIAN_POINT ( 'NONE',  ( -1.649999999999999023, 0.6702163011671204984, 1.125000000000000000 ) ) ;
#6661 = ORIENTED_EDGE ( 'NONE', *, *, #2866, .T. ) ;
#6662 = CYLINDRICAL_SURFACE ( 'NONE', #2718, 0.1000000000000000472 ) ;
#6663 = ORIENTED_EDGE ( 'NONE', *, *, #7280, .T. ) ;
#6664 = AXIS2_PLACEMENT_3D ( 'NONE', #3773, #4894, #6386 ) ;
#6665 = VERTEX_POINT ( 'NONE', #6292 ) ;
#6666 = VECTOR ( 'NONE', #3336, 1000.000000000000000 ) ;
#6667 = VERTEX_POINT ( 'NONE', #2537 ) ;
#6668 = PLANE ( 'NONE',  #5416 ) ;
#6669 = FACE_OUTER_BOUND ( 'NONE', #550, .T. ) ;
#6670 = SURFACE_SIDE_STYLE ('',( #1409 ) ) ;
#6671 = VECTOR ( 'NONE', #7341, 1000.000000000000000 ) ;
#6672 = LINE ( 'NONE', #7366, #4345 ) ;
#6673 = ADVANCED_FACE ( 'NONE', ( #5541 ), #8621, .T. ) ;
#6674 =( NAMED_UNIT ( * ) SI_UNIT ( $, .STERADIAN. ) SOLID_ANGLE_UNIT ( ) );
#6675 = ORIENTED_EDGE ( 'NONE', *, *, #9119, .F. ) ;
#6676 = VECTOR ( 'NONE', #8609, 1000.000000000000000 ) ;
#6677 = VECTOR ( 'NONE', #4408, 1000.000000000000000 ) ;
#6678 = ADVANCED_FACE ( 'NONE', ( #1777 ), #2489, .T. ) ;
#6679 = VERTEX_POINT ( 'NONE', #3927 ) ;
#6680 =( GEOMETRIC_REPRESENTATION_CONTEXT ( 3 ) GLOBAL_UNCERTAINTY_ASSIGNED_CONTEXT ( ( #9161 ) ) GLOBAL_UNIT_ASSIGNED_CONTEXT ( ( #9304, #5423, #8400 ) ) REPRESENTATION_CONTEXT ( 'NONE', 'WORKASPACE' ) );
#6682 = LINE ( 'NONE', #6734, #565 ) ;
#6681 = VECTOR ( 'NONE', #8073, 1000.000000000000000 ) ;
#6683 = VECTOR ( 'NONE', #1713, 1000.000000000000000 ) ;
#6684 = CARTESIAN_POINT ( 'NONE',  ( 1.924999999999996492, 0.08999999999999999667, -0.8250000000000073941 ) ) ;
#6685 = PLANE ( 'NONE',  #6780 ) ;
#6686 = DIRECTION ( 'NONE',  ( 0.000000000000000000, 0.000000000000000000, 1.000000000000000000 ) ) ;
#6688 = LINE ( 'NONE', #2984, #5243 ) ;
#6687 = CARTESIAN_POINT ( 'NONE',  ( -1.100000000000000089, 3.544112549695427994, 1.099999999999999645 ) ) ;
#6689 = VERTEX_POINT ( 'NONE', #4064 ) ;
#6690 = ORIENTED_EDGE ( 'NONE', *, *, #632, .T. ) ;
#6691 = ADVANCED_FACE ( 'NONE', ( #4117 ), #7134, .T. ) ;
#6692 = VECTOR ( 'NONE', #425, 1000.000000000000000 ) ;
#6693 = CLOSED_SHELL ( 'NONE', ( #9251, #6011, #1721, #2513, #3364, #4947, #2291 ) ) ;
#6694 = EDGE_CURVE ( 'NONE', #7322, #870, #6039, .T. ) ;
#6695 = LINE ( 'NONE', #8925, #5872 ) ;
#6696 = AXIS2_PLACEMENT_3D ( 'NONE', #7337, #5101, #4369 ) ;
#6697 = ADVANCED_FACE ( 'NONE', ( #4705 ), #7726, .T. ) ;
#6698 = SURFACE_SIDE_STYLE ('',( #1527 ) ) ;
#6699 = ORIENTED_EDGE ( 'NONE', *, *, #977, .F. ) ;
#6700 = CARTESIAN_POINT ( 'NONE',  ( -1.924999999999999156, 0.6702163011671202764, -1.125000000000000000 ) ) ;
#6701 = LINE ( 'NONE', #1336, #2509 ) ;
#6702 = DIRECTION ( 'NONE',  ( 0.000000000000000000, -1.000000000000000000, 0.000000000000000000 ) ) ;
#6703 = EDGE_CURVE ( 'NONE', #4341, #7293, #3972, .T. ) ;
#6704 = FACE_BOUND ( 'NONE', #306, .T. ) ;
#6705 = AXIS2_PLACEMENT_3D ( 'NONE', #840, #7434, #4 ) ;
#6706 = DIRECTION ( 'NONE',  ( -1.000000000000000000, -0.000000000000000000, -0.000000000000000000 ) ) ;
#6707 = EDGE_LOOP ( 'NONE', ( #2604, #9625, #8084, #243 ) ) ;
#6708 = DIRECTION ( 'NONE',  ( 0.000000000000000000, 0.000000000000000000, -1.000000000000000000 ) ) ;
#6709 = ORIENTED_EDGE ( 'NONE', *, *, #1104, .F. ) ;
#6710 = AXIS2_PLACEMENT_3D ( 'NONE', #158, #5548, #5396 ) ;
#6711 = ORIENTED_EDGE ( 'NONE', *, *, #4853, .F. ) ;
#6712 = EDGE_CURVE ( 'NONE', #5195, #6152, #9280, .T. ) ;
#6713 = DIRECTION ( 'NONE',  ( -1.000000000000000000, 0.000000000000000000, 1.047444401652940007E-14 ) ) ;
#6714 = DIRECTION ( 'NONE',  ( -0.000000000000000000, -0.000000000000000000, -1.000000000000000000 ) ) ;
#6715 = LINE ( 'NONE', #7542, #3791 ) ;
#6716 = CARTESIAN_POINT ( 'NONE',  ( 1.649999999999999023, 0.1499999999999999667, -0.1750000000000000167 ) ) ;
#6717 = ADVANCED_FACE ( 'NONE', ( #9374 ), #8669, .F. ) ;
#6718 = ORIENTED_EDGE ( 'NONE', *, *, #6000, .T. ) ;
#6719 = PLANE ( 'NONE',  #8254 ) ;
#6720 = ORIENTED_EDGE ( 'NONE', *, *, #4984, .T. ) ;
#6721 = STYLED_ITEM ( 'NONE', ( #4349 ), #8386 ) ;
#6722 = ORIENTED_EDGE ( 'NONE', *, *, #2998, .F. ) ;
#6723 = ORIENTED_EDGE ( 'NONE', *, *, #9356, .F. ) ;
#6724 = CARTESIAN_POINT ( 'NONE',  ( 1.124999999999999334, 0.08999999999999999667, -1.619058829184431225 ) ) ;
#6725 = AXIS2_PLACEMENT_3D ( 'NONE', #1070, #2717, #6381 ) ;
#6726 = DIRECTION ( 'NONE',  ( 0.000000000000000000, 1.000000000000000000, 0.000000000000000000 ) ) ;
#6727 = DIRECTION ( 'NONE',  ( 0.000000000000000000, 1.000000000000000000, 0.000000000000000000 ) ) ;
#6728 = CARTESIAN_POINT ( 'NONE',  ( -1.924999999999999156, 0.1499999999999999667, 1.125000000000000222 ) ) ;
#6729 = ORIENTED_EDGE ( 'NONE', *, *, #6505, .T. ) ;
#6730 = EDGE_LOOP ( 'NONE', ( #6957, #9738, #2551, #2638 ) ) ;
#6731 = ORIENTED_EDGE ( 'NONE', *, *, #3631, .F. ) ;
#6732 = AXIS2_PLACEMENT_3D ( 'NONE', #3502, #5667, #2755 ) ;
#6733 = VECTOR ( 'NONE', #9759, 1000.000000000000000 ) ;
#6734 = CARTESIAN_POINT ( 'NONE',  ( 1.649999999999999023, 0.6702163011671202764, 0.4749999999999999223 ) ) ;
#6735 = DIRECTION ( 'NONE',  ( -0.000000000000000000, -0.000000000000000000, -1.000000000000000000 ) ) ;
#6736 = DIRECTION ( 'NONE',  ( 0.000000000000000000, -1.000000000000000000, 0.000000000000000000 ) ) ;
#6737 = DIRECTION ( 'NONE',  ( 0.000000000000000000, 0.000000000000000000, -1.000000000000000000 ) ) ;
#6738 = CARTESIAN_POINT ( 'NONE',  ( 1.924999999999999156, 0.000000000000000000, -0.8249999999999998446 ) ) ;
#6739 = EDGE_CURVE ( 'NONE', #924, #8843, #2075, .T. ) ;
#6741 = PLANE ( 'NONE',  #1914 ) ;
#6740 = CARTESIAN_POINT ( 'NONE',  ( -1.999999999999999112, 8.656854249492379694, -2.000000000000000444 ) ) ;
#6742 = ORIENTED_EDGE ( 'NONE', *, *, #6620, .F. ) ;
#6743 = ORIENTED_EDGE ( 'NONE', *, *, #1038, .F. ) ;
#6744 = AXIS2_PLACEMENT_3D ( 'NONE', #9141, #3843, #6906 ) ;
#6745 = DIRECTION ( 'NONE',  ( -1.000000000000000000, 0.000000000000000000, 1.084202172485504434E-16 ) ) ;
#6746 = LINE ( 'NONE', #9676, #6208 ) ;
#6747 = ORIENTED_EDGE ( 'NONE', *, *, #4610, .F. ) ;
#6749 = VECTOR ( 'NONE', #4497, 1000.000000000000000 ) ;
#6748 = DIRECTION ( 'NONE',  ( 1.000000000000000000, 0.000000000000000000, -1.445602896647339706E-15 ) ) ;
#6750 = CARTESIAN_POINT ( 'NONE',  ( 0.3250000000000001776, 0.1499999999999999944, 1.650000000000000799 ) ) ;
#6751 = CARTESIAN_POINT ( 'NONE',  ( -2.000000000000011102, 0.08999999999999999667, -1.124999999999978240 ) ) ;
#6752 = EDGE_CURVE ( 'NONE', #5793, #844, #2780, .T. ) ;
#6753 = DIRECTION ( 'NONE',  ( 1.000000000000000000, 0.000000000000000000, 0.000000000000000000 ) ) ;
#6754 = LINE ( 'NONE', #9685, #6507 ) ;
#6755 = EDGE_CURVE ( 'NONE', #7277, #915, #4311, .T. ) ;
#6756 = ORIENTED_EDGE ( 'NONE', *, *, #6899, .F. ) ;
#6757 = CYLINDRICAL_SURFACE ( 'NONE', #3239, 0.1000000000000000472 ) ;
#6758 = ORIENTED_EDGE ( 'NONE', *, *, #5426, .F. ) ;
#6759 = VERTEX_POINT ( 'NONE', #6439 ) ;
#6760 = DIRECTION ( 'NONE',  ( 0.000000000000000000, 0.000000000000000000, -1.000000000000000000 ) ) ;
#6761 = DIRECTION ( 'NONE',  ( 0.000000000000000000, 1.000000000000000000, 0.000000000000000000 ) ) ;
#6762 = FILL_AREA_STYLE ('',( #2297 ) ) ;
#6763 = DIRECTION ( 'NONE',  ( -1.577021341797093074E-15, 0.000000000000000000, -1.000000000000000000 ) ) ;
#6764 = VERTEX_POINT ( 'NONE', #7328 ) ;
#6765 = DIRECTION ( 'NONE',  ( 0.000000000000000000, 0.000000000000000000, -1.000000000000000000 ) ) ;
#6766 = EDGE_CURVE ( 'NONE', #860, #9299, #5688, .T. ) ;
#6767 = ORIENTED_EDGE ( 'NONE', *, *, #566, .F. ) ;
#6768 = VERTEX_POINT ( 'NONE', #8016 ) ;
#6769 = ORIENTED_EDGE ( 'NONE', *, *, #3741, .F. ) ;
#6770 = ADVANCED_FACE ( 'NONE', ( #2828 ), #5641, .T. ) ;
#6771 = FACE_OUTER_BOUND ( 'NONE', #2275, .T. ) ;
#6772 = DIRECTION ( 'NONE',  ( -1.000000000000000000, 0.000000000000000000, -0.000000000000000000 ) ) ;
#6773 = LINE ( 'NONE', #6871, #8350 ) ;
#6774 = CARTESIAN_POINT ( 'NONE',  ( -1.199999999999999956, 0.000000000000000000, -1.100000000000000089 ) ) ;
#6775 = VECTOR ( 'NONE', #8617, 1000.000000000000000 ) ;
#6776 = DIRECTION ( 'NONE',  ( -0.000000000000000000, -1.000000000000000000, -0.000000000000000000 ) ) ;
#6777 = ORIENTED_EDGE ( 'NONE', *, *, #8087, .T. ) ;
#6778 = AXIS2_PLACEMENT_3D ( 'NONE', #3212, #6772, #2358 ) ;
#6779 = ORIENTED_EDGE ( 'NONE', *, *, #5674, .F. ) ;
#6780 = AXIS2_PLACEMENT_3D ( 'NONE', #3526, #6635, #9667 ) ;
#6781 = ORIENTED_EDGE ( 'NONE', *, *, #8466, .F. ) ;
#6782 = VECTOR ( 'NONE', #2318, 1000.000000000000000 ) ;
#6783 = VECTOR ( 'NONE', #4324, 1000.000000000000000 ) ;
#6784 = FACE_OUTER_BOUND ( 'NONE', #8252, .T. ) ;
#6785 = CARTESIAN_POINT ( 'NONE',  ( -1.924999999999999156, 0.05000000000000000278, 0.6500000000000000222 ) ) ;
#6786 = CARTESIAN_POINT ( 'NONE',  ( 1.924999999999999156, 0.6702163011671202764, -0.1749999999999999056 ) ) ;
#6787 =( NAMED_UNIT ( * ) SI_UNIT ( $, .STERADIAN. ) SOLID_ANGLE_UNIT ( ) );
#6788 = FACE_OUTER_BOUND ( 'NONE', #1997, .T. ) ;
#6789 = VECTOR ( 'NONE', #1622, 1000.000000000000000 ) ;
#6791 = DIRECTION ( 'NONE',  ( 0.000000000000000000, 1.000000000000000000, 0.000000000000000000 ) ) ;
#6790 = CARTESIAN_POINT ( 'NONE',  ( -1.649999999999999023, 0.6702163011671202764, -0.8249999999999999556 ) ) ;
#6792 = ORIENTED_EDGE ( 'NONE', *, *, #466, .T. ) ;
#6793 = ORIENTED_EDGE ( 'NONE', *, *, #3206, .T. ) ;
#6794 = MECHANICAL_DESIGN_GEOMETRIC_PRESENTATION_REPRESENTATION (  '', ( #3628 ), #1550 ) ;
#6795 = CARTESIAN_POINT ( 'NONE',  ( -0.9749999999999997558, 0.04999999999999999584, 1.500000000000000888 ) ) ;
#6796 = DIRECTION ( 'NONE',  ( -1.000000000000000000, -0.000000000000000000, -0.000000000000000000 ) ) ;
#6797 = CARTESIAN_POINT ( 'NONE',  ( 1.924999999999999156, 0.6702163011671202764, -1.125000000000000000 ) ) ;
#6798 = CARTESIAN_POINT ( 'NONE',  ( 1.649999999999999023, 0.6702163011671202764, -0.1750000000000000167 ) ) ;
#6799 = DIRECTION ( 'NONE',  ( -1.445602896647339706E-15, 0.000000000000000000, -1.000000000000000000 ) ) ;
#6800 = CARTESIAN_POINT ( 'NONE',  ( -0.4749999999999993117, 0.6702163011671209425, 1.925000000000001377 ) ) ;
#6801 = DIRECTION ( 'NONE',  ( -1.000000000000000000, 0.000000000000000000, 3.491481338843133355E-15 ) ) ;
#6802 = ORIENTED_EDGE ( 'NONE', *, *, #987, .F. ) ;
#6803 = EDGE_CURVE ( 'NONE', #5373, #4495, #4308, .T. ) ;
#6804 = LINE ( 'NONE', #9138, #8443 ) ;
#6805 = EDGE_LOOP ( 'NONE', ( #8649, #3787, #6811, #3506 ) ) ;
#6806 = ORIENTED_EDGE ( 'NONE', *, *, #2333, .F. ) ;
#6807 = CARTESIAN_POINT ( 'NONE',  ( 0.8250000000000006217, 0.08999999999999999667, 1.999999999999999556 ) ) ;
#6808 = DIRECTION ( 'NONE',  ( 0.000000000000000000, 1.000000000000000000, 0.000000000000000000 ) ) ;
#6809 = DIRECTION ( 'NONE',  ( 0.000000000000000000, -1.000000000000000000, 0.000000000000000000 ) ) ;
#6810 = CARTESIAN_POINT ( 'NONE',  ( 2.000000000000001332, 0.08999999999999999667, 0.4749999999999923173 ) ) ;
#6811 = ORIENTED_EDGE ( 'NONE', *, *, #9420, .T. ) ;
#6812 = FACE_OUTER_BOUND ( 'NONE', #1050, .T. ) ;
#6813 = VERTEX_POINT ( 'NONE', #1184 ) ;
#6814 = ADVANCED_FACE ( 'NONE', ( #3479 ), #4266, .F. ) ;
#6815 =( NAMED_UNIT ( * ) SI_UNIT ( $, .STERADIAN. ) SOLID_ANGLE_UNIT ( ) );
#6816 = VERTEX_POINT ( 'NONE', #1977 ) ;
#6817 = ORIENTED_EDGE ( 'NONE', *, *, #9024, .T. ) ;
#6818 = EDGE_CURVE ( 'NONE', #2504, #7693, #1873, .T. ) ;
#6819 = CARTESIAN_POINT ( 'NONE',  ( -0.4750000000000005884, 0.08999999999999999667, -1.924999999999998934 ) ) ;
#6820 = CARTESIAN_POINT ( 'NONE',  ( 1.099999999999999867, 0.000000000000000000, -1.099999999999999645 ) ) ;
#6821 = DIRECTION ( 'NONE',  ( 0.000000000000000000, -0.000000000000000000, -1.000000000000000000 ) ) ;
#6822 = EDGE_CURVE ( 'NONE', #4519, #2645, #7274, .T. ) ;
#6823 = CARTESIAN_POINT ( 'NONE',  ( 0.4749999999999993117, 0.08999999999999999667, -1.999999999999999556 ) ) ;
#6824 = ORIENTED_EDGE ( 'NONE', *, *, #164, .T. ) ;
#6825 = AXIS2_PLACEMENT_3D ( 'NONE', #1238, #2134, #8167 ) ;
#6826 = ORIENTED_EDGE ( 'NONE', *, *, #6221, .T. ) ;
#6827 = VECTOR ( 'NONE', #1233, 1000.000000000000000 ) ;
#6828 = ORIENTED_EDGE ( 'NONE', *, *, #8155, .F. ) ;
#6829 = VECTOR ( 'NONE', #1828, 1000.000000000000000 ) ;
#6830 = DIRECTION ( 'NONE',  ( 0.000000000000000000, 0.000000000000000000, -1.000000000000000000 ) ) ;
#6831 = CARTESIAN_POINT ( 'NONE',  ( -1.124999999999999334, 0.1499999999999999944, 1.925000000000001377 ) ) ;
#6832 = DIRECTION ( 'NONE',  ( 0.000000000000000000, 1.000000000000000000, 0.000000000000000000 ) ) ;
#6833 = ADVANCED_FACE ( 'NONE', ( #1923 ), #1327, .F. ) ;
#6834 = CARTESIAN_POINT ( 'NONE',  ( -2.000000000000004441, 0.08999999999999999667, -0.4749999999999783840 ) ) ;
#6835 = VECTOR ( 'NONE', #6578, 1000.000000000000000 ) ;
#6837 = FACE_OUTER_BOUND ( 'NONE', #536, .T. ) ;
#6836 = DIRECTION ( 'NONE',  ( -1.000000000000000000, 0.000000000000000000, 0.000000000000000000 ) ) ;
#6838 = VERTEX_POINT ( 'NONE', #485 ) ;
#6839 = DIRECTION ( 'NONE',  ( 0.000000000000000000, 1.000000000000000000, 0.000000000000000000 ) ) ;
#6840 = VERTEX_POINT ( 'NONE', #3527 ) ;
#6841 = ADVANCED_FACE ( 'NONE', ( #6538 ), #4359, .T. ) ;
#6842 = CARTESIAN_POINT ( 'NONE',  ( 2.000000000000000888, 1.499999999999999556, -2.000000000000000888 ) ) ;
#6843 = VECTOR ( 'NONE', #6579, 1000.000000000000000 ) ;
#6844 = VECTOR ( 'NONE', #3924, 1000.000000000000000 ) ;
#6845 = VECTOR ( 'NONE', #628, 1000.000000000000000 ) ;
#6846 = CARTESIAN_POINT ( 'NONE',  ( 1.125000000000000666, 0.1499999999999999944, 1.925000000000000933 ) ) ;
#6847 = FACE_OUTER_BOUND ( 'NONE', #5291, .T. ) ;
#6848 = LINE ( 'NONE', #7627, #5664 ) ;
#6849 = VECTOR ( 'NONE', #8289, 1000.000000000000000 ) ;
#6850 = LINE ( 'NONE', #61, #8097 ) ;
#6851 = AXIS2_PLACEMENT_3D ( 'NONE', #7438, #2850, #5257 ) ;
#6852 = DIRECTION ( 'NONE',  ( 1.000000000000000000, 0.000000000000000000, 0.000000000000000000 ) ) ;
#6853 =( GEOMETRIC_REPRESENTATION_CONTEXT ( 3 ) GLOBAL_UNCERTAINTY_ASSIGNED_CONTEXT ( ( #2418 ) ) GLOBAL_UNIT_ASSIGNED_CONTEXT ( ( #9821, #1517, #7564 ) ) REPRESENTATION_CONTEXT ( 'NONE', 'WORKASPACE' ) );
#6854 = FACE_OUTER_BOUND ( 'NONE', #1279, .T. ) ;
#6855 = EDGE_LOOP ( 'NONE', ( #208, #1020, #2698, #7900, #369, #9487 ) ) ;
#6856 = DIRECTION ( 'NONE',  ( -1.000000000000000000, 0.000000000000000000, 3.491481338843133355E-15 ) ) ;
#6857 = ORIENTED_EDGE ( 'NONE', *, *, #451, .T. ) ;
#6858 = ORIENTED_EDGE ( 'NONE', *, *, #2195, .F. ) ;
#6859 = AXIS2_PLACEMENT_3D ( 'NONE', #2062, #9758, #8148 ) ;
#6860 = CARTESIAN_POINT ( 'NONE',  ( -1.125000000000000666, 0.08999999999999999667, -1.619058829184431225 ) ) ;
#6861 = LINE ( 'NONE', #2960, #2997 ) ;
#6862 = LINE ( 'NONE', #6810, #1806 ) ;
#6863 = EDGE_CURVE ( 'NONE', #1438, #3073, #4170, .T. ) ;
#6864 = ORIENTED_EDGE ( 'NONE', *, *, #3814, .F. ) ;
#6865 = ORIENTED_EDGE ( 'NONE', *, *, #3757, .T. ) ;
#6866 = ORIENTED_EDGE ( 'NONE', *, *, #8362, .T. ) ;
#6867 = ORIENTED_EDGE ( 'NONE', *, *, #3788, .T. ) ;
#6868 = EDGE_CURVE ( 'NONE', #7971, #1840, #6520, .T. ) ;
#6869 = LINE ( 'NONE', #6819, #9398 ) ;
#6870 = DIRECTION ( 'NONE',  ( -1.000000000000000000, 0.000000000000000000, 3.942553354492742052E-16 ) ) ;
#6871 = CARTESIAN_POINT ( 'NONE',  ( 1.199999999999999956, 0.1499999999999999667, -1.199999999999999734 ) ) ;
#6872 = FACE_OUTER_BOUND ( 'NONE', #9478, .T. ) ;
#6873 = ADVANCED_FACE ( 'NONE', ( #3577 ), #7376, .T. ) ;
#6874 = ORIENTED_EDGE ( 'NONE', *, *, #3140, .T. ) ;
#6875 = ORIENTED_EDGE ( 'NONE', *, *, #5364, .T. ) ;
#6876 = EDGE_CURVE ( 'NONE', #5317, #7293, #7231, .T. ) ;
#6877 = EDGE_LOOP ( 'NONE', ( #9743, #9197, #7502, #4643 ) ) ;
#6878 = ADVANCED_FACE ( 'NONE', ( #6077 ), #9823, .F. ) ;
#6879 = VECTOR ( 'NONE', #3467, 1000.000000000000000 ) ;
#6880 = EDGE_CURVE ( 'NONE', #9012, #5362, #2178, .T. ) ;
#6881 = PLANE ( 'NONE',  #8418 ) ;
#6882 = DIRECTION ( 'NONE',  ( -1.000000000000000000, 0.000000000000000000, -1.807003620809174385E-16 ) ) ;
#6883 = PLANE ( 'NONE',  #4100 ) ;
#6884 = LINE ( 'NONE', #6927, #6238 ) ;
#6885 = PLANE ( 'NONE',  #965 ) ;
#6886 = ORIENTED_EDGE ( 'NONE', *, *, #8317, .T. ) ;
#6887 = CARTESIAN_POINT ( 'NONE',  ( 1.124999999999999334, 0.08999999999999999667, -1.619058829184431225 ) ) ;
#6888 = VERTEX_POINT ( 'NONE', #6738 ) ;
#6889 = VECTOR ( 'NONE', #7701, 1000.000000000000000 ) ;
#6890 = DIRECTION ( 'NONE',  ( 1.000000000000000000, 0.000000000000000000, -0.000000000000000000 ) ) ;
#6891 = EDGE_CURVE ( 'NONE', #3414, #6310, #2129, .T. ) ;
#6892 = EDGE_CURVE ( 'NONE', #1032, #1368, #5234, .T. ) ;
#6893 = LINE ( 'NONE', #1774, #4398 ) ;
#6895 = DIRECTION ( 'NONE',  ( 0.000000000000000000, 0.000000000000000000, -1.000000000000000000 ) ) ;
#6894 = LINE ( 'NONE', #5440, #6046 ) ;
#6896 = CARTESIAN_POINT ( 'NONE',  ( 1.649999999999999023, 0.6702163011671202764, -0.1750000000000000167 ) ) ;
#6897 = CARTESIAN_POINT ( 'NONE',  ( -1.599999999999999201, 1.500000000000000000, -1.600000000000000755 ) ) ;
#6898 = DIRECTION ( 'NONE',  ( 1.000000000000000000, 0.000000000000000000, -3.491481338843133355E-15 ) ) ;
#6899 = EDGE_CURVE ( 'NONE', #4268, #4022, #7471, .T. ) ;
#6900 = CARTESIAN_POINT ( 'NONE',  ( 1.649999999999999023, 0.6702163011671202764, 0.3250000000000000111 ) ) ;
#6901 = ORIENTED_EDGE ( 'NONE', *, *, #9174, .T. ) ;
#6902 = CARTESIAN_POINT ( 'NONE',  ( -1.924999999999999156, 0.1499999999999999667, 1.125000000000000222 ) ) ;
#6903 = VERTEX_POINT ( 'NONE', #6636 ) ;
#6904 = AXIS2_PLACEMENT_3D ( 'NONE', #4284, #1305, #6760 ) ;
#6905 = ORIENTED_EDGE ( 'NONE', *, *, #8121, .F. ) ;
#6906 = DIRECTION ( 'NONE',  ( 0.000000000000000000, 0.000000000000000000, -1.000000000000000000 ) ) ;
#6907 = CARTESIAN_POINT ( 'NONE',  ( 1.125000000000000222, 0.1499999999999999667, -1.925000000000000933 ) ) ;
#6908 = CARTESIAN_POINT ( 'NONE',  ( 1.125000000000000222, 0.1499999999999999944, -1.925000000000000933 ) ) ;
#6909 = LINE ( 'NONE', #4670, #6084 ) ;
#6910 = ORIENTED_EDGE ( 'NONE', *, *, #7181, .F. ) ;
#6911 = ORIENTED_EDGE ( 'NONE', *, *, #2208, .F. ) ;
#6912 = ORIENTED_EDGE ( 'NONE', *, *, #4394, .T. ) ;
#6913 = VERTEX_POINT ( 'NONE', #9118 ) ;
#6914 = EDGE_CURVE ( 'NONE', #8048, #8391, #5331, .T. ) ;
#6915 = FACE_OUTER_BOUND ( 'NONE', #9446, .T. ) ;
#6916 = CARTESIAN_POINT ( 'NONE',  ( -1.925000000000004485, 0.08999999999999999667, -0.4749999999999791056 ) ) ;
#6917 = CARTESIAN_POINT ( 'NONE',  ( -0.1749999999999993783, 0.000000000000000000, 1.925000000000000933 ) ) ;
#6918 = ORIENTED_EDGE ( 'NONE', *, *, #3232, .F. ) ;
#6919 = ORIENTED_EDGE ( 'NONE', *, *, #164, .F. ) ;
#6920 = VERTEX_POINT ( 'NONE', #4500 ) ;
#6921 = ADVANCED_FACE ( 'NONE', ( #9071 ), #2933, .F. ) ;
#6922 = ADVANCED_FACE ( 'NONE', ( #3670 ), #1568, .F. ) ;
#6923 = PLANE ( 'NONE',  #1772 ) ;
#6924 = VECTOR ( 'NONE', #9824, 1000.000000000000000 ) ;
#6925 = LINE ( 'NONE', #9116, #6370 ) ;
#6926 = CARTESIAN_POINT ( 'NONE',  ( -0.8249999999999997335, 0.000000000000000000, -1.650000000000000577 ) ) ;
#6927 = CARTESIAN_POINT ( 'NONE',  ( -1.199999999999999956, 0.1499999999999999667, -1.200000000000000178 ) ) ;
#6928 = DIRECTION ( 'NONE',  ( -1.000000000000000000, 0.000000000000000000, 1.577021341797095637E-15 ) ) ;
#6929 = VERTEX_POINT ( 'NONE', #6834 ) ;
#6930 = ORIENTED_EDGE ( 'NONE', *, *, #5110, .T. ) ;
#6931 = DIRECTION ( 'NONE',  ( 0.000000000000000000, 0.000000000000000000, -1.000000000000000000 ) ) ;
#6932 = CIRCLE ( 'NONE', #4251, 0.1499999999999999667 ) ;
#6933 = AXIS2_PLACEMENT_3D ( 'NONE', #8296, #1508, #5367 ) ;
#6934 = AXIS2_PLACEMENT_3D ( 'NONE', #9616, #2028, #4951 ) ;
#6935 = DIRECTION ( 'NONE',  ( 0.000000000000000000, 0.000000000000000000, 1.000000000000000000 ) ) ;
#6936 = LINE ( 'NONE', #8420, #1697 ) ;
#6938 = CARTESIAN_POINT ( 'NONE',  ( -0.4750000000000005884, 0.08999999999999999667, -1.619058829184431225 ) ) ;
#6937 = DIRECTION ( 'NONE',  ( 0.000000000000000000, 1.000000000000000000, 0.000000000000000000 ) ) ;
#6939 = DIRECTION ( 'NONE',  ( -1.000000000000000000, 0.000000000000000000, 3.491481338843133355E-15 ) ) ;
#6940 = DIRECTION ( 'NONE',  ( 0.000000000000000000, 0.000000000000000000, 1.000000000000000000 ) ) ;
#6941 = EDGE_CURVE ( 'NONE', #5595, #6414, #1520, .T. ) ;
#6942 = EDGE_CURVE ( 'NONE', #9801, #2008, #8919, .T. ) ;
#6943 = AXIS2_PLACEMENT_3D ( 'NONE', #5811, #8848, #2251 ) ;
#6944 = LINE ( 'NONE', #3185, #2242 ) ;
#6945 = CARTESIAN_POINT ( 'NONE',  ( -1.099999999999999867, 0.000000000000000000, -1.100000000000000089 ) ) ;
#6946 = EDGE_CURVE ( 'NONE', #291, #3014, #5186, .T. ) ;
#6947 = ORIENTED_EDGE ( 'NONE', *, *, #4578, .F. ) ;
#6948 = CYLINDRICAL_SURFACE ( 'NONE', #1955, 0.1666666666666667407 ) ;
#6949 = EDGE_CURVE ( 'NONE', #7838, #8415, #1473, .T. ) ;
#6950 = EDGE_LOOP ( 'NONE', ( #5932, #3238, #4013, #4377 ) ) ;
#6951 = CARTESIAN_POINT ( 'NONE',  ( -1.925000000000004485, 0.08999999999999999667, -0.4749999999999791056 ) ) ;
#6952 = CARTESIAN_POINT ( 'NONE',  ( -1.124999999999999778, 0.6702163011671209425, 1.650000000000000577 ) ) ;
#6953 = FACE_OUTER_BOUND ( 'NONE', #4729, .T. ) ;
#6954 = ORIENTED_EDGE ( 'NONE', *, *, #3633, .F. ) ;
#6955 = CARTESIAN_POINT ( 'NONE',  ( 0.4750000000000001443, 0.1499999999999999944, -1.925000000000000933 ) ) ;
#6956 = EDGE_CURVE ( 'NONE', #3111, #4341, #9218, .T. ) ;
#6957 = ORIENTED_EDGE ( 'NONE', *, *, #4282, .F. ) ;
#6958 = ORIENTED_EDGE ( 'NONE', *, *, #544, .F. ) ;
#6959 = VERTEX_POINT ( 'NONE', #9019 ) ;
#6960 = LINE ( 'NONE', #3766, #3279 ) ;
#6961 = CARTESIAN_POINT ( 'NONE',  ( -1.599999999999999201, 1.399999999999999911, -1.600000000000000755 ) ) ;
#6962 = CARTESIAN_POINT ( 'NONE',  ( -1.924999999999997602, 0.08999999999999999667, 0.1750000000000208333 ) ) ;
#6963 = DIRECTION ( 'NONE',  ( -0.000000000000000000, -1.000000000000000000, -0.000000000000000000 ) ) ;
#6964 = DIRECTION ( 'NONE',  ( 0.000000000000000000, 0.000000000000000000, -1.000000000000000000 ) ) ;
#6965 = PRESENTATION_STYLE_ASSIGNMENT (( #6273 ) ) ;
#6966 = EDGE_LOOP ( 'NONE', ( #2388, #6330, #5558, #2324 ) ) ;
#6967 = ORIENTED_EDGE ( 'NONE', *, *, #9101, .T. ) ;
#6968 = ORIENTED_EDGE ( 'NONE', *, *, #6333, .T. ) ;
#6969 = UNCERTAINTY_MEASURE_WITH_UNIT (LENGTH_MEASURE( 1.000000000000000082E-05 ), #3008, 'distance_accuracy_value', 'NONE');
#6970 = DIRECTION ( 'NONE',  ( 1.000000000000000000, 0.000000000000000000, -3.491481338843133355E-15 ) ) ;
#6971 = EDGE_CURVE ( 'NONE', #651, #9207, #3768, .T. ) ;
#6972 = DIRECTION ( 'NONE',  ( -1.000000000000000000, 0.000000000000000000, 1.577021341797095835E-15 ) ) ;
#6973 =( NAMED_UNIT ( * ) SI_UNIT ( $, .STERADIAN. ) SOLID_ANGLE_UNIT ( ) );
#6974 = FACE_OUTER_BOUND ( 'NONE', #8364, .T. ) ;
#6975 = DIRECTION ( 'NONE',  ( -1.000000000000000000, 0.000000000000000000, 1.047444401652940007E-14 ) ) ;
#6976 = ORIENTED_EDGE ( 'NONE', *, *, #4260, .F. ) ;
#6977 = DIRECTION ( 'NONE',  ( -1.000000000000000000, 0.000000000000000000, 0.000000000000000000 ) ) ;
#6978 = ORIENTED_EDGE ( 'NONE', *, *, #6470, .F. ) ;
#6979 = ADVANCED_FACE ( 'NONE', ( #6788 ), #2272, .F. ) ;
#6980 = CARTESIAN_POINT ( 'NONE',  ( 0.8250000000000001776, 0.000000000000000000, -1.925000000000000933 ) ) ;
#6981 = VECTOR ( 'NONE', #2383, 1000.000000000000000 ) ;
#6982 = VECTOR ( 'NONE', #4410, 1000.000000000000000 ) ;
#6983 = DIRECTION ( 'NONE',  ( 1.000000000000000000, 0.000000000000000000, -3.491481338843133355E-15 ) ) ;
#6984 = PLANE ( 'NONE',  #9223 ) ;
#6985 = DIRECTION ( 'NONE',  ( 0.000000000000000000, 1.000000000000000000, 0.000000000000000000 ) ) ;
#6986 = EDGE_CURVE ( 'NONE', #1829, #96, #8311, .T. ) ;
#6987 = CARTESIAN_POINT ( 'NONE',  ( -1.199999999999999956, 0.000000000000000000, -1.200000000000000178 ) ) ;
#6988 = ADVANCED_FACE ( 'NONE', ( #6974 ), #1761, .T. ) ;
#6989 = CARTESIAN_POINT ( 'NONE',  ( 0.4750000000000001443, 0.000000000000000000, -1.925000000000000933 ) ) ;
#6990 = EDGE_LOOP ( 'NONE', ( #5533, #2322, #1031, #7013 ) ) ;
#6991 = VECTOR ( 'NONE', #5875, 1000.000000000000000 ) ;
#6992 = DIRECTION ( 'NONE',  ( -1.000000000000000000, 0.000000000000000000, 1.577021341797095835E-15 ) ) ;
#6993 = VECTOR ( 'NONE', #7880, 1000.000000000000000 ) ;
#6994 = ORIENTED_EDGE ( 'NONE', *, *, #381, .F. ) ;
#6995 = VECTOR ( 'NONE', #6190, 1000.000000000000000 ) ;
#6996 = DIRECTION ( 'NONE',  ( -0.000000000000000000, -0.000000000000000000, 1.000000000000000000 ) ) ;
#6997 = EDGE_CURVE ( 'NONE', #2504, #6903, #4694, .T. ) ;
#6998 = VECTOR ( 'NONE', #4673, 1000.000000000000000 ) ;
#6999 = EDGE_CURVE ( 'NONE', #5117, #5610, #6884, .T. ) ;
#7000 = ORIENTED_EDGE ( 'NONE', *, *, #705, .F. ) ;
#7001 = CARTESIAN_POINT ( 'NONE',  ( -0.8249999999999992895, 0.08999999999999999667, 1.999999999999999556 ) ) ;
#7002 = VECTOR ( 'NONE', #2282, 1000.000000000000000 ) ;
#7003 = CARTESIAN_POINT ( 'NONE',  ( 0.4750000000000005884, 0.05000000000000000278, 1.925000000000001155 ) ) ;
#7004 = VECTOR ( 'NONE', #2474, 1000.000000000000000 ) ;
#7005 = FILL_AREA_STYLE ('',( #5654 ) ) ;
#7006 = PLANE ( 'NONE',  #5611 ) ;
#7007 = VERTEX_POINT ( 'NONE', #8461 ) ;
#7008 = LINE ( 'NONE', #6955, #8902 ) ;
#7009 = STYLED_ITEM ( 'NONE', ( #9730 ), #8935 ) ;
#7010 = CLOSED_SHELL ( 'NONE', ( #9673, #2314, #7304, #7795, #463, #7225 ) ) ;
#7011 = ORIENTED_EDGE ( 'NONE', *, *, #4925, .T. ) ;
#7012 = ORIENTED_EDGE ( 'NONE', *, *, #6023, .F. ) ;
#7013 = ORIENTED_EDGE ( 'NONE', *, *, #3853, .F. ) ;
#7014 = VECTOR ( 'NONE', #5849, 1000.000000000000000 ) ;
#7015 = EDGE_CURVE ( 'NONE', #7691, #1731, #964, .T. ) ;
#7016 = CARTESIAN_POINT ( 'NONE',  ( -1.924999999999999156, 0.000000000000000000, 0.8249999999999999556 ) ) ;
#7017 = EDGE_CURVE ( 'NONE', #2427, #9318, #829, .T. ) ;
#7018 = LINE ( 'NONE', #5566, #8189 ) ;
#7019 = FILL_AREA_STYLE ('',( #4872 ) ) ;
#7020 = DIRECTION ( 'NONE',  ( 0.000000000000000000, 0.000000000000000000, 1.000000000000000000 ) ) ;
#7021 = LINE ( 'NONE', #8600, #182 ) ;
#7022 = ORIENTED_EDGE ( 'NONE', *, *, #6407, .F. ) ;
#7023 = VERTEX_POINT ( 'NONE', #9215 ) ;
#7024 = ORIENTED_EDGE ( 'NONE', *, *, #8327, .F. ) ;
#7025 = VECTOR ( 'NONE', #7391, 1000.000000000000000 ) ;
#7027 = CARTESIAN_POINT ( 'NONE',  ( 0.000000000000000000, 0.05000000000000000278, -0.4749999999999999223 ) ) ;
#7026 = VECTOR ( 'NONE', #1019, 1000.000000000000000 ) ;
#7028 = DIRECTION ( 'NONE',  ( -0.000000000000000000, -1.000000000000000000, -0.000000000000000000 ) ) ;
#7029 = CARTESIAN_POINT ( 'NONE',  ( 0.1750000000000002387, 0.1499999999999999944, 1.650000000000000577 ) ) ;
#7030 = DIRECTION ( 'NONE',  ( -0.000000000000000000, -1.000000000000000000, -0.000000000000000000 ) ) ;
#7031 = ORIENTED_EDGE ( 'NONE', *, *, #9682, .T. ) ;
#7032 = DIRECTION ( 'NONE',  ( 0.000000000000000000, 0.000000000000000000, -1.000000000000000000 ) ) ;
#7033 = EDGE_LOOP ( 'NONE', ( #2109, #5259, #5842, #1594 ) ) ;
#7034 = PLANE ( 'NONE',  #6345 ) ;
#7035 = AXIS2_PLACEMENT_3D ( 'NONE', #2169, #3715, #571 ) ;
#7036 = EDGE_CURVE ( 'NONE', #5452, #6009, #7976, .T. ) ;
#7037 =( LENGTH_UNIT ( ) NAMED_UNIT ( * ) SI_UNIT ( .MILLI., .METRE. ) );
#7038 = CARTESIAN_POINT ( 'NONE',  ( -1.924999999999999156, 0.1499999999999999667, 0.1750000000000000167 ) ) ;
#7039 = CARTESIAN_POINT ( 'NONE',  ( -0.4749999999999993117, 0.04999999999999999584, 1.925000000000001377 ) ) ;
#7040 = CARTESIAN_POINT ( 'NONE',  ( 0.9750000000000001998, 0.1499999999999999944, 1.650000000000000799 ) ) ;
#7041 = DIRECTION ( 'NONE',  ( 1.000000000000000000, -0.000000000000000000, 0.000000000000000000 ) ) ;
#7042 = CYLINDRICAL_SURFACE ( 'NONE', #1593, 0.1499999999999999667 ) ;
#7043 = AXIS2_PLACEMENT_3D ( 'NONE', #2910, #7444, #7543 ) ;
#7044 = ORIENTED_EDGE ( 'NONE', *, *, #772, .T. ) ;
#7045 = ORIENTED_EDGE ( 'NONE', *, *, #1982, .F. ) ;
#7046 = DIRECTION ( 'NONE',  ( -3.942553354492742052E-16, 0.000000000000000000, -1.000000000000000000 ) ) ;
#7047 = AXIS2_PLACEMENT_3D ( 'NONE', #7316, #6478, #4937 ) ;
#7048 = VERTEX_POINT ( 'NONE', #8556 ) ;
#7049 = LINE ( 'NONE', #938, #219 ) ;
#7050 = AXIS2_PLACEMENT_3D ( 'NONE', #1719, #6284, #7127 ) ;
#7051 = ADVANCED_FACE ( 'NONE', ( #2425 ), #6281, .T. ) ;
#7052 = VERTEX_POINT ( 'NONE', #1623 ) ;
#7053 = DIRECTION ( 'NONE',  ( -0.000000000000000000, -1.000000000000000000, 0.000000000000000000 ) ) ;
#7054 = FACE_OUTER_BOUND ( 'NONE', #18, .T. ) ;
#7055 =( NAMED_UNIT ( * ) PLANE_ANGLE_UNIT ( ) SI_UNIT ( $, .RADIAN. ) );
#7056 = DIRECTION ( 'NONE',  ( -0.000000000000000000, -1.000000000000000000, -0.000000000000000000 ) ) ;
#7057 = EDGE_CURVE ( 'NONE', #6816, #6764, #4737, .T. ) ;
#7058 = VERTEX_POINT ( 'NONE', #7029 ) ;
#7059 = ORIENTED_EDGE ( 'NONE', *, *, #3857, .F. ) ;
#7060 = AXIS2_PLACEMENT_3D ( 'NONE', #5019, #3702, #9744 ) ;
#7061 = ORIENTED_EDGE ( 'NONE', *, *, #5102, .F. ) ;
#7062 = EDGE_LOOP ( 'NONE', ( #760, #1662, #4434, #68 ) ) ;
#7063 = CARTESIAN_POINT ( 'NONE',  ( -0.4749999999999997558, 0.1499999999999999944, -1.650000000000000577 ) ) ;
#7064 = FACE_OUTER_BOUND ( 'NONE', #9404, .T. ) ;
#7065 =( NAMED_UNIT ( * ) PLANE_ANGLE_UNIT ( ) SI_UNIT ( $, .RADIAN. ) );
#7066 = VECTOR ( 'NONE', #1918, 1000.000000000000000 ) ;
#7067 = CARTESIAN_POINT ( 'NONE',  ( 1.925000000000002265, 0.08999999999999999667, 0.4749999999999925948 ) ) ;
#7068 = EDGE_CURVE ( 'NONE', #970, #7058, #1331, .T. ) ;
#7069 = EDGE_LOOP ( 'NONE', ( #7899, #4177, #6213, #9543 ) ) ;
#7070 = VERTEX_POINT ( 'NONE', #3961 ) ;
#7071 = ADVANCED_FACE ( 'NONE', ( #94 ), #922, .T. ) ;
#7072 = EDGE_LOOP ( 'NONE', ( #8343, #1958, #5305, #9043 ) ) ;
#7073 = LINE ( 'NONE', #91, #7004 ) ;
#7074 = EDGE_CURVE ( 'NONE', #3842, #2253, #2766, .T. ) ;
#7075 = DIRECTION ( 'NONE',  ( 0.000000000000000000, -0.000000000000000000, -1.000000000000000000 ) ) ;
#7076 = FILL_AREA_STYLE_COLOUR ( '', #3632 ) ;
#7077 = CARTESIAN_POINT ( 'NONE',  ( -1.649999999999999023, 0.000000000000000000, -0.9749999999999999778 ) ) ;
#7078 = DIRECTION ( 'NONE',  ( -1.000000000000000000, 0.000000000000000000, 1.047444401652940007E-14 ) ) ;
#7079 = VERTEX_POINT ( 'NONE', #1716 ) ;
#7080 = SURFACE_STYLE_FILL_AREA ( #1673 ) ;
#7081 = EDGE_LOOP ( 'NONE', ( #8177, #3807, #3683, #2588 ) ) ;
#7082 = CARTESIAN_POINT ( 'NONE',  ( 1.924999999999999156, 0.000000000000000000, -1.125000000000000000 ) ) ;
#7083 = DIRECTION ( 'NONE',  ( 0.000000000000000000, 1.000000000000000000, 0.000000000000000000 ) ) ;
#7084 = CARTESIAN_POINT ( 'NONE',  ( 0.4750000000000001443, 0.04999999999999999584, -1.650000000000000577 ) ) ;
#7085 = LINE ( 'NONE', #1372, #43 ) ;
#7086 = DIRECTION ( 'NONE',  ( 0.000000000000000000, -1.000000000000000000, 0.000000000000000000 ) ) ;
#7087 = DIRECTION ( 'NONE',  ( -1.577021341797093074E-15, 0.000000000000000000, -1.000000000000000000 ) ) ;
#7088 = DIRECTION ( 'NONE',  ( 0.000000000000000000, 1.000000000000000000, 0.000000000000000000 ) ) ;
#7089 = ORIENTED_EDGE ( 'NONE', *, *, #4588, .T. ) ;
#7090 = VERTEX_POINT ( 'NONE', #878 ) ;
#7091 = VECTOR ( 'NONE', #3905, 1000.000000000000000 ) ;
#7092 = VECTOR ( 'NONE', #8811, 1000.000000000000000 ) ;
#7093 = CARTESIAN_POINT ( 'NONE',  ( 1.199999999999999956, 0.000000000000000000, -1.099999999999999645 ) ) ;
#7094 = EDGE_LOOP ( 'NONE', ( #64, #8526, #4779, #7658 ) ) ;
#7095 = DIRECTION ( 'NONE',  ( 1.577021341797095835E-15, 0.000000000000000000, 1.000000000000000000 ) ) ;
#7096 = AXIS2_PLACEMENT_3D ( 'NONE', #930, #6985, #1776 ) ;
#7097 = VECTOR ( 'NONE', #8890, 1000.000000000000000 ) ;
#7098 = ORIENTED_EDGE ( 'NONE', *, *, #9322, .T. ) ;
#7099 = AXIS2_PLACEMENT_3D ( 'NONE', #1690, #7930, #3983 ) ;
#7100 = DIRECTION ( 'NONE',  ( 0.000000000000000000, 1.000000000000000000, 0.000000000000000000 ) ) ;
#7101 = DIRECTION ( 'NONE',  ( 0.000000000000000000, 0.000000000000000000, -1.000000000000000000 ) ) ;
#7102 = LINE ( 'NONE', #8586, #601 ) ;
#7103 = DIRECTION ( 'NONE',  ( -0.000000000000000000, -0.000000000000000000, 1.000000000000000000 ) ) ;
#7104 = ORIENTED_EDGE ( 'NONE', *, *, #6694, .T. ) ;
#7105 = EDGE_CURVE ( 'NONE', #7925, #5359, #1801, .T. ) ;
#7106 = EDGE_LOOP ( 'NONE', ( #9258, #7378, #7137, #2606 ) ) ;
#7107 = STYLED_ITEM ( 'NONE', ( #3197 ), #5270 ) ;
#7108 = ORIENTED_EDGE ( 'NONE', *, *, #3508, .T. ) ;
#7109 = ORIENTED_EDGE ( 'NONE', *, *, #5962, .F. ) ;
#7110 = DIRECTION ( 'NONE',  ( -0.000000000000000000, -1.000000000000000000, -0.000000000000000000 ) ) ;
#7111 = FACE_OUTER_BOUND ( 'NONE', #1795, .T. ) ;
#7112 = FACE_OUTER_BOUND ( 'NONE', #1696, .T. ) ;
#7113 = LINE ( 'NONE', #8696, #4507 ) ;
#7114 = DIRECTION ( 'NONE',  ( 0.000000000000000000, 0.000000000000000000, 1.000000000000000000 ) ) ;
#7115 = VERTEX_POINT ( 'NONE', #4784 ) ;
#7116 = ORIENTED_EDGE ( 'NONE', *, *, #9264, .F. ) ;
#7117 = EDGE_LOOP ( 'NONE', ( #6802, #5325, #8805, #630 ) ) ;
#7118 = EDGE_CURVE ( 'NONE', #3974, #6689, #9262, .T. ) ;
#7119 = EDGE_CURVE ( 'NONE', #5990, #2968, #3323, .T. ) ;
#7120 = LINE ( 'NONE', #4295, #5096 ) ;
#7121 = CARTESIAN_POINT ( 'NONE',  ( 1.924999999999999156, 0.1499999999999999667, 0.8249999999999999556 ) ) ;
#7122 = CARTESIAN_POINT ( 'NONE',  ( 1.199999999999999956, 0.000000000000000000, 1.200000000000000178 ) ) ;
#7123 = LINE ( 'NONE', #4206, #5615 ) ;
#7124 = CARTESIAN_POINT ( 'NONE',  ( 0.1750000000000006828, 0.08999999999999999667, 1.619058829184431225 ) ) ;
#7125 = CARTESIAN_POINT ( 'NONE',  ( -0.4749999999999993117, 0.1499999999999999667, 1.925000000000001377 ) ) ;
#7126 = VERTEX_POINT ( 'NONE', #2568 ) ;
#7127 = DIRECTION ( 'NONE',  ( 0.000000000000000000, 0.000000000000000000, 1.000000000000000000 ) ) ;
#7128 = ORIENTED_EDGE ( 'NONE', *, *, #7896, .T. ) ;
#7129 = LINE ( 'NONE', #8662, #800 ) ;
#7130 = EDGE_CURVE ( 'NONE', #1742, #5783, #5579, .T. ) ;
#7131 = LINE ( 'NONE', #4167, #4318 ) ;
#7132 = DIRECTION ( 'NONE',  ( -4.937084235490472864E-15, 0.000000000000000000, -1.000000000000000000 ) ) ;
#7133 = DIRECTION ( 'NONE',  ( 0.000000000000000000, 0.000000000000000000, 1.000000000000000000 ) ) ;
#7134 = PLANE ( 'NONE',  #4460 ) ;
#7135 = ADVANCED_FACE ( 'NONE', ( #4834 ), #6124, .T. ) ;
#7136 = CARTESIAN_POINT ( 'NONE',  ( -1.999999999999999112, 0.05000000000000000278, 1.999999999999999556 ) ) ;
#7137 = ORIENTED_EDGE ( 'NONE', *, *, #8646, .T. ) ;
#7138 = ORIENTED_EDGE ( 'NONE', *, *, #7598, .T. ) ;
#7139 = DIRECTION ( 'NONE',  ( -0.000000000000000000, 0.000000000000000000, 1.000000000000000000 ) ) ;
#7140 = VECTOR ( 'NONE', #884, 1000.000000000000000 ) ;
#7141 = ORIENTED_EDGE ( 'NONE', *, *, #8389, .F. ) ;
#7142 = ORIENTED_EDGE ( 'NONE', *, *, #7130, .T. ) ;
#7143 = DIRECTION ( 'NONE',  ( -1.192004691317674036E-14, 0.000000000000000000, -1.000000000000000000 ) ) ;
#7144 = LINE ( 'NONE', #6305, #1827 ) ;
#7145 = VECTOR ( 'NONE', #3678, 1000.000000000000000 ) ;
#7146 = DIRECTION ( 'NONE',  ( 1.000000000000000000, 0.000000000000000000, 0.000000000000000000 ) ) ;
#7147 = CARTESIAN_POINT ( 'NONE',  ( -1.124999999999999334, 0.08999999999999999667, 1.619058829184431225 ) ) ;
#7148 = LINE ( 'NONE', #4034, #9409 ) ;
#7149 = VECTOR ( 'NONE', #572, 1000.000000000000000 ) ;
#7150 = EDGE_LOOP ( 'NONE', ( #7476, #1322, #4814, #9808 ) ) ;
#7151 = CIRCLE ( 'NONE', #2727, 0.1499999999999999667 ) ;
#7152 = ORIENTED_EDGE ( 'NONE', *, *, #9624, .T. ) ;
#7153 = STYLED_ITEM ( 'NONE', ( #7302 ), #8616 ) ;
#7154 = DIRECTION ( 'NONE',  ( -1.000000000000000000, 0.000000000000000000, -1.807003620809174385E-16 ) ) ;
#7155 = ORIENTED_EDGE ( 'NONE', *, *, #1405, .T. ) ;
#7156 = VECTOR ( 'NONE', #8682, 1000.000000000000000 ) ;
#7157 = VECTOR ( 'NONE', #6702, 1000.000000000000000 ) ;
#7158 = CARTESIAN_POINT ( 'NONE',  ( 1.199999999999999956, 3.544112549695427994, 1.200000000000000178 ) ) ;
#7159 = EDGE_CURVE ( 'NONE', #5631, #9635, #4890, .T. ) ;
#7160 = DIRECTION ( 'NONE',  ( 0.000000000000000000, 0.000000000000000000, -1.000000000000000000 ) ) ;
#7161 =( NAMED_UNIT ( * ) SI_UNIT ( $, .STERADIAN. ) SOLID_ANGLE_UNIT ( ) );
#7162 = AXIS2_PLACEMENT_3D ( 'NONE', #3554, #6469, #5068 ) ;
#7163 = CARTESIAN_POINT ( 'NONE',  ( 1.649999999999999023, 0.6702163011671202764, 0.1750000000000000167 ) ) ;
#7164 = CLOSED_SHELL ( 'NONE', ( #8987, #6717, #8632, #3850, #8650, #2589 ) ) ;
#7165 = ORIENTED_EDGE ( 'NONE', *, *, #1056, .T. ) ;
#7166 = ORIENTED_EDGE ( 'NONE', *, *, #8321, .F. ) ;
#7167 = ORIENTED_EDGE ( 'NONE', *, *, #7818, .T. ) ;
#7168 = CARTESIAN_POINT ( 'NONE',  ( 0.6500000000000027978, 0.05000000000000000278, 1.924999999999999822 ) ) ;
#7169 = EDGE_CURVE ( 'NONE', #1000, #3013, #6576, .T. ) ;
#7170 = FACE_OUTER_BOUND ( 'NONE', #7660, .T. ) ;
#7171 = AXIS2_PLACEMENT_3D ( 'NONE', #3016, #5073, #8100 ) ;
#7172 = CARTESIAN_POINT ( 'NONE',  ( -1.925000000000013145, 0.1499999999999999667, -1.124999999999978684 ) ) ;
#7173 = FILL_AREA_STYLE ('',( #3273 ) ) ;
#7174 = FACE_OUTER_BOUND ( 'NONE', #6611, .T. ) ;
#7175 = LINE ( 'NONE', #3421, #1282 ) ;
#7176 = ORIENTED_EDGE ( 'NONE', *, *, #1056, .F. ) ;
#7177 = FILL_AREA_STYLE ('',( #6481 ) ) ;
#7178 = EDGE_LOOP ( 'NONE', ( #7392, #8354, #8146, #1750 ) ) ;
#7179 = ADVANCED_FACE ( 'NONE', ( #2066 ), #7317, .T. ) ;
#7180 = CARTESIAN_POINT ( 'NONE',  ( -1.124999999999999334, 0.1499999999999999667, 1.619058829184431225 ) ) ;
#7181 = EDGE_CURVE ( 'NONE', #3132, #7901, #3562, .T. ) ;
#7182 = EDGE_CURVE ( 'NONE', #6540, #2799, #9607, .T. ) ;
#7183 = VECTOR ( 'NONE', #6534, 1000.000000000000000 ) ;
#7184 = FACE_OUTER_BOUND ( 'NONE', #1880, .T. ) ;
#7185 = FACE_OUTER_BOUND ( 'NONE', #8314, .T. ) ;
#7186 = CARTESIAN_POINT ( 'NONE',  ( 0.8249999999999991784, 0.1500000000000008271, -2.000000000000000888 ) ) ;
#7187 = CARTESIAN_POINT ( 'NONE',  ( -1.125000000000000666, 0.08999999999999999667, -1.924999999999998046 ) ) ;
#7188 = DIRECTION ( 'NONE',  ( 0.000000000000000000, 0.000000000000000000, -1.000000000000000000 ) ) ;
#7189 = DIRECTION ( 'NONE',  ( 1.047444401652940007E-14, 0.000000000000000000, 1.000000000000000000 ) ) ;
#7190 = ORIENTED_EDGE ( 'NONE', *, *, #1134, .F. ) ;
#7191 = ORIENTED_EDGE ( 'NONE', *, *, #6876, .T. ) ;
#7192 = AXIS2_PLACEMENT_3D ( 'NONE', #8766, #7960, #2627 ) ;
#7193 = DIRECTION ( 'NONE',  ( -1.000000000000000000, 0.000000000000000000, 3.942553354492742052E-16 ) ) ;
#7194 = ORIENTED_EDGE ( 'NONE', *, *, #3699, .T. ) ;
#7195 = ADVANCED_FACE ( 'NONE', ( #2769 ), #1964, .T. ) ;
#7196 = ORIENTED_EDGE ( 'NONE', *, *, #3447, .F. ) ;
#7197 = VECTOR ( 'NONE', #7748, 1000.000000000000000 ) ;
#7198 = CARTESIAN_POINT ( 'NONE',  ( -1.925000000000008260, 0.08999999999999999667, -0.8249999999999791944 ) ) ;
#7199 = LINE ( 'NONE', #2648, #8158 ) ;
#7200 = DIRECTION ( 'NONE',  ( -1.000000000000000000, 0.000000000000000000, 1.445602896647339706E-15 ) ) ;
#7201 = CARTESIAN_POINT ( 'NONE',  ( -0.8249999999999992895, 0.08999999999999999667, 1.925000000000000933 ) ) ;
#7202 = EDGE_CURVE ( 'NONE', #611, #5889, #1264, .T. ) ;
#7203 = DIRECTION ( 'NONE',  ( 0.000000000000000000, -1.000000000000000000, 0.000000000000000000 ) ) ;
#7204 = MECHANICAL_DESIGN_GEOMETRIC_PRESENTATION_REPRESENTATION (  '', ( #869 ), #87 ) ;
#7205 = EDGE_LOOP ( 'NONE', ( #3351, #389, #3557, #251, #8690, #9705 ) ) ;
#7206 = ORIENTED_EDGE ( 'NONE', *, *, #5384, .F. ) ;
#7207 = VECTOR ( 'NONE', #3704, 1000.000000000000000 ) ;
#7208 = ORIENTED_EDGE ( 'NONE', *, *, #6640, .F. ) ;
#7209 = VERTEX_POINT ( 'NONE', #432 ) ;
#7210 = LINE ( 'NONE', #4821, #5002 ) ;
#7211 = CARTESIAN_POINT ( 'NONE',  ( -0.9749999999999997558, 0.1499999999999999944, 1.650000000000000799 ) ) ;
#7212 = CARTESIAN_POINT ( 'NONE',  ( -1.999999999999997780, 0.08999999999999999667, 0.1750000000000216382 ) ) ;
#7213 = DIRECTION ( 'NONE',  ( 1.000000000000000000, -0.000000000000000000, 3.942553354492742052E-16 ) ) ;
#7214 = ORIENTED_EDGE ( 'NONE', *, *, #1156, .F. ) ;
#7215 = ORIENTED_EDGE ( 'NONE', *, *, #7361, .F. ) ;
#7216 = VECTOR ( 'NONE', #8929, 1000.000000000000000 ) ;
#7217 = FACE_OUTER_BOUND ( 'NONE', #7238, .T. ) ;
#7218 = CARTESIAN_POINT ( 'NONE',  ( -1.924999999999999156, 0.05000000000000000278, 1.949999999999999956 ) ) ;
#7219 = PLANE ( 'NONE',  #6302 ) ;
#7220 = FILL_AREA_STYLE ('',( #7956 ) ) ;
#7221 = DIRECTION ( 'NONE',  ( 3.491481338843133355E-15, -0.000000000000000000, 1.000000000000000000 ) ) ;
#7222 = DIRECTION ( 'NONE',  ( 0.000000000000000000, -1.000000000000000000, 0.000000000000000000 ) ) ;
#7223 = ORIENTED_EDGE ( 'NONE', *, *, #1770, .T. ) ;
#7224 = ORIENTED_EDGE ( 'NONE', *, *, #8188, .T. ) ;
#7225 = ADVANCED_FACE ( 'NONE', ( #477 ), #5678, .T. ) ;
#7226 = PRESENTATION_STYLE_ASSIGNMENT (( #1176 ) ) ;
#7227 = LINE ( 'NONE', #9569, #8119 ) ;
#7228 = FACE_OUTER_BOUND ( 'NONE', #3605, .T. ) ;
#7229 = CARTESIAN_POINT ( 'NONE',  ( -0.8250000000000010658, 0.1499999999999999667, -1.924999999999998490 ) ) ;
#7230 = PLANE ( 'NONE',  #4556 ) ;
#7231 = LINE ( 'NONE', #3722, #1293 ) ;
#7232 = LINE ( 'NONE', #9521, #6031 ) ;
#7233 = VERTEX_POINT ( 'NONE', #7907 ) ;
#7234 = ORIENTED_EDGE ( 'NONE', *, *, #2811, .T. ) ;
#7235 = CARTESIAN_POINT ( 'NONE',  ( 0.3250000000000001776, 0.6702163011671209425, 1.650000000000000799 ) ) ;
#7236 = ORIENTED_EDGE ( 'NONE', *, *, #7480, .T. ) ;
#7237 = EDGE_CURVE ( 'NONE', #2859, #9363, #7957, .T. ) ;
#7238 = EDGE_LOOP ( 'NONE', ( #2676, #1088, #7559, #9793 ) ) ;
#7239 = LINE ( 'NONE', #6449, #5081 ) ;
#7240 = LINE ( 'NONE', #8785, #596 ) ;
#7241 = CYLINDRICAL_SURFACE ( 'NONE', #4174, 0.1499999999999999667 ) ;
#7242 = MECHANICAL_DESIGN_GEOMETRIC_PRESENTATION_REPRESENTATION (  '', ( #1532 ), #5494 ) ;
#7243 = CARTESIAN_POINT ( 'NONE',  ( 1.924999999999999156, 0.1499999999999999667, -1.125000000000000000 ) ) ;
#7244 = AXIS2_PLACEMENT_3D ( 'NONE', #1052, #6364, #9400 ) ;
#7245 = DIRECTION ( 'NONE',  ( -1.047444401652940007E-14, 0.000000000000000000, -1.000000000000000000 ) ) ;
#7246 = EDGE_CURVE ( 'NONE', #3742, #1804, #6479, .T. ) ;
#7247 = VERTEX_POINT ( 'NONE', #3420 ) ;
#7248 = EDGE_LOOP ( 'NONE', ( #4542, #293, #4066, #1825 ) ) ;
#7249 = EDGE_LOOP ( 'NONE', ( #4916, #3373, #1358, #4048 ) ) ;
#7250 = AXIS2_PLACEMENT_3D ( 'NONE', #6219, #7700, #3760 ) ;
#7251 = EDGE_LOOP ( 'NONE', ( #9610, #9386, #8165, #6994 ) ) ;
#7252 = VECTOR ( 'NONE', #6559, 1000.000000000000000 ) ;
#7253 = EDGE_LOOP ( 'NONE', ( #2750, #872, #3215, #4893 ) ) ;
#7254 = DIRECTION ( 'NONE',  ( -0.000000000000000000, -1.000000000000000000, -0.000000000000000000 ) ) ;
#7255 = AXIS2_PLACEMENT_3D ( 'NONE', #2993, #4514, #7530 ) ;
#7256 = CARTESIAN_POINT ( 'NONE',  ( 1.124999999999999334, 0.08999999999999999667, -1.999999999999999556 ) ) ;
#7257 = DIRECTION ( 'NONE',  ( 1.577021341797095637E-15, 0.000000000000000000, 1.000000000000000000 ) ) ;
#7258 = ADVANCED_FACE ( 'NONE', ( #8813 ), #9464, .T. ) ;
#7259 = LINE ( 'NONE', #2806, #1932 ) ;
#7260 = EDGE_LOOP ( 'NONE', ( #4720, #6976, #7379, #3098 ) ) ;
#7261 = ORIENTED_EDGE ( 'NONE', *, *, #6375, .T. ) ;
#7262 = UNCERTAINTY_MEASURE_WITH_UNIT (LENGTH_MEASURE( 1.000000000000000082E-05 ), #468, 'distance_accuracy_value', 'NONE');
#7263 = VERTEX_POINT ( 'NONE', #4256 ) ;
#7264 = DIRECTION ( 'NONE',  ( 1.000000000000000000, 0.000000000000000000, -3.942553354492742052E-16 ) ) ;
#7265 = DIRECTION ( 'NONE',  ( 1.000000000000000000, 0.000000000000000000, -3.491481338843133355E-15 ) ) ;
#7266 = PLANE ( 'NONE',  #2668 ) ;
#7267 = DIRECTION ( 'NONE',  ( 0.000000000000000000, -0.000000000000000000, 1.000000000000000000 ) ) ;
#7268 = CARTESIAN_POINT ( 'NONE',  ( 1.099999999999999867, 3.544112549695427994, 1.100000000000000089 ) ) ;
#7269 = ORIENTED_EDGE ( 'NONE', *, *, #295, .F. ) ;
#7270 = DIRECTION ( 'NONE',  ( -0.000000000000000000, -1.000000000000000000, -0.000000000000000000 ) ) ;
#7271 = CARTESIAN_POINT ( 'NONE',  ( 0.8250000000000001776, 0.1499999999999999944, -1.650000000000000577 ) ) ;
#7272 = CARTESIAN_POINT ( 'NONE',  ( -1.999999999999990896, 0.08999999999999999667, 0.8250000000000216049 ) ) ;
#7273 = DIRECTION ( 'NONE',  ( -1.000000000000000000, 0.000000000000000000, 1.445602896647339706E-15 ) ) ;
#7274 = LINE ( 'NONE', #1231, #2405 ) ;
#7275 = CARTESIAN_POINT ( 'NONE',  ( 0.3250000000000001776, 0.6702163011671209425, -1.650000000000000799 ) ) ;
#7276 = VERTEX_POINT ( 'NONE', #3370 ) ;
#7277 = VERTEX_POINT ( 'NONE', #5629 ) ;
#7278 = LINE ( 'NONE', #6593, #2400 ) ;
#7279 = EDGE_CURVE ( 'NONE', #2211, #3059, #5035, .T. ) ;
#7280 = EDGE_CURVE ( 'NONE', #3817, #4294, #9414, .T. ) ;
#7281 = ORIENTED_EDGE ( 'NONE', *, *, #5914, .F. ) ;
#7282 = CARTESIAN_POINT ( 'NONE',  ( -2.000000000000004441, 0.1499999999999999667, -0.4749999999999783840 ) ) ;
#7283 = DIRECTION ( 'NONE',  ( 4.937084235490472864E-15, 0.000000000000000000, 1.000000000000000000 ) ) ;
#7284 = CARTESIAN_POINT ( 'NONE',  ( 0.4749999999999988676, 0.1499999999999999667, -1.925000000000000488 ) ) ;
#7285 = EDGE_CURVE ( 'NONE', #6101, #8986, #8056, .T. ) ;
#7286 = DIRECTION ( 'NONE',  ( -1.000000000000000000, 0.000000000000000000, 0.000000000000000000 ) ) ;
#7287 = CARTESIAN_POINT ( 'NONE',  ( 0.8250000000000001776, 0.04999999999999999584, 1.650000000000000577 ) ) ;
#7288 = LINE ( 'NONE', #5200, #4143 ) ;
#7289 = EDGE_CURVE ( 'NONE', #3146, #135, #2623, .T. ) ;
#7290 = ORIENTED_EDGE ( 'NONE', *, *, #6532, .F. ) ;
#7291 = CARTESIAN_POINT ( 'NONE',  ( -1.599999999999999201, 1.399999999999999911, -1.766666666666667496 ) ) ;
#7292 = ADVANCED_FACE ( 'NONE', ( #7174 ), #4938, .F. ) ;
#7293 = VERTEX_POINT ( 'NONE', #6774 ) ;
#7294 = EDGE_CURVE ( 'NONE', #5117, #1730, #858, .T. ) ;
#7295 = VECTOR ( 'NONE', #4469, 1000.000000000000000 ) ;
#7296 = PRODUCT_DEFINITION_FORMATION_WITH_SPECIFIED_SOURCE ( 'ANY', '', #4642, .NOT_KNOWN. ) ;
#7297 = LINE ( 'NONE', #2907, #4051 ) ;
#7298 = AXIS2_PLACEMENT_3D ( 'NONE', #4171, #6539, #2684 ) ;
#7299 = CARTESIAN_POINT ( 'NONE',  ( 0.8250000000000001776, 0.1499999999999999667, -1.650000000000000577 ) ) ;
#7300 = LINE ( 'NONE', #4430, #7097 ) ;
#7301 = DIRECTION ( 'NONE',  ( -1.000000000000000000, 0.000000000000000000, 0.000000000000000000 ) ) ;
#7302 = PRESENTATION_STYLE_ASSIGNMENT (( #1057 ) ) ;
#7303 = MECHANICAL_DESIGN_GEOMETRIC_PRESENTATION_REPRESENTATION (  '', ( #658 ), #4458 ) ;
#7304 = ADVANCED_FACE ( 'NONE', ( #7413 ), #4347, .F. ) ;
#7305 = ORIENTED_EDGE ( 'NONE', *, *, #8760, .T. ) ;
#7306 = CIRCLE ( 'NONE', #7616, 0.1499999999999999667 ) ;
#7307 = ORIENTED_EDGE ( 'NONE', *, *, #5398, .F. ) ;
#7308 = AXIS2_PLACEMENT_3D ( 'NONE', #6587, #5838, #579 ) ;
#7309 = EDGE_CURVE ( 'NONE', #2131, #6816, #6672, .T. ) ;
#7310 = ORIENTED_EDGE ( 'NONE', *, *, #2643, .T. ) ;
#7311 = PRESENTATION_LAYER_ASSIGNMENT (  '', '', ( #7944 ) ) ;
#7312 = CLOSED_SHELL ( 'NONE', ( #7258, #5608, #5832, #7634, #4036, #3901 ) ) ;
#7313 = DIRECTION ( 'NONE',  ( 0.000000000000000000, -1.000000000000000000, -0.000000000000000000 ) ) ;
#7314 = DIRECTION ( 'NONE',  ( 3.491481338843133355E-15, 0.000000000000000000, 1.000000000000000000 ) ) ;
#7315 = FACE_OUTER_BOUND ( 'NONE', #5846, .T. ) ;
#7316 = CARTESIAN_POINT ( 'NONE',  ( -0.8249999999999997335, 0.6702163011671209425, -1.925000000000000933 ) ) ;
#7317 = PLANE ( 'NONE',  #6725 ) ;
#7318 = AXIS2_PLACEMENT_3D ( 'NONE', #5342, #300, #9372 ) ;
#7319 = CARTESIAN_POINT ( 'NONE',  ( 0.4749999999999993117, 0.08999999999999999667, -1.999999999999999556 ) ) ;
#7320 = VECTOR ( 'NONE', #5625, 1000.000000000000000 ) ;
#7321 = LINE ( 'NONE', #1173, #5437 ) ;
#7322 = VERTEX_POINT ( 'NONE', #3811 ) ;
#7323 = VECTOR ( 'NONE', #9604, 1000.000000000000000 ) ;
#7324 = DIRECTION ( 'NONE',  ( -1.000000000000000000, 0.000000000000000000, 1.047444401652940007E-14 ) ) ;
#7325 = CARTESIAN_POINT ( 'NONE',  ( 2.000000000000000888, 0.1500000000000008271, 0.1749999999999922173 ) ) ;
#7326 = DIRECTION ( 'NONE',  ( -1.047444401652940007E-14, 0.000000000000000000, -1.000000000000000000 ) ) ;
#7327 = DIRECTION ( 'NONE',  ( 0.000000000000000000, 0.000000000000000000, -1.000000000000000000 ) ) ;
#7328 = CARTESIAN_POINT ( 'NONE',  ( 0.8250000000000006217, 0.08999999999999999667, 1.999999999999999556 ) ) ;
#7329 = CARTESIAN_POINT ( 'NONE',  ( -1.924999999999999156, 0.6702163011671202764, 0.1750000000000000167 ) ) ;
#7330 = ORIENTED_EDGE ( 'NONE', *, *, #1831, .T. ) ;
#7331 = EDGE_LOOP ( 'NONE', ( #4851, #6968, #4541, #5680 ) ) ;
#7332 = CARTESIAN_POINT ( 'NONE',  ( 0.1749999999999993228, 0.08999999999999999667, -1.925000000000000044 ) ) ;
#7333 = ADVANCED_FACE ( 'NONE', ( #771 ), #722, .F. ) ;
#7334 = VERTEX_POINT ( 'NONE', #2119 ) ;
#7335 = DIRECTION ( 'NONE',  ( 1.000000000000000000, 0.000000000000000000, -0.000000000000000000 ) ) ;
#7336 = DIRECTION ( 'NONE',  ( 1.000000000000000000, 0.000000000000000000, -0.000000000000000000 ) ) ;
#7337 = CARTESIAN_POINT ( 'NONE',  ( 0.9750000000000001998, 0.000000000000000000, 1.650000000000000799 ) ) ;
#7338 = AXIS2_PLACEMENT_3D ( 'NONE', #2372, #3543, #2323 ) ;
#7339 = CARTESIAN_POINT ( 'NONE',  ( 0.4750000000000005884, 0.1499999999999999944, 1.925000000000000933 ) ) ;
#7340 = DIRECTION ( 'NONE',  ( 0.000000000000000000, 1.000000000000000000, 0.000000000000000000 ) ) ;
#7341 = DIRECTION ( 'NONE',  ( 1.577021341797095835E-15, 0.000000000000000000, 1.000000000000000000 ) ) ;
#7342 = ORIENTED_EDGE ( 'NONE', *, *, #848, .T. ) ;
#7343 = ADVANCED_FACE ( 'NONE', ( #2216 ), #3660, .F. ) ;
#7344 = CARTESIAN_POINT ( 'NONE',  ( 1.199999999999999956, 3.544112549695427994, -1.199999999999999734 ) ) ;
#7345 = EDGE_LOOP ( 'NONE', ( #2196, #2305, #693, #8169 ) ) ;
#7346 = EDGE_CURVE ( 'NONE', #3155, #5266, #6067, .T. ) ;
#7347 = AXIS2_PLACEMENT_3D ( 'NONE', #1861, #5779, #8006 ) ;
#7348 = LINE ( 'NONE', #8992, #7371 ) ;
#7349 = ADVANCED_FACE ( 'NONE', ( #1462 ), #4538, .T. ) ;
#7350 = CARTESIAN_POINT ( 'NONE',  ( 1.649999999999999023, 0.6702163011671202764, -0.8249999999999999556 ) ) ;
#7351 = LINE ( 'NONE', #9748, #9273 ) ;
#7352 = VECTOR ( 'NONE', #3847, 1000.000000000000000 ) ;
#7353 = FACE_OUTER_BOUND ( 'NONE', #4462, .T. ) ;
#7354 = ORIENTED_EDGE ( 'NONE', *, *, #9790, .F. ) ;
#7355 = EDGE_LOOP ( 'NONE', ( #8896, #4427, #3361, #3074 ) ) ;
#7356 = ORIENTED_EDGE ( 'NONE', *, *, #102, .F. ) ;
#7357 = UNCERTAINTY_MEASURE_WITH_UNIT (LENGTH_MEASURE( 1.000000000000000082E-05 ), #520, 'distance_accuracy_value', 'NONE');
#7358 = CIRCLE ( 'NONE', #8127, 0.1499999999999999667 ) ;
#7359 = ORIENTED_EDGE ( 'NONE', *, *, #9612, .F. ) ;
#7360 = ADVANCED_FACE ( 'NONE', ( #9106 ), #8104, .T. ) ;
#7361 = EDGE_CURVE ( 'NONE', #4523, #2253, #8151, .T. ) ;
#7362 = CARTESIAN_POINT ( 'NONE',  ( 1.125000000000000666, 0.6702163011671209425, 1.925000000000000933 ) ) ;
#7363 = DIRECTION ( 'NONE',  ( -1.000000000000000000, -0.000000000000000000, 1.047444401652940007E-14 ) ) ;
#7364 = LINE ( 'NONE', #5971, #591 ) ;
#7365 = LINE ( 'NONE', #3610, #5448 ) ;
#7366 = CARTESIAN_POINT ( 'NONE',  ( 0.8250000000000006217, 0.08999999999999999667, 1.924999999999998490 ) ) ;
#7367 = CARTESIAN_POINT ( 'NONE',  ( -1.924999999999999156, 0.1499999999999999667, 0.1750000000000000167 ) ) ;
#7368 = LINE ( 'NONE', #6823, #2723 ) ;
#7369 = ORIENTED_EDGE ( 'NONE', *, *, #7489, .F. ) ;
#7370 = EDGE_CURVE ( 'NONE', #6109, #5142, #9658, .T. ) ;
#7371 = VECTOR ( 'NONE', #8845, 1000.000000000000000 ) ;
#7372 = FACE_OUTER_BOUND ( 'NONE', #8240, .T. ) ;
#7373 = DIRECTION ( 'NONE',  ( 1.000000000000000000, 0.000000000000000000, -3.491481338843133355E-15 ) ) ;
#7374 = DIRECTION ( 'NONE',  ( 1.192004691317674036E-14, 0.000000000000000000, 1.000000000000000000 ) ) ;
#7375 = CARTESIAN_POINT ( 'NONE',  ( 1.924999999999999156, 0.000000000000000000, 0.4750000000000000333 ) ) ;
#7376 = PLANE ( 'NONE',  #36 ) ;
#7377 = PLANE ( 'NONE',  #7298 ) ;
#7378 = ORIENTED_EDGE ( 'NONE', *, *, #9260, .T. ) ;
#7379 = ORIENTED_EDGE ( 'NONE', *, *, #1046, .F. ) ;
#7380 = CIRCLE ( 'NONE', #4224, 0.1000000000000000472 ) ;
#7381 = DIRECTION ( 'NONE',  ( 0.000000000000000000, -1.000000000000000000, 0.000000000000000000 ) ) ;
#7382 = CARTESIAN_POINT ( 'NONE',  ( 1.999999999999995781, 0.08999999999999999667, -1.125000000000007550 ) ) ;
#7383 = EDGE_LOOP ( 'NONE', ( #6096, #9741, #6690, #2164 ) ) ;
#7384 = PLANE ( 'NONE',  #1292 ) ;
#7385 = LINE ( 'NONE', #8074, #8192 ) ;
#7386 = CARTESIAN_POINT ( 'NONE',  ( -0.8249999999999992895, 0.6702163011671209425, 1.925000000000000933 ) ) ;
#7387 = CARTESIAN_POINT ( 'NONE',  ( 0.8250000000000006217, 0.1499999999999999667, 1.999999999999999556 ) ) ;
#7388 = CARTESIAN_POINT ( 'NONE',  ( -2.000000000000004441, 0.08999999999999999667, -0.4749999999999783840 ) ) ;
#7389 = DIRECTION ( 'NONE',  ( 0.000000000000000000, 0.000000000000000000, 1.000000000000000000 ) ) ;
#7390 = ORIENTED_EDGE ( 'NONE', *, *, #5041, .T. ) ;
#7391 = DIRECTION ( 'NONE',  ( 0.000000000000000000, 0.000000000000000000, -1.000000000000000000 ) ) ;
#7392 = ORIENTED_EDGE ( 'NONE', *, *, #2811, .F. ) ;
#7393 = ADVANCED_FACE ( 'NONE', ( #2865 ), #5129, .T. ) ;
#7394 = AXIS2_PLACEMENT_3D ( 'NONE', #5700, #6836, #3822 ) ;
#7395 = FACE_OUTER_BOUND ( 'NONE', #7910, .T. ) ;
#7396 = PLANE ( 'NONE',  #1859 ) ;
#7397 = EDGE_CURVE ( 'NONE', #2976, #4741, #5873, .T. ) ;
#7398 = DIRECTION ( 'NONE',  ( 1.000000000000000000, 0.000000000000000000, -3.491481338843133355E-15 ) ) ;
#7399 = ORIENTED_EDGE ( 'NONE', *, *, #3689, .T. ) ;
#7400 = CARTESIAN_POINT ( 'NONE',  ( 1.649999999999999023, 0.6702163011671202764, -0.3250000000000000111 ) ) ;
#7401 = VERTEX_POINT ( 'NONE', #8299 ) ;
#7402 = CIRCLE ( 'NONE', #3617, 0.1000000000000000472 ) ;
#7403 = AXIS2_PLACEMENT_3D ( 'NONE', #7211, #8496, #4191 ) ;
#7404 = ORIENTED_EDGE ( 'NONE', *, *, #254, .T. ) ;
#7405 = ORIENTED_EDGE ( 'NONE', *, *, #3206, .F. ) ;
#7406 = VECTOR ( 'NONE', #9029, 1000.000000000000000 ) ;
#7407 = ORIENTED_EDGE ( 'NONE', *, *, #9779, .T. ) ;
#7408 = EDGE_CURVE ( 'NONE', #2186, #4362, #670, .T. ) ;
#7409 = CARTESIAN_POINT ( 'NONE',  ( -0.9749999999999997558, 0.1499999999999999944, -1.650000000000000799 ) ) ;
#7410 =( GEOMETRIC_REPRESENTATION_CONTEXT ( 3 ) GLOBAL_UNCERTAINTY_ASSIGNED_CONTEXT ( ( #6969 ) ) GLOBAL_UNIT_ASSIGNED_CONTEXT ( ( #3008, #708, #6007 ) ) REPRESENTATION_CONTEXT ( 'NONE', 'WORKASPACE' ) );
#7411 = CARTESIAN_POINT ( 'NONE',  ( -1.999999999999994893, 0.08999999999999999667, 0.4750000000000215161 ) ) ;
#7412 = DIRECTION ( 'NONE',  ( 0.000000000000000000, -1.000000000000000000, 0.000000000000000000 ) ) ;
#7413 = FACE_OUTER_BOUND ( 'NONE', #9587, .T. ) ;
#7414 = CARTESIAN_POINT ( 'NONE',  ( 0.8250000000000001776, 0.6702163011671209425, -1.925000000000000933 ) ) ;
#7415 = ORIENTED_EDGE ( 'NONE', *, *, #6392, .F. ) ;
#7416 = EDGE_LOOP ( 'NONE', ( #7342, #9189, #5153, #6699 ) ) ;
#7417 = EDGE_CURVE ( 'NONE', #5317, #7322, #9055, .T. ) ;
#7418 = ADVANCED_FACE ( 'NONE', ( #7509 ), #2264, .T. ) ;
#7419 = CARTESIAN_POINT ( 'NONE',  ( -0.1750000000000006828, 0.08999999999999999667, -1.999999999999999556 ) ) ;
#7420 = FACE_OUTER_BOUND ( 'NONE', #905, .T. ) ;
#7421 = CARTESIAN_POINT ( 'NONE',  ( 1.925000000000003819, 0.6702163011671209425, 0.8249999999999926281 ) ) ;
#7422 = DIRECTION ( 'NONE',  ( -0.000000000000000000, 0.000000000000000000, 1.000000000000000000 ) ) ;
#7423 = CARTESIAN_POINT ( 'NONE',  ( -1.999999999999990896, 0.08999999999999999667, 0.8250000000000216049 ) ) ;
#7424 = CARTESIAN_POINT ( 'NONE',  ( -1.124999999999999778, 0.1499999999999999944, -1.925000000000000933 ) ) ;
#7425 = VERTEX_POINT ( 'NONE', #1703 ) ;
#7426 = ORIENTED_EDGE ( 'NONE', *, *, #8920, .F. ) ;
#7427 = CARTESIAN_POINT ( 'NONE',  ( -1.925000000000009592, 0.6702163011671209425, -0.8249999999999791944 ) ) ;
#7428 = EDGE_CURVE ( 'NONE', #7277, #9198, #174, .T. ) ;
#7429 = ADVANCED_FACE ( 'NONE', ( #7799 ), #865, .F. ) ;
#7430 = DIRECTION ( 'NONE',  ( 0.000000000000000000, 1.000000000000000000, 0.000000000000000000 ) ) ;
#7431 = ORIENTED_EDGE ( 'NONE', *, *, #3777, .F. ) ;
#7432 = CARTESIAN_POINT ( 'NONE',  ( 1.924999999999999156, 0.1499999999999999667, -0.4749999999999999223 ) ) ;
#7433 = LINE ( 'NONE', #2188, #6301 ) ;
#7434 = DIRECTION ( 'NONE',  ( 0.000000000000000000, 1.000000000000000000, 0.000000000000000000 ) ) ;
#7435 = CARTESIAN_POINT ( 'NONE',  ( 0.8249999999999992895, 0.08999999999999999667, -1.999999999999999556 ) ) ;
#7436 = LINE ( 'NONE', #4423, #344 ) ;
#7437 = ORIENTED_EDGE ( 'NONE', *, *, #8769, .F. ) ;
#7438 = CARTESIAN_POINT ( 'NONE',  ( 1.924999999999999156, 0.6702163011671202764, -1.125000000000000000 ) ) ;
#7439 = ORIENTED_EDGE ( 'NONE', *, *, #3967, .F. ) ;
#7440 = ORIENTED_EDGE ( 'NONE', *, *, #7202, .F. ) ;
#7441 = DIRECTION ( 'NONE',  ( -1.047444401652940007E-14, -0.000000000000000000, -1.000000000000000000 ) ) ;
#7442 = CARTESIAN_POINT ( 'NONE',  ( 1.125000000000000222, 0.04999999999999999584, -1.650000000000000577 ) ) ;
#7443 = DIRECTION ( 'NONE',  ( 1.577021341797095835E-15, 0.000000000000000000, 1.000000000000000000 ) ) ;
#7444 = DIRECTION ( 'NONE',  ( 0.000000000000000000, -1.000000000000000000, 0.000000000000000000 ) ) ;
#7445 = ORIENTED_EDGE ( 'NONE', *, *, #1061, .T. ) ;
#7446 = ORIENTED_EDGE ( 'NONE', *, *, #5737, .F. ) ;
#7447 = SHAPE_DEFINITION_REPRESENTATION ( #3151, #6509 ) ;
#7448 = VECTOR ( 'NONE', #1636, 1000.000000000000000 ) ;
#7449 = VERTEX_POINT ( 'NONE', #5518 ) ;
#7450 = AXIS2_PLACEMENT_3D ( 'NONE', #7180, #9320, #6287 ) ;
#7451 = EDGE_LOOP ( 'NONE', ( #1109, #7605, #7190, #8592 ) ) ;
#7452 = EDGE_CURVE ( 'NONE', #38, #6903, #9303, .T. ) ;
#7453 = VECTOR ( 'NONE', #1579, 1000.000000000000000 ) ;
#7454 = VERTEX_POINT ( 'NONE', #3997 ) ;
#7455 = PLANE ( 'NONE',  #8435 ) ;
#7456 =( NAMED_UNIT ( * ) SI_UNIT ( $, .STERADIAN. ) SOLID_ANGLE_UNIT ( ) );
#7457 = DIRECTION ( 'NONE',  ( -1.000000000000000000, -0.000000000000000000, -0.000000000000000000 ) ) ;
#7458 = DIRECTION ( 'NONE',  ( -1.577021341797093074E-15, 0.000000000000000000, -1.000000000000000000 ) ) ;
#7459 = VERTEX_POINT ( 'NONE', #3907 ) ;
#7460 = VECTOR ( 'NONE', #3030, 1000.000000000000000 ) ;
#7461 = CIRCLE ( 'NONE', #1602, 0.1000000000000000472 ) ;
#7462 = ORIENTED_EDGE ( 'NONE', *, *, #8646, .F. ) ;
#7463 = AXIS2_PLACEMENT_3D ( 'NONE', #7400, #1309, #5919 ) ;
#7464 = EDGE_CURVE ( 'NONE', #4764, #9272, #226, .T. ) ;
#7466 = DIRECTION ( 'NONE',  ( -3.491481338843133355E-15, 0.000000000000000000, -1.000000000000000000 ) ) ;
#7465 = VECTOR ( 'NONE', #8831, 1000.000000000000000 ) ;
#7467 = CARTESIAN_POINT ( 'NONE',  ( -0.1749999999999998224, 0.000000000000000000, -1.925000000000000933 ) ) ;
#7468 = VECTOR ( 'NONE', #7313, 1000.000000000000000 ) ;
#7469 = CARTESIAN_POINT ( 'NONE',  ( 0.1750000000000006828, 0.08999999999999999667, 1.924999999999999600 ) ) ;
#7470 = FACE_BOUND ( 'NONE', #2337, .T. ) ;
#7471 = LINE ( 'NONE', #7423, #2571 ) ;
#7472 = EDGE_CURVE ( 'NONE', #6816, #5353, #4727, .T. ) ;
#7474 = LINE ( 'NONE', #4550, #6195 ) ;
#7473 = CARTESIAN_POINT ( 'NONE',  ( 1.125000000000000666, 0.08999999999999999667, 1.924999999999998046 ) ) ;
#7475 = ORIENTED_EDGE ( 'NONE', *, *, #1647, .T. ) ;
#7476 = ORIENTED_EDGE ( 'NONE', *, *, #8022, .T. ) ;
#7477 = EDGE_CURVE ( 'NONE', #8154, #1047, #3261, .T. ) ;
#7478 = LINE ( 'NONE', #6085, #7140 ) ;
#7479 = VECTOR ( 'NONE', #8684, 1000.000000000000000 ) ;
#7480 = EDGE_CURVE ( 'NONE', #1609, #6057, #8456, .T. ) ;
#7481 =( NAMED_UNIT ( * ) PLANE_ANGLE_UNIT ( ) SI_UNIT ( $, .RADIAN. ) );
#7482 = VERTEX_POINT ( 'NONE', #3118 ) ;
#7483 = LINE ( 'NONE', #9626, #5253 ) ;
#7484 = DIRECTION ( 'NONE',  ( -0.000000000000000000, -1.000000000000000000, -0.000000000000000000 ) ) ;
#7485 = DIRECTION ( 'NONE',  ( -1.000000000000000000, 0.000000000000000000, 1.047444401652940007E-14 ) ) ;
#7486 = DIRECTION ( 'NONE',  ( 0.000000000000000000, 0.000000000000000000, 1.000000000000000000 ) ) ;
#7487 = AXIS2_PLACEMENT_3D ( 'NONE', #9131, #5344, #9083 ) ;
#7488 = CARTESIAN_POINT ( 'NONE',  ( -1.649999999999999023, 0.000000000000000000, -0.4749999999999999223 ) ) ;
#7489 = EDGE_CURVE ( 'NONE', #4455, #5924, #7655, .T. ) ;
#7490 = VERTEX_POINT ( 'NONE', #5322 ) ;
#7491 = FACE_OUTER_BOUND ( 'NONE', #612, .T. ) ;
#7492 = ORIENTED_EDGE ( 'NONE', *, *, #9347, .T. ) ;
#7493 = CIRCLE ( 'NONE', #5274, 0.1499999999999999667 ) ;
#7494 = ADVANCED_FACE ( 'NONE', ( #1607 ), #4773, .T. ) ;
#7495 = ORIENTED_EDGE ( 'NONE', *, *, #1333, .T. ) ;
#7496 = CARTESIAN_POINT ( 'NONE',  ( 1.099999999999999867, 0.000000000000000000, -1.199999999999999734 ) ) ;
#7497 = LINE ( 'NONE', #5959, #5495 ) ;
#7498 = LINE ( 'NONE', #3797, #7727 ) ;
#7499 = DIRECTION ( 'NONE',  ( 1.000000000000000000, 0.000000000000000000, -0.000000000000000000 ) ) ;
#7500 = ORIENTED_EDGE ( 'NONE', *, *, #1111, .T. ) ;
#7501 = LINE ( 'NONE', #6660, #9707 ) ;
#7502 = ORIENTED_EDGE ( 'NONE', *, *, #9181, .F. ) ;
#7503 = VECTOR ( 'NONE', #9168, 1000.000000000000000 ) ;
#7504 = VERTEX_POINT ( 'NONE', #7067 ) ;
#7505 = VERTEX_POINT ( 'NONE', #275 ) ;
#7506 = DIRECTION ( 'NONE',  ( 1.000000000000000000, 0.000000000000000000, 0.000000000000000000 ) ) ;
#7507 = CIRCLE ( 'NONE', #6412, 0.1499999999999999667 ) ;
#7508 = CARTESIAN_POINT ( 'NONE',  ( 1.649999999999999023, 0.6702163011671204984, 0.9749999999999999778 ) ) ;
#7509 = FACE_OUTER_BOUND ( 'NONE', #9818, .T. ) ;
#7510 = PLANE ( 'NONE',  #3365 ) ;
#7511 = ORIENTED_EDGE ( 'NONE', *, *, #8176, .T. ) ;
#7512 = AXIS2_PLACEMENT_3D ( 'NONE', #6938, #4104, #8422 ) ;
#7513 = ORIENTED_EDGE ( 'NONE', *, *, #3930, .T. ) ;
#7514 = ORIENTED_EDGE ( 'NONE', *, *, #6631, .F. ) ;
#7515 = COLOUR_RGB ( '',0.7921568627450980005, 0.8196078431372548767, 0.9333333333333333481 ) ;
#7516 = CARTESIAN_POINT ( 'NONE',  ( 0.3250000000000001776, 0.1499999999999999944, 1.650000000000000799 ) ) ;
#7517 = CARTESIAN_POINT ( 'NONE',  ( -0.3249999999999997891, 0.000000000000000000, 1.500000000000000888 ) ) ;
#7518 = CARTESIAN_POINT ( 'NONE',  ( 1.924999999999999156, 0.6702163011671202764, 0.8249999999999999556 ) ) ;
#7519 =( NAMED_UNIT ( * ) PLANE_ANGLE_UNIT ( ) SI_UNIT ( $, .RADIAN. ) );
#7520 = CARTESIAN_POINT ( 'NONE',  ( -1.649999999999999023, 0.6702163011671202764, 0.3250000000000000111 ) ) ;
#7522 = DIRECTION ( 'NONE',  ( 0.000000000000000000, -1.000000000000000000, 0.000000000000000000 ) ) ;
#7521 = CARTESIAN_POINT ( 'NONE',  ( -1.924999999999999156, 0.6702163011671202764, 0.4750000000000000333 ) ) ;
#7523 = ORIENTED_EDGE ( 'NONE', *, *, #6494, .T. ) ;
#7524 = ORIENTED_EDGE ( 'NONE', *, *, #568, .F. ) ;
#7525 = EDGE_CURVE ( 'NONE', #1840, #2147, #3308, .T. ) ;
#7526 = DIRECTION ( 'NONE',  ( 0.000000000000000000, 0.000000000000000000, -1.000000000000000000 ) ) ;
#7527 = CARTESIAN_POINT ( 'NONE',  ( 0.3250000000000001776, 0.1499999999999999944, 1.500000000000000888 ) ) ;
#7529 = VECTOR ( 'NONE', #3257, 1000.000000000000000 ) ;
#7528 = DIRECTION ( 'NONE',  ( 0.000000000000000000, -1.000000000000000000, 0.000000000000000000 ) ) ;
#7530 = DIRECTION ( 'NONE',  ( 0.000000000000000000, 0.000000000000000000, 1.000000000000000000 ) ) ;
#7531 = DIRECTION ( 'NONE',  ( -1.000000000000000000, 0.000000000000000000, 1.445602896647339706E-15 ) ) ;
#7532 = ADVANCED_FACE ( 'NONE', ( #4682 ), #6319, .F. ) ;
#7533 = DIRECTION ( 'NONE',  ( 1.000000000000000000, 0.000000000000000000, -3.942553354492742052E-16 ) ) ;
#7534 = CARTESIAN_POINT ( 'NONE',  ( -2.000000000000011102, 0.1499999999999999667, -1.124999999999978240 ) ) ;
#7535 = ORIENTED_EDGE ( 'NONE', *, *, #2148, .F. ) ;
#7536 = DIRECTION ( 'NONE',  ( 1.084202172485504434E-16, -0.000000000000000000, 1.000000000000000000 ) ) ;
#7537 = EDGE_CURVE ( 'NONE', #7744, #2958, #5369, .T. ) ;
#7538 = ORIENTED_EDGE ( 'NONE', *, *, #2761, .T. ) ;
#7539 = ORIENTED_EDGE ( 'NONE', *, *, #2110, .F. ) ;
#7540 = DIRECTION ( 'NONE',  ( 0.000000000000000000, -1.000000000000000000, 0.000000000000000000 ) ) ;
#7541 = CARTESIAN_POINT ( 'NONE',  ( 1.924999999999999156, 0.1499999999999999667, -0.1749999999999999056 ) ) ;
#7542 = CARTESIAN_POINT ( 'NONE',  ( 1.125000000000000222, 0.1499999999999999667, -1.925000000000000933 ) ) ;
#7543 = DIRECTION ( 'NONE',  ( 0.000000000000000000, -0.000000000000000000, -1.000000000000000000 ) ) ;
#7544 = ORIENTED_EDGE ( 'NONE', *, *, #3317, .F. ) ;
#7545 = EDGE_LOOP ( 'NONE', ( #2339, #6311, #403, #968 ) ) ;
#7546 = EDGE_CURVE ( 'NONE', #7801, #2807, #2944, .T. ) ;
#7547 = FILL_AREA_STYLE_COLOUR ( '', #5864 ) ;
#7548 = EDGE_LOOP ( 'NONE', ( #1502, #6385, #9282, #327, #2563, #4732 ) ) ;
#7549 = VECTOR ( 'NONE', #4701, 1000.000000000000000 ) ;
#7550 = ORIENTED_EDGE ( 'NONE', *, *, #6892, .T. ) ;
#7551 = CARTESIAN_POINT ( 'NONE',  ( -0.4749999999999993117, 0.08999999999999999667, 1.999999999999999556 ) ) ;
#7552 = DIRECTION ( 'NONE',  ( -0.000000000000000000, -1.000000000000000000, -0.000000000000000000 ) ) ;
#7553 = LINE ( 'NONE', #5220, #761 ) ;
#7554 = DIRECTION ( 'NONE',  ( -0.000000000000000000, -1.000000000000000000, 0.000000000000000000 ) ) ;
#7555 = CIRCLE ( 'NONE', #7720, 0.1499999999999999667 ) ;
#7556 = LINE ( 'NONE', #816, #7622 ) ;
#7557 = VERTEX_POINT ( 'NONE', #9154 ) ;
#7558 = VECTOR ( 'NONE', #4574, 1000.000000000000000 ) ;
#7559 = ORIENTED_EDGE ( 'NONE', *, *, #1773, .T. ) ;
#7560 = VECTOR ( 'NONE', #4845, 1000.000000000000000 ) ;
#7561 = EDGE_LOOP ( 'NONE', ( #1864, #5773, #1152, #5912 ) ) ;
#7562 = COLOUR_RGB ( '',0.7921568627450980005, 0.8196078431372548767, 0.9333333333333333481 ) ;
#7563 = VECTOR ( 'NONE', #8787, 1000.000000000000000 ) ;
#7564 =( NAMED_UNIT ( * ) SI_UNIT ( $, .STERADIAN. ) SOLID_ANGLE_UNIT ( ) );
#7565 = PLANE ( 'NONE',  #2022 ) ;
#7566 = CARTESIAN_POINT ( 'NONE',  ( 2.000000000000002665, 0.1499999999999999667, 0.8249999999999924061 ) ) ;
#7567 = CARTESIAN_POINT ( 'NONE',  ( -1.925000000000005373, 0.1499999999999999667, -0.4749999999999787170 ) ) ;
#7568 = MECHANICAL_DESIGN_GEOMETRIC_PRESENTATION_REPRESENTATION (  '', ( #8846 ), #6147 ) ;
#7570 = LINE ( 'NONE', #51, #4303 ) ;
#7569 = DIRECTION ( 'NONE',  ( 0.000000000000000000, -1.000000000000000000, 0.000000000000000000 ) ) ;
#7571 = EDGE_LOOP ( 'NONE', ( #1062, #7165, #724, #9540 ) ) ;
#7572 = CARTESIAN_POINT ( 'NONE',  ( 1.199999999999999956, 0.000000000000000000, -1.199999999999999734 ) ) ;
#7573 = ORIENTED_EDGE ( 'NONE', *, *, #4923, .T. ) ;
#7574 = VECTOR ( 'NONE', #4092, 1000.000000000000000 ) ;
#7575 = PLANE ( 'NONE',  #1752 ) ;
#7576 = EDGE_CURVE ( 'NONE', #611, #1753, #7507, .T. ) ;
#7577 = ADVANCED_FACE ( 'NONE', ( #6872 ), #85, .T. ) ;
#7578 = DIRECTION ( 'NONE',  ( -1.000000000000000000, 0.000000000000000000, 1.445602896647339706E-15 ) ) ;
#7579 = CARTESIAN_POINT ( 'NONE',  ( 1.124999999999999334, 0.08999999999999999667, -1.924999999999999600 ) ) ;
#7580 = DIRECTION ( 'NONE',  ( 0.000000000000000000, 1.000000000000000000, 0.000000000000000000 ) ) ;
#7581 = DIRECTION ( 'NONE',  ( 0.000000000000000000, 0.000000000000000000, 1.000000000000000000 ) ) ;
#7582 = DIRECTION ( 'NONE',  ( 0.000000000000000000, 1.000000000000000000, 0.000000000000000000 ) ) ;
#7583 = ORIENTED_EDGE ( 'NONE', *, *, #7452, .T. ) ;
#7584 = EDGE_CURVE ( 'NONE', #1401, #7482, #7674, .T. ) ;
#7585 = FACE_OUTER_BOUND ( 'NONE', #7249, .T. ) ;
#7586 = ORIENTED_EDGE ( 'NONE', *, *, #5976, .T. ) ;
#7587 = ADVANCED_FACE ( 'NONE', ( #7945 ), #8751, .T. ) ;
#7588 = ORIENTED_EDGE ( 'NONE', *, *, #1619, .F. ) ;
#7589 = CARTESIAN_POINT ( 'NONE',  ( -0.1750000000000006828, 0.08999999999999999667, -1.999999999999999556 ) ) ;
#7590 = CARTESIAN_POINT ( 'NONE',  ( -0.8250000000000006217, 0.08999999999999999667, -1.999999999999999556 ) ) ;
#7591 = FILL_AREA_STYLE ('',( #3748 ) ) ;
#7592 = CARTESIAN_POINT ( 'NONE',  ( 1.649999999999999023, 0.6702163011671202764, 0.9749999999999999778 ) ) ;
#7593 = EDGE_CURVE ( 'NONE', #4328, #4582, #5768, .T. ) ;
#7594 = EDGE_LOOP ( 'NONE', ( #9716, #9196, #3241, #3010 ) ) ;
#7595 = SURFACE_SIDE_STYLE ('',( #3251 ) ) ;
#7596 = EDGE_CURVE ( 'NONE', #6689, #2820, #4924, .T. ) ;
#7597 = ORIENTED_EDGE ( 'NONE', *, *, #6465, .T. ) ;
#7598 = EDGE_CURVE ( 'NONE', #5610, #6813, #3553, .T. ) ;
#7599 = EDGE_LOOP ( 'NONE', ( #2690, #3130, #562, #8548 ) ) ;
#7600 = ORIENTED_EDGE ( 'NONE', *, *, #5112, .F. ) ;
#7601 = PLANE ( 'NONE',  #3071 ) ;
#7602 = DIRECTION ( 'NONE',  ( -1.577021341797093074E-15, 0.000000000000000000, -1.000000000000000000 ) ) ;
#7603 = DIRECTION ( 'NONE',  ( 0.000000000000000000, 1.000000000000000000, 0.000000000000000000 ) ) ;
#7604 = DIRECTION ( 'NONE',  ( -0.000000000000000000, -1.000000000000000000, -0.000000000000000000 ) ) ;
#7605 = ORIENTED_EDGE ( 'NONE', *, *, #8957, .T. ) ;
#7606 = CIRCLE ( 'NONE', #2553, 0.1499999999999999667 ) ;
#7607 = ORIENTED_EDGE ( 'NONE', *, *, #8279, .F. ) ;
#7608 = EDGE_CURVE ( 'NONE', #9286, #1000, #7994, .T. ) ;
#7609 = AXIS2_PLACEMENT_3D ( 'NONE', #3688, #698, #2285 ) ;
#7610 = EDGE_LOOP ( 'NONE', ( #7597, #6793 ) ) ;
#7611 = CIRCLE ( 'NONE', #4298, 0.1000000000000000472 ) ;
#7612 = DIRECTION ( 'NONE',  ( 0.000000000000000000, 1.000000000000000000, 0.000000000000000000 ) ) ;
#7613 = DIRECTION ( 'NONE',  ( 0.000000000000000000, 0.000000000000000000, -1.000000000000000000 ) ) ;
#7614 = LINE ( 'NONE', #9167, #9641 ) ;
#7615 = DIRECTION ( 'NONE',  ( -0.000000000000000000, -1.000000000000000000, -0.000000000000000000 ) ) ;
#7616 = AXIS2_PLACEMENT_3D ( 'NONE', #495, #408, #2691 ) ;
#7617 = DIRECTION ( 'NONE',  ( 0.000000000000000000, 1.000000000000000000, 0.000000000000000000 ) ) ;
#7618 = EDGE_LOOP ( 'NONE', ( #9752, #5975, #9221, #122 ) ) ;
#7619 = CARTESIAN_POINT ( 'NONE',  ( -0.4750000000000005884, 0.08999999999999999667, -1.999999999999999556 ) ) ;
#7620 = ORIENTED_EDGE ( 'NONE', *, *, #9624, .F. ) ;
#7621 = LINE ( 'NONE', #6842, #1908 ) ;
#7622 = VECTOR ( 'NONE', #8965, 1000.000000000000000 ) ;
#7623 = CIRCLE ( 'NONE', #8898, 0.1499999999999999667 ) ;
#7624 = VECTOR ( 'NONE', #8326, 1000.000000000000000 ) ;
#7625 = LINE ( 'NONE', #3233, #7549 ) ;
#7626 = CARTESIAN_POINT ( 'NONE',  ( 0.8250000000000006217, 0.1499999999999999667, 1.619058829184431225 ) ) ;
#7627 = CARTESIAN_POINT ( 'NONE',  ( -1.924999999999987832, 0.08999999999999999667, 1.125000000000020650 ) ) ;
#7628 = DIRECTION ( 'NONE',  ( 0.000000000000000000, 1.000000000000000000, 0.000000000000000000 ) ) ;
#7629 = CLOSED_SHELL ( 'NONE', ( #9225, #7429, #2501, #6841, #6697, #8210 ) ) ;
#7630 = CARTESIAN_POINT ( 'NONE',  ( 0.8250000000000006217, 0.1499999999999999667, 1.925000000000001377 ) ) ;
#7631 = AXIS2_PLACEMENT_3D ( 'NONE', #6536, #5884, #8971 ) ;
#7632 = VECTOR ( 'NONE', #482, 1000.000000000000000 ) ;
#7633 = DIRECTION ( 'NONE',  ( 0.000000000000000000, -1.000000000000000000, 0.000000000000000000 ) ) ;
#7634 = ADVANCED_FACE ( 'NONE', ( #1848 ), #3358, .T. ) ;
#7635 = EDGE_LOOP ( 'NONE', ( #3147, #4363, #1926, #4551 ) ) ;
#7636 = CARTESIAN_POINT ( 'NONE',  ( -3.252606517456514781E-16, 0.05000000000000000278, 0.4749999999999993117 ) ) ;
#7637 = VERTEX_POINT ( 'NONE', #4139 ) ;
#7638 = EDGE_LOOP ( 'NONE', ( #989, #406, #8872, #5463, #5671, #5111 ) ) ;
#7639 = CIRCLE ( 'NONE', #9554, 0.1499999999999999667 ) ;
#7640 = LINE ( 'NONE', #5453, #4214 ) ;
#7641 = FACE_OUTER_BOUND ( 'NONE', #1213, .T. ) ;
#7642 = DIRECTION ( 'NONE',  ( 1.047444401652940007E-14, 0.000000000000000000, 1.000000000000000000 ) ) ;
#7643 = CARTESIAN_POINT ( 'NONE',  ( 0.1750000000000001832, 0.1499999999999999667, -1.925000000000000933 ) ) ;
#7644 = ORIENTED_EDGE ( 'NONE', *, *, #5245, .T. ) ;
#7645 = EDGE_CURVE ( 'NONE', #7023, #5178, #4288, .T. ) ;
#7646 = VERTEX_POINT ( 'NONE', #5619 ) ;
#7647 = ADVANCED_FACE ( 'NONE', ( #4873 ), #1800, .T. ) ;
#7648 = AXIS2_PLACEMENT_3D ( 'NONE', #4306, #5085, #3573 ) ;
#7649 = ORIENTED_EDGE ( 'NONE', *, *, #5647, .T. ) ;
#7650 = ORIENTED_EDGE ( 'NONE', *, *, #1397, .F. ) ;
#7651 = EDGE_CURVE ( 'NONE', #1404, #3717, #8648, .T. ) ;
#7652 = FACE_OUTER_BOUND ( 'NONE', #1467, .T. ) ;
#7653 = SURFACE_STYLE_USAGE ( .BOTH. , #5272 ) ;
#7654 = PLANE ( 'NONE',  #3301 ) ;
#7655 = LINE ( 'NONE', #4044, #8141 ) ;
#7656 = VECTOR ( 'NONE', #1995, 1000.000000000000000 ) ;
#7657 = SURFACE_STYLE_USAGE ( .BOTH. , #229 ) ;
#7658 = ORIENTED_EDGE ( 'NONE', *, *, #4330, .F. ) ;
#7659 = ORIENTED_EDGE ( 'NONE', *, *, #8630, .F. ) ;
#7660 = EDGE_LOOP ( 'NONE', ( #9456, #8, #9564, #3848 ) ) ;
#7661 = UNCERTAINTY_MEASURE_WITH_UNIT (LENGTH_MEASURE( 1.000000000000000082E-05 ), #6019, 'distance_accuracy_value', 'NONE');
#7662 = EDGE_CURVE ( 'NONE', #4653, #8967, #2558, .T. ) ;
#7663 = EDGE_CURVE ( 'NONE', #8180, #1850, #2704, .T. ) ;
#7664 = VECTOR ( 'NONE', #6018, 1000.000000000000000 ) ;
#7665 = FACE_OUTER_BOUND ( 'NONE', #6855, .T. ) ;
#7666 = CYLINDRICAL_SURFACE ( 'NONE', #1385, 0.1499999999999999667 ) ;
#7667 = DIRECTION ( 'NONE',  ( -1.000000000000000000, 0.000000000000000000, 0.000000000000000000 ) ) ;
#7668 = CARTESIAN_POINT ( 'NONE',  ( -1.649999999999999023, 0.000000000000000000, 0.3250000000000000111 ) ) ;
#7669 = EDGE_CURVE ( 'NONE', #8392, #9690, #401, .T. ) ;
#7670 = DIRECTION ( 'NONE',  ( 0.000000000000000000, -0.000000000000000000, 1.000000000000000000 ) ) ;
#7671 = ORIENTED_EDGE ( 'NONE', *, *, #451, .F. ) ;
#7672 = CYLINDRICAL_SURFACE ( 'NONE', #244, 0.1499999999999999667 ) ;
#7673 = VERTEX_POINT ( 'NONE', #9454 ) ;
#7674 = CIRCLE ( 'NONE', #2139, 0.1000000000000000472 ) ;
#7675 = CARTESIAN_POINT ( 'NONE',  ( 1.199999999999999956, 3.544112549695427994, -1.199999999999999734 ) ) ;
#7676 = CARTESIAN_POINT ( 'NONE',  ( -0.8249999999999992895, 0.08999999999999999667, 1.619058829184431225 ) ) ;
#7678 = DIRECTION ( 'NONE',  ( -1.000000000000000000, 0.000000000000000000, 0.000000000000000000 ) ) ;
#7677 = DIRECTION ( 'NONE',  ( -0.000000000000000000, 0.000000000000000000, 1.000000000000000000 ) ) ;
#7679 = DIRECTION ( 'NONE',  ( 0.000000000000000000, -0.000000000000000000, 1.000000000000000000 ) ) ;
#7680 = DIRECTION ( 'NONE',  ( 1.000000000000000000, 0.000000000000000000, -3.942553354492742052E-16 ) ) ;
#7681 = DIRECTION ( 'NONE',  ( -1.000000000000000000, 0.000000000000000000, -0.000000000000000000 ) ) ;
#7682 = CARTESIAN_POINT ( 'NONE',  ( 0.8249999999999992895, 0.6702163011671209425, -1.925000000000000933 ) ) ;
#7683 = VERTEX_POINT ( 'NONE', #4243 ) ;
#7684 = DIRECTION ( 'NONE',  ( 0.000000000000000000, 0.000000000000000000, -1.000000000000000000 ) ) ;
#7685 = AXIS2_PLACEMENT_3D ( 'NONE', #6860, #2248, #7687 ) ;
#7686 = ORIENTED_EDGE ( 'NONE', *, *, #8447, .T. ) ;
#7687 = DIRECTION ( 'NONE',  ( 0.000000000000000000, 0.000000000000000000, 1.000000000000000000 ) ) ;
#7688 = LINE ( 'NONE', #851, #6625 ) ;
#7689 = SURFACE_SIDE_STYLE ('',( #5404 ) ) ;
#7690 = DIRECTION ( 'NONE',  ( 0.000000000000000000, -1.000000000000000000, 0.000000000000000000 ) ) ;
#7691 = VERTEX_POINT ( 'NONE', #2661 ) ;
#7692 = DIRECTION ( 'NONE',  ( 1.000000000000000000, 0.000000000000000000, -1.047444401652940007E-14 ) ) ;
#7693 = VERTEX_POINT ( 'NONE', #469 ) ;
#7694 = VERTEX_POINT ( 'NONE', #375 ) ;
#7695 = VERTEX_POINT ( 'NONE', #3410 ) ;
#7696 = EDGE_CURVE ( 'NONE', #9107, #9506, #1054, .T. ) ;
#7697 = PLANE ( 'NONE',  #3752 ) ;
#7698 = DIRECTION ( 'NONE',  ( -1.000000000000000000, 0.000000000000000000, 1.047444401652940007E-14 ) ) ;
#7699 = CARTESIAN_POINT ( 'NONE',  ( 1.924999999999999156, 0.05000000000000002359, 0.4750000000000000333 ) ) ;
#7700 = DIRECTION ( 'NONE',  ( 0.000000000000000000, -1.000000000000000000, 0.000000000000000000 ) ) ;
#7701 = DIRECTION ( 'NONE',  ( 1.577021341797093271E-15, -0.000000000000000000, 1.000000000000000000 ) ) ;
#7702 = FILL_AREA_STYLE_COLOUR ( '', #3203 ) ;
#7703 = ORIENTED_EDGE ( 'NONE', *, *, #436, .F. ) ;
#7704 = ORIENTED_EDGE ( 'NONE', *, *, #8613, .T. ) ;
#7705 = ORIENTED_EDGE ( 'NONE', *, *, #936, .F. ) ;
#7706 = EDGE_CURVE ( 'NONE', #7090, #8711, #234, .T. ) ;
#7707 = EDGE_CURVE ( 'NONE', #8651, #4486, #8802, .T. ) ;
#7708 = CARTESIAN_POINT ( 'NONE',  ( -1.619058829184433002, 0.1499999999999999667, -0.1749999999999824196 ) ) ;
#7709 = MECHANICAL_DESIGN_GEOMETRIC_PRESENTATION_REPRESENTATION (  '', ( #9792 ), #3612 ) ;
#7710 = CARTESIAN_POINT ( 'NONE',  ( 0.8249999999999992895, 0.1499999999999999667, -1.925000000000000933 ) ) ;
#7711 =( LENGTH_UNIT ( ) NAMED_UNIT ( * ) SI_UNIT ( .MILLI., .METRE. ) );
#7712 = DIRECTION ( 'NONE',  ( -1.000000000000000000, 0.000000000000000000, 1.445602896647339706E-15 ) ) ;
#7713 = DIRECTION ( 'NONE',  ( 0.000000000000000000, 0.000000000000000000, 1.000000000000000000 ) ) ;
#7714 = VERTEX_POINT ( 'NONE', #4093 ) ;
#7715 = DIRECTION ( 'NONE',  ( 0.000000000000000000, 1.000000000000000000, -0.000000000000000000 ) ) ;
#7716 = ORIENTED_EDGE ( 'NONE', *, *, #979, .T. ) ;
#7717 = EDGE_CURVE ( 'NONE', #5362, #4314, #7113, .T. ) ;
#7718 = CARTESIAN_POINT ( 'NONE',  ( 1.124999999999999334, 0.1499999999999999667, -1.999999999999999556 ) ) ;
#7719 = EDGE_CURVE ( 'NONE', #7886, #504, #4382, .T. ) ;
#7720 = AXIS2_PLACEMENT_3D ( 'NONE', #4008, #7028, #236 ) ;
#7721 = VECTOR ( 'NONE', #9452, 1000.000000000000000 ) ;
#7722 = AXIS2_PLACEMENT_3D ( 'NONE', #1286, #5009, #639 ) ;
#7723 = FACE_OUTER_BOUND ( 'NONE', #7571, .T. ) ;
#7724 = CARTESIAN_POINT ( 'NONE',  ( 1.924999999999999156, 0.6702163011671202764, -1.125000000000000000 ) ) ;
#7725 = DIRECTION ( 'NONE',  ( 0.000000000000000000, 1.000000000000000000, -0.000000000000000000 ) ) ;
#7726 = PLANE ( 'NONE',  #502 ) ;
#7727 = VECTOR ( 'NONE', #8286, 1000.000000000000000 ) ;
#7728 = CARTESIAN_POINT ( 'NONE',  ( -1.599999999999999201, 1.500000000000000000, -1.600000000000000755 ) ) ;
#7729 = VERTEX_POINT ( 'NONE', #6008 ) ;
#7730 = EDGE_CURVE ( 'NONE', #4144, #5720, #7351, .T. ) ;
#7731 = CARTESIAN_POINT ( 'NONE',  ( -0.8249999999999992895, 0.08999999999999999667, 1.619058829184431225 ) ) ;
#7732 = ORIENTED_EDGE ( 'NONE', *, *, #7346, .T. ) ;
#7733 = DIRECTION ( 'NONE',  ( 1.000000000000000000, 0.000000000000000000, -3.491481338843133355E-15 ) ) ;
#7734 = EDGE_CURVE ( 'NONE', #1000, #6888, #9644, .T. ) ;
#7735 = ORIENTED_EDGE ( 'NONE', *, *, #3243, .T. ) ;
#7736 = CARTESIAN_POINT ( 'NONE',  ( -0.9749999999999997558, 0.1499999999999999944, -1.000000000000000888 ) ) ;
#7737 = CARTESIAN_POINT ( 'NONE',  ( -1.924999999999999156, 0.6702163011671202764, -0.4749999999999999223 ) ) ;
#7738 = CARTESIAN_POINT ( 'NONE',  ( -1.199999999999999956, 0.1499999999999999667, -1.100000000000000089 ) ) ;
#7739 = CARTESIAN_POINT ( 'NONE',  ( 0.4750000000000001443, 0.1499999999999999944, -1.650000000000000577 ) ) ;
#7740 = ORIENTED_EDGE ( 'NONE', *, *, #258, .F. ) ;
#7741 = CARTESIAN_POINT ( 'NONE',  ( 1.925000000000000044, 0.08999999999999999667, 0.1749999999999926614 ) ) ;
#7742 = ORIENTED_EDGE ( 'NONE', *, *, #381, .T. ) ;
#7743 = ORIENTED_EDGE ( 'NONE', *, *, #2335, .T. ) ;
#7744 = VERTEX_POINT ( 'NONE', #6716 ) ;
#7745 = CARTESIAN_POINT ( 'NONE',  ( 2.000000000000003553, 0.08999999999999999667, 1.124999999999992228 ) ) ;
#7746 = DIRECTION ( 'NONE',  ( 0.000000000000000000, -1.000000000000000000, 0.000000000000000000 ) ) ;
#7747 = CARTESIAN_POINT ( 'NONE',  ( 1.924999999999999156, 0.000000000000000000, 0.4750000000000000333 ) ) ;
#7748 = DIRECTION ( 'NONE',  ( 1.000000000000000000, 0.000000000000000000, -1.445602896647339706E-15 ) ) ;
#7749 = LINE ( 'NONE', #1802, #5717 ) ;
#7750 = ORIENTED_EDGE ( 'NONE', *, *, #9174, .F. ) ;
#7751 = ORIENTED_EDGE ( 'NONE', *, *, #4562, .T. ) ;
#7752 = EDGE_CURVE ( 'NONE', #2514, #2799, #8891, .T. ) ;
#7753 = VERTEX_POINT ( 'NONE', #6610 ) ;
#7754 = UNCERTAINTY_MEASURE_WITH_UNIT (LENGTH_MEASURE( 1.000000000000000082E-05 ), #1498, 'distance_accuracy_value', 'NONE');
#7755 = CARTESIAN_POINT ( 'NONE',  ( 1.099999999999999867, 3.544112549695427994, 1.200000000000000178 ) ) ;
#7756 = CARTESIAN_POINT ( 'NONE',  ( 1.125000000000000666, 0.1499999999999999667, 1.999999999999999556 ) ) ;
#7757 = CARTESIAN_POINT ( 'NONE',  ( 1.619058829184430559, 0.08999999999999999667, -0.1750000000000063449 ) ) ;
#7758 = DIRECTION ( 'NONE',  ( 0.000000000000000000, 1.000000000000000000, 0.000000000000000000 ) ) ;
#7759 = CARTESIAN_POINT ( 'NONE',  ( 0.1750000000000002387, 0.1499999999999999944, -1.650000000000000577 ) ) ;
#7760 = ORIENTED_EDGE ( 'NONE', *, *, #2379, .F. ) ;
#7761 = DIRECTION ( 'NONE',  ( 0.000000000000000000, 0.000000000000000000, -1.000000000000000000 ) ) ;
#7762 = ORIENTED_EDGE ( 'NONE', *, *, #342, .T. ) ;
#7763 = CARTESIAN_POINT ( 'NONE',  ( -1.599999999999999201, 1.500000000000000000, -1.766666666666667496 ) ) ;
#7764 = ADVANCED_FACE ( 'NONE', ( #8287 ), #3749, .T. ) ;
#7765 = AXIS2_PLACEMENT_3D ( 'NONE', #1533, #4518, #2442 ) ;
#7766 = EDGE_CURVE ( 'NONE', #7834, #5691, #9040, .T. ) ;
#7768 =( LENGTH_UNIT ( ) NAMED_UNIT ( * ) SI_UNIT ( .MILLI., .METRE. ) );
#7767 = VECTOR ( 'NONE', #3928, 1000.000000000000000 ) ;
#7769 = CARTESIAN_POINT ( 'NONE',  ( -1.999999999999988010, 0.08999999999999999667, 1.125000000000021538 ) ) ;
#7770 = DIRECTION ( 'NONE',  ( 0.000000000000000000, -0.000000000000000000, 1.000000000000000000 ) ) ;
#7771 = LINE ( 'NONE', #349, #9799 ) ;
#7772 = DIRECTION ( 'NONE',  ( -3.491481338843133355E-15, 0.000000000000000000, -1.000000000000000000 ) ) ;
#7773 = CARTESIAN_POINT ( 'NONE',  ( 1.125000000000000222, 0.6702163011671209425, 1.650000000000000577 ) ) ;
#7774 = ORIENTED_EDGE ( 'NONE', *, *, #3693, .T. ) ;
#7775 = ORIENTED_EDGE ( 'NONE', *, *, #7015, .F. ) ;
#7776 = CARTESIAN_POINT ( 'NONE',  ( 1.649999999999999023, 0.6702163011671204984, 0.8249999999999999556 ) ) ;
#7777 = VECTOR ( 'NONE', #9361, 1000.000000000000000 ) ;
#7778 = ORIENTED_EDGE ( 'NONE', *, *, #2518, .F. ) ;
#7779 = AXIS2_PLACEMENT_3D ( 'NONE', #152, #2584, #1633 ) ;
#7780 = PLANE ( 'NONE',  #5428 ) ;
#7781 = VECTOR ( 'NONE', #3634, 1000.000000000000000 ) ;
#7782 = EDGE_CURVE ( 'NONE', #5861, #2969, #2204, .T. ) ;
#7783 = ORIENTED_EDGE ( 'NONE', *, *, #8871, .F. ) ;
#7784 = DIRECTION ( 'NONE',  ( -0.000000000000000000, -1.000000000000000000, -0.000000000000000000 ) ) ;
#7785 = CIRCLE ( 'NONE', #818, 0.1499999999999999667 ) ;
#7786 = DIRECTION ( 'NONE',  ( 0.000000000000000000, -0.000000000000000000, 1.000000000000000000 ) ) ;
#7787 = VECTOR ( 'NONE', #6326, 1000.000000000000000 ) ;
#7788 = SURFACE_SIDE_STYLE ('',( #4480 ) ) ;
#7789 = CARTESIAN_POINT ( 'NONE',  ( 0.8249999999999992895, 0.08999999999999999667, -1.619058829184431225 ) ) ;
#7790 = EDGE_CURVE ( 'NONE', #3200, #6394, #5263, .T. ) ;
#7791 = ORIENTED_EDGE ( 'NONE', *, *, #1488, .T. ) ;
#7792 = VERTEX_POINT ( 'NONE', #2805 ) ;
#7793 = VERTEX_POINT ( 'NONE', #606 ) ;
#7794 = ORIENTED_EDGE ( 'NONE', *, *, #3615, .T. ) ;
#7795 = ADVANCED_FACE ( 'NONE', ( #2854 ), #1446, .T. ) ;
#7796 = CIRCLE ( 'NONE', #3541, 0.1499999999999999667 ) ;
#7797 = LINE ( 'NONE', #7063, #5468 ) ;
#7798 = CARTESIAN_POINT ( 'NONE',  ( 1.999999999999996669, 0.08999999999999999667, -0.8250000000000076161 ) ) ;
#7799 = FACE_OUTER_BOUND ( 'NONE', #9542, .T. ) ;
#7800 = FILL_AREA_STYLE ('',( #4774 ) ) ;
#7801 = VERTEX_POINT ( 'NONE', #5812 ) ;
#7802 = ORIENTED_EDGE ( 'NONE', *, *, #4560, .T. ) ;
#7803 = ORIENTED_EDGE ( 'NONE', *, *, #2348, .T. ) ;
#7804 = AXIS2_PLACEMENT_3D ( 'NONE', #5202, #7536, #3003 ) ;
#7806 = CARTESIAN_POINT ( 'NONE',  ( 1.099999999999999867, 0.05000000000000012768, -1.099999999999999645 ) ) ;
#7805 = VECTOR ( 'NONE', #5756, 1000.000000000000000 ) ;
#7807 = DIRECTION ( 'NONE',  ( 0.000000000000000000, -1.000000000000000000, 0.000000000000000000 ) ) ;
#7808 = DIRECTION ( 'NONE',  ( 1.000000000000000000, 0.000000000000000000, 1.807003620809174385E-16 ) ) ;
#7809 = CARTESIAN_POINT ( 'NONE',  ( 0.4750000000000005884, 0.08999999999999999667, 1.924999999999998934 ) ) ;
#7810 = ORIENTED_EDGE ( 'NONE', *, *, #3298, .F. ) ;
#7811 = CARTESIAN_POINT ( 'NONE',  ( 1.125000000000000222, 0.1499999999999999944, -1.925000000000000933 ) ) ;
#7812 = VERTEX_POINT ( 'NONE', #4481 ) ;
#7813 = LINE ( 'NONE', #193, #1588 ) ;
#7814 = AXIS2_PLACEMENT_3D ( 'NONE', #6328, #5477, #1669 ) ;
#7815 = ADVANCED_FACE ( 'NONE', ( #4527 ), #8183, .T. ) ;
#7816 = DIRECTION ( 'NONE',  ( 0.000000000000000000, -1.000000000000000000, 0.000000000000000000 ) ) ;
#7817 = FACE_OUTER_BOUND ( 'NONE', #9259, .T. ) ;
#7818 = EDGE_CURVE ( 'NONE', #3268, #1570, #9698, .T. ) ;
#7819 = DIRECTION ( 'NONE',  ( 0.000000000000000000, 0.000000000000000000, 1.000000000000000000 ) ) ;
#7820 = CARTESIAN_POINT ( 'NONE',  ( 1.649999999999999023, 0.6702163011671202764, -0.9749999999999999778 ) ) ;
#7821 = VECTOR ( 'NONE', #7213, 1000.000000000000000 ) ;
#7822 = ORIENTED_EDGE ( 'NONE', *, *, #5478, .F. ) ;
#7823 = VERTEX_POINT ( 'NONE', #2107 ) ;
#7824 = FACE_OUTER_BOUND ( 'NONE', #2132, .T. ) ;
#7825 = VECTOR ( 'NONE', #7678, 1000.000000000000000 ) ;
#7826 = VERTEX_POINT ( 'NONE', #5116 ) ;
#7827 = LINE ( 'NONE', #4071, #997 ) ;
#7828 = VECTOR ( 'NONE', #7103, 1000.000000000000000 ) ;
#7829 = VERTEX_POINT ( 'NONE', #5066 ) ;
#7830 = LINE ( 'NONE', #7926, #809 ) ;
#7831 = CARTESIAN_POINT ( 'NONE',  ( 0.3250000000000001776, 0.1499999999999999667, 1.650000000000000799 ) ) ;
#7832 = CARTESIAN_POINT ( 'NONE',  ( -1.619058829184439885, 0.08999999999999999667, -0.8249999999999824141 ) ) ;
#7833 = DIRECTION ( 'NONE',  ( 0.000000000000000000, 1.000000000000000000, 0.000000000000000000 ) ) ;
#7834 = VERTEX_POINT ( 'NONE', #656 ) ;
#7835 = ADVANCED_FACE ( 'NONE', ( #5917 ), #709, .F. ) ;
#7836 = EDGE_LOOP ( 'NONE', ( #8143, #24, #5746, #944 ) ) ;
#7837 = VECTOR ( 'NONE', #7784, 1000.000000000000000 ) ;
#7838 = VERTEX_POINT ( 'NONE', #8138 ) ;
#7839 = EDGE_CURVE ( 'NONE', #1742, #5512, #8948, .T. ) ;
#7840 = ORIENTED_EDGE ( 'NONE', *, *, #6891, .T. ) ;
#7841 = CARTESIAN_POINT ( 'NONE',  ( 1.649999999999999023, 0.6702163011671202764, -1.125000000000000000 ) ) ;
#7842 = PLANE ( 'NONE',  #5025 ) ;
#7843 = DIRECTION ( 'NONE',  ( 0.000000000000000000, -1.000000000000000000, -0.000000000000000000 ) ) ;
#7844 = VECTOR ( 'NONE', #6508, 1000.000000000000000 ) ;
#7845 = DIRECTION ( 'NONE',  ( 0.000000000000000000, -1.000000000000000000, 0.000000000000000000 ) ) ;
#7846 = CARTESIAN_POINT ( 'NONE',  ( 1.649999999999999023, 0.05000000000000002359, 0.3250000000000000111 ) ) ;
#7847 = EDGE_LOOP ( 'NONE', ( #4915, #3403, #4432, #955 ) ) ;
#7848 = EDGE_CURVE ( 'NONE', #6764, #4629, #8091, .T. ) ;
#7849 = ORIENTED_EDGE ( 'NONE', *, *, #772, .F. ) ;
#7850 = ORIENTED_EDGE ( 'NONE', *, *, #160, .F. ) ;
#7851 = UNCERTAINTY_MEASURE_WITH_UNIT (LENGTH_MEASURE( 1.000000000000000082E-05 ), #7768, 'distance_accuracy_value', 'NONE');
#7852 = ADVANCED_FACE ( 'NONE', ( #4335 ), #5358, .T. ) ;
#7853 = LINE ( 'NONE', #9410, #206 ) ;
#7854 = PLANE ( 'NONE',  #5780 ) ;
#7855 = PLANE ( 'NONE',  #2512 ) ;
#7856 = CARTESIAN_POINT ( 'NONE',  ( -0.8250000000000006217, 0.1499999999999999667, -1.619058829184431225 ) ) ;
#7857 = CARTESIAN_POINT ( 'NONE',  ( 1.924999999999999156, 0.1499999999999999667, -0.8249999999999998446 ) ) ;
#7858 = DIRECTION ( 'NONE',  ( 0.000000000000000000, -1.000000000000000000, 0.000000000000000000 ) ) ;
#7859 = VERTEX_POINT ( 'NONE', #5405 ) ;
#7860 = DIRECTION ( 'NONE',  ( 1.000000000000000000, 0.000000000000000000, 0.000000000000000000 ) ) ;
#7861 = ORIENTED_EDGE ( 'NONE', *, *, #5269, .T. ) ;
#7862 = CARTESIAN_POINT ( 'NONE',  ( 1.649999999999999023, 0.1499999999999999667, 1.125000000000000000 ) ) ;
#7863 = VECTOR ( 'NONE', #1994, 1000.000000000000000 ) ;
#7864 = CARTESIAN_POINT ( 'NONE',  ( 1.649999999999999023, 0.000000000000000000, 0.3250000000000000111 ) ) ;
#7865 = CARTESIAN_POINT ( 'NONE',  ( -1.199999999999999956, 0.000000000000000000, 1.099999999999999867 ) ) ;
#7866 = FACE_OUTER_BOUND ( 'NONE', #1930, .T. ) ;
#7867 = LINE ( 'NONE', #350, #4769 ) ;
#7868 = LINE ( 'NONE', #7773, #4603 ) ;
#7869 = ORIENTED_EDGE ( 'NONE', *, *, #4852, .T. ) ;
#7870 = EDGE_LOOP ( 'NONE', ( #1663, #3416, #4854, #9820 ) ) ;
#7871 = AXIS2_PLACEMENT_3D ( 'NONE', #2167, #6726, #2116 ) ;
#7872 = AXIS2_PLACEMENT_3D ( 'NONE', #653, #3703, #1306 ) ;
#7873 = DIRECTION ( 'NONE',  ( 0.000000000000000000, 0.000000000000000000, 1.000000000000000000 ) ) ;
#7874 = ORIENTED_EDGE ( 'NONE', *, *, #766, .F. ) ;
#7875 = VECTOR ( 'NONE', #5299, 1000.000000000000000 ) ;
#7876 = ADVANCED_FACE ( 'NONE', ( #6953 ), #6257, .F. ) ;
#7877 = STYLED_ITEM ( 'NONE', ( #1799 ), #5122 ) ;
#7878 = VERTEX_POINT ( 'NONE', #7643 ) ;
#7879 = VECTOR ( 'NONE', #4232, 1000.000000000000000 ) ;
#7880 = DIRECTION ( 'NONE',  ( 1.000000000000000000, -0.000000000000000000, -1.445602896647339706E-15 ) ) ;
#7881 = CARTESIAN_POINT ( 'NONE',  ( 0.1750000000000002387, 0.05000000000000000278, 0.000000000000000000 ) ) ;
#7882 = CARTESIAN_POINT ( 'NONE',  ( -1.924999999999999156, 0.6702163011671202764, 0.4750000000000000333 ) ) ;
#7883 = CARTESIAN_POINT ( 'NONE',  ( 0.8250000000000006217, 0.08999999999999999667, 1.999999999999999556 ) ) ;
#7884 = LINE ( 'NONE', #8734, #7828 ) ;
#7885 = VECTOR ( 'NONE', #6028, 1000.000000000000000 ) ;
#7886 = VERTEX_POINT ( 'NONE', #16 ) ;
#7887 = ADVANCED_FACE ( 'NONE', ( #3897 ), #7006, .F. ) ;
#7888 = VERTEX_POINT ( 'NONE', #5506 ) ;
#7889 = LINE ( 'NONE', #506, #5411 ) ;
#7890 = ORIENTED_EDGE ( 'NONE', *, *, #56, .F. ) ;
#7891 = EDGE_CURVE ( 'NONE', #167, #4625, #3054, .T. ) ;
#7892 = CARTESIAN_POINT ( 'NONE',  ( 0.1750000000000002387, 0.6702163011671209425, -1.925000000000000933 ) ) ;
#7893 = EDGE_CURVE ( 'NONE', #2229, #9198, #2500, .T. ) ;
#7894 = CARTESIAN_POINT ( 'NONE',  ( 1.125000000000000222, 0.1499999999999999667, -1.650000000000000577 ) ) ;
#7895 = DIRECTION ( 'NONE',  ( -1.000000000000000000, 0.000000000000000000, 1.577021341797095637E-15 ) ) ;
#7896 = EDGE_CURVE ( 'NONE', #1150, #2841, #6909, .T. ) ;
#7897 = ADVANCED_FACE ( 'NONE', ( #214 ), #8385, .F. ) ;
#7898 =( NAMED_UNIT ( * ) PLANE_ANGLE_UNIT ( ) SI_UNIT ( $, .RADIAN. ) );
#7899 = ORIENTED_EDGE ( 'NONE', *, *, #5767, .F. ) ;
#7900 = ORIENTED_EDGE ( 'NONE', *, *, #4094, .T. ) ;
#7901 = VERTEX_POINT ( 'NONE', #6104 ) ;
#7902 = DIRECTION ( 'NONE',  ( 0.000000000000000000, -1.000000000000000000, 0.000000000000000000 ) ) ;
#7903 = CARTESIAN_POINT ( 'NONE',  ( -0.9749999999999997558, 0.1499999999999999944, -1.650000000000000799 ) ) ;
#7904 = DIRECTION ( 'NONE',  ( 0.000000000000000000, -0.000000000000000000, 1.000000000000000000 ) ) ;
#7905 = DIRECTION ( 'NONE',  ( -0.000000000000000000, 1.000000000000000000, 0.000000000000000000 ) ) ;
#7906 = EDGE_CURVE ( 'NONE', #6414, #5749, #8467, .T. ) ;
#7907 = CARTESIAN_POINT ( 'NONE',  ( 0.8250000000000001776, 0.04999999999999999584, -1.650000000000000577 ) ) ;
#7908 = PLANE ( 'NONE',  #9216 ) ;
#7909 = ORIENTED_EDGE ( 'NONE', *, *, #1770, .F. ) ;
#7910 = EDGE_LOOP ( 'NONE', ( #7923, #1720, #6554, #1547 ) ) ;
#7911 = ADVANCED_FACE ( 'NONE', ( #3106 ), #4762, .T. ) ;
#7912 = CYLINDRICAL_SURFACE ( 'NONE', #3667, 0.1499999999999999667 ) ;
#7913 = EDGE_CURVE ( 'NONE', #1311, #1342, #6862, .T. ) ;
#7914 = CARTESIAN_POINT ( 'NONE',  ( 0.3250000000000001776, 0.1499999999999999667, 1.650000000000000799 ) ) ;
#7915 = CARTESIAN_POINT ( 'NONE',  ( -1.599999999999999201, 1.500000000000000000, -1.766666666666667496 ) ) ;
#7916 = DIRECTION ( 'NONE',  ( -0.000000000000000000, -1.000000000000000000, -0.000000000000000000 ) ) ;
#7917 = DIRECTION ( 'NONE',  ( 3.942553354492742545E-16, 0.000000000000000000, -1.000000000000000000 ) ) ;
#7918 = DIRECTION ( 'NONE',  ( -0.000000000000000000, -1.000000000000000000, 0.000000000000000000 ) ) ;
#7919 = ORIENTED_EDGE ( 'NONE', *, *, #8810, .T. ) ;
#7920 = VERTEX_POINT ( 'NONE', #8338 ) ;
#7921 = PLANE ( 'NONE',  #956 ) ;
#7922 = AXIS2_PLACEMENT_3D ( 'NONE', #7675, #8468, #8368 ) ;
#7923 = ORIENTED_EDGE ( 'NONE', *, *, #1224, .T. ) ;
#7924 = VECTOR ( 'NONE', #4221, 1000.000000000000000 ) ;
#7925 = VERTEX_POINT ( 'NONE', #3198 ) ;
#7926 = CARTESIAN_POINT ( 'NONE',  ( 1.619058829184428339, 0.08999999999999999667, -0.8250000000000062839 ) ) ;
#7927 = DIRECTION ( 'NONE',  ( 0.000000000000000000, 0.000000000000000000, 1.000000000000000000 ) ) ;
#7928 = AXIS2_PLACEMENT_3D ( 'NONE', #7427, #4457, #5193 ) ;
#7929 = DIRECTION ( 'NONE',  ( -1.192004691317674036E-14, 0.000000000000000000, -1.000000000000000000 ) ) ;
#7930 = DIRECTION ( 'NONE',  ( 3.942553354492742052E-16, 0.000000000000000000, -1.000000000000000000 ) ) ;
#7931 = LINE ( 'NONE', #682, #7863 ) ;
#7932 = LINE ( 'NONE', #9443, #7656 ) ;
#7933 = VECTOR ( 'NONE', #8557, 1000.000000000000000 ) ;
#7934 = ORIENTED_EDGE ( 'NONE', *, *, #6739, .T. ) ;
#7935 = AXIS2_PLACEMENT_3D ( 'NONE', #1419, #4547, #4450 ) ;
#7936 = EDGE_LOOP ( 'NONE', ( #4147, #515, #305, #268 ) ) ;
#7937 = ORIENTED_EDGE ( 'NONE', *, *, #3367, .F. ) ;
#7938 = VERTEX_POINT ( 'NONE', #1545 ) ;
#7939 = VECTOR ( 'NONE', #483, 1000.000000000000000 ) ;
#7940 = AXIS2_PLACEMENT_3D ( 'NONE', #7806, #7612, #4052 ) ;
#7941 = CARTESIAN_POINT ( 'NONE',  ( -1.924999999999990941, 0.08999999999999999667, 0.8250000000000208278 ) ) ;
#7942 = CARTESIAN_POINT ( 'NONE',  ( -1.924999999999999156, 0.6702163011671202764, 0.8249999999999999556 ) ) ;
#7943 = ADVANCED_FACE ( 'NONE', ( #1591 ), #4576, .F. ) ;
#7944 = STYLED_ITEM ( 'NONE', ( #1548 ), #8736 ) ;
#7945 = FACE_OUTER_BOUND ( 'NONE', #192, .T. ) ;
#7946 = AXIS2_PLACEMENT_3D ( 'NONE', #7344, #4132, #7154 ) ;
#7947 = EDGE_CURVE ( 'NONE', #230, #7920, #163, .T. ) ;
#7948 = DIRECTION ( 'NONE',  ( -1.000000000000000000, 0.000000000000000000, 0.000000000000000000 ) ) ;
#7949 = AXIS2_PLACEMENT_3D ( 'NONE', #5651, #767, #8346 ) ;
#7950 = ORIENTED_EDGE ( 'NONE', *, *, #874, .T. ) ;
#7951 = ORIENTED_EDGE ( 'NONE', *, *, #6318, .T. ) ;
#7952 = CARTESIAN_POINT ( 'NONE',  ( 0.4750000000000001443, 0.000000000000000000, -1.925000000000000933 ) ) ;
#7953 = DIRECTION ( 'NONE',  ( 1.000000000000000000, 0.000000000000000000, 1.807003620809174385E-16 ) ) ;
#7954 = VECTOR ( 'NONE', #3781, 1000.000000000000000 ) ;
#7955 = DIRECTION ( 'NONE',  ( 1.000000000000000000, 0.000000000000000000, -3.491481338843133355E-15 ) ) ;
#7956 = FILL_AREA_STYLE_COLOUR ( '', #4198 ) ;
#7957 = LINE ( 'NONE', #7124, #5126 ) ;
#7958 = FACE_OUTER_BOUND ( 'NONE', #7383, .T. ) ;
#7959 = ORIENTED_EDGE ( 'NONE', *, *, #8591, .T. ) ;
#7960 = DIRECTION ( 'NONE',  ( 0.000000000000000000, 1.000000000000000000, 0.000000000000000000 ) ) ;
#7961 = VERTEX_POINT ( 'NONE', #4624 ) ;
#7962 = EDGE_CURVE ( 'NONE', #6211, #1506, #1692, .T. ) ;
#7963 = CIRCLE ( 'NONE', #4179, 0.1499999999999999667 ) ;
#7964 = EDGE_CURVE ( 'NONE', #8711, #5452, #9144, .T. ) ;
#7965 = CARTESIAN_POINT ( 'NONE',  ( 0.000000000000000000, 0.000000000000000000, -1.999999999999999556 ) ) ;
#7966 = DIRECTION ( 'NONE',  ( 0.000000000000000000, 1.000000000000000000, -0.000000000000000000 ) ) ;
#7967 = DIRECTION ( 'NONE',  ( -0.000000000000000000, -1.000000000000000000, -0.000000000000000000 ) ) ;
#7968 = CARTESIAN_POINT ( 'NONE',  ( -1.924999999999999156, 0.6702163011671202764, 0.1750000000000000167 ) ) ;
#7969 = CARTESIAN_POINT ( 'NONE',  ( 1.124999999999999334, 0.08999999999999999667, -1.999999999999999556 ) ) ;
#7970 = CARTESIAN_POINT ( 'NONE',  ( -1.649999999999999023, 0.6702163011671202764, -0.1750000000000000167 ) ) ;
#7971 = VERTEX_POINT ( 'NONE', #3985 ) ;
#7972 = ORIENTED_EDGE ( 'NONE', *, *, #5003, .F. ) ;
#7973 = LINE ( 'NONE', #405, #8725 ) ;
#7974 = ORIENTED_EDGE ( 'NONE', *, *, #9309, .F. ) ;
#7975 = EDGE_LOOP ( 'NONE', ( #8194, #2385, #7649, #5471 ) ) ;
#7976 = CIRCLE ( 'NONE', #1650, 0.1499999999999999667 ) ;
#7977 = LINE ( 'NONE', #3343, #8250 ) ;
#7978 = LINE ( 'NONE', #1738, #8318 ) ;
#7979 = LINE ( 'NONE', #4231, #4007 ) ;
#7980 = LINE ( 'NONE', #3639, #7563 ) ;
#7981 = PLANE ( 'NONE',  #3929 ) ;
#7982 = DIRECTION ( 'NONE',  ( -0.000000000000000000, 1.000000000000000000, -0.000000000000000000 ) ) ;
#7983 = MECHANICAL_DESIGN_GEOMETRIC_PRESENTATION_REPRESENTATION (  '', ( #8790 ), #2459 ) ;
#7984 = ORIENTED_EDGE ( 'NONE', *, *, #6946, .T. ) ;
#7985 = ORIENTED_EDGE ( 'NONE', *, *, #155, .T. ) ;
#7986 = VECTOR ( 'NONE', #9798, 1000.000000000000000 ) ;
#7987 = VERTEX_POINT ( 'NONE', #2346 ) ;
#7988 = ORIENTED_EDGE ( 'NONE', *, *, #8242, .T. ) ;
#7989 = VECTOR ( 'NONE', #7953, 1000.000000000000000 ) ;
#7990 = VERTEX_POINT ( 'NONE', #6454 ) ;
#7991 = LINE ( 'NONE', #4770, #2316 ) ;
#7992 = CARTESIAN_POINT ( 'NONE',  ( 1.099999999999999867, 0.1499999999999999667, -1.099999999999999645 ) ) ;
#7993 = DIRECTION ( 'NONE',  ( -1.000000000000000000, 0.000000000000000000, 1.445602896647339706E-15 ) ) ;
#7994 = LINE ( 'NONE', #6419, #7821 ) ;
#7995 = FACE_OUTER_BOUND ( 'NONE', #3674, .T. ) ;
#7996 = VECTOR ( 'NONE', #4230, 1000.000000000000000 ) ;
#7997 = EDGE_CURVE ( 'NONE', #4388, #7938, #2746, .T. ) ;
#7998 = VERTEX_POINT ( 'NONE', #1200 ) ;
#7999 = ORIENTED_EDGE ( 'NONE', *, *, #6641, .F. ) ;
#8000 = EDGE_CURVE ( 'NONE', #1941, #5595, #2124, .T. ) ;
#8001 = ORIENTED_EDGE ( 'NONE', *, *, #3802, .F. ) ;
#8002 = AXIS2_PLACEMENT_3D ( 'NONE', #7516, #9718, #677 ) ;
#8003 = CARTESIAN_POINT ( 'NONE',  ( 2.000000000000000888, 0.1500000000000008271, 0.8249999999999921840 ) ) ;
#8004 = CYLINDRICAL_SURFACE ( 'NONE', #8307, 0.1499999999999999667 ) ;
#8005 = CARTESIAN_POINT ( 'NONE',  ( 1.924999999999999156, 0.6702163011671202764, 1.125000000000000222 ) ) ;
#8006 = DIRECTION ( 'NONE',  ( 0.000000000000000000, 0.000000000000000000, 1.000000000000000000 ) ) ;
#8007 = DIRECTION ( 'NONE',  ( 0.000000000000000000, -0.000000000000000000, -1.000000000000000000 ) ) ;
#8008 =( NAMED_UNIT ( * ) SI_UNIT ( $, .STERADIAN. ) SOLID_ANGLE_UNIT ( ) );
#8009 = ORIENTED_EDGE ( 'NONE', *, *, #622, .T. ) ;
#8010 = EDGE_CURVE ( 'NONE', #4582, #5145, #1095, .T. ) ;
#8011 = EDGE_CURVE ( 'NONE', #1753, #7007, #6501, .T. ) ;
#8012 = DIRECTION ( 'NONE',  ( 1.000000000000000000, 0.000000000000000000, 0.000000000000000000 ) ) ;
#8013 = CARTESIAN_POINT ( 'NONE',  ( 1.649999999999999023, 0.000000000000000000, -0.9749999999999999778 ) ) ;
#8014 = LINE ( 'NONE', #4264, #4317 ) ;
#8015 = DIRECTION ( 'NONE',  ( 0.000000000000000000, 0.000000000000000000, 1.000000000000000000 ) ) ;
#8016 = CARTESIAN_POINT ( 'NONE',  ( 1.199999999999999956, 0.05000000000000000278, 1.100000000000000089 ) ) ;
#8017 = EDGE_CURVE ( 'NONE', #9397, #8853, #1789, .T. ) ;
#8018 = ADVANCED_FACE ( 'NONE', ( #5655 ), #2652, .T. ) ;
#8019 = DIRECTION ( 'NONE',  ( 3.942553354492742052E-16, 0.000000000000000000, -1.000000000000000000 ) ) ;
#8020 = ORIENTED_EDGE ( 'NONE', *, *, #746, .T. ) ;
#8021 = ORIENTED_EDGE ( 'NONE', *, *, #345, .F. ) ;
#8022 = EDGE_CURVE ( 'NONE', #8253, #2078, #7932, .T. ) ;
#8023 = PLANE ( 'NONE',  #6825 ) ;
#8024 = ORIENTED_EDGE ( 'NONE', *, *, #697, .F. ) ;
#8025 = DIRECTION ( 'NONE',  ( 0.000000000000000000, 0.000000000000000000, -1.000000000000000000 ) ) ;
#8026 = CARTESIAN_POINT ( 'NONE',  ( 1.925000000000005373, 0.1499999999999999667, 1.124999999999992006 ) ) ;
#8027 = DIRECTION ( 'NONE',  ( 0.000000000000000000, 0.000000000000000000, 1.000000000000000000 ) ) ;
#8028 = AXIS2_PLACEMENT_3D ( 'NONE', #8567, #6289, #6983 ) ;
#8029 = LINE ( 'NONE', #1246, #3043 ) ;
#8030 = VECTOR ( 'NONE', #5516, 1000.000000000000000 ) ;
#8031 = EDGE_CURVE ( 'NONE', #7729, #1563, #994, .T. ) ;
#8032 = CARTESIAN_POINT ( 'NONE',  ( -2.000000000000008438, 0.08999999999999999667, -0.8249999999999784173 ) ) ;
#8033 = LINE ( 'NONE', #3591, #177 ) ;
#8034 = VECTOR ( 'NONE', #2729, 1000.000000000000000 ) ;
#8035 = EDGE_CURVE ( 'NONE', #1941, #5749, #7148, .T. ) ;
#8036 = ORIENTED_EDGE ( 'NONE', *, *, #4138, .F. ) ;
#8037 = ORIENTED_EDGE ( 'NONE', *, *, #5083, .F. ) ;
#8038 = AXIS2_PLACEMENT_3D ( 'NONE', #9007, #5870, #3512 ) ;
#8039 = VERTEX_POINT ( 'NONE', #4911 ) ;
#8040 = VECTOR ( 'NONE', #3247, 1000.000000000000000 ) ;
#8041 = DIRECTION ( 'NONE',  ( 0.000000000000000000, 0.000000000000000000, 1.000000000000000000 ) ) ;
#8042 = AXIS2_PLACEMENT_3D ( 'NONE', #827, #3721, #6737 ) ;
#8043 = CARTESIAN_POINT ( 'NONE',  ( -1.100000000000000089, 0.000000000000000000, -1.200000000000000178 ) ) ;
#8044 = SURFACE_STYLE_FILL_AREA ( #3647 ) ;
#8045 = DIRECTION ( 'NONE',  ( 0.000000000000000000, -1.000000000000000000, 0.000000000000000000 ) ) ;
#8046 = COLOUR_RGB ( '',0.7921568627450980005, 0.8196078431372548767, 0.9333333333333333481 ) ;
#8047 = PRESENTATION_STYLE_ASSIGNMENT (( #5813 ) ) ;
#8048 = VERTEX_POINT ( 'NONE', #264 ) ;
#8049 = VERTEX_POINT ( 'NONE', #8639 ) ;
#8050 = UNCERTAINTY_MEASURE_WITH_UNIT (LENGTH_MEASURE( 1.000000000000000082E-05 ), #2972, 'distance_accuracy_value', 'NONE');
#8051 = ORIENTED_EDGE ( 'NONE', *, *, #8714, .T. ) ;
#8052 = CARTESIAN_POINT ( 'NONE',  ( -1.924999999999999156, 0.000000000000000000, -0.8249999999999998446 ) ) ;
#8053 = FILL_AREA_STYLE_COLOUR ( '', #9275 ) ;
#8054 = DIRECTION ( 'NONE',  ( 0.000000000000000000, 0.000000000000000000, 1.000000000000000000 ) ) ;
#8055 = CARTESIAN_POINT ( 'NONE',  ( 1.649999999999999023, 0.000000000000000000, 0.1750000000000000167 ) ) ;
#8056 = LINE ( 'NONE', #4153, #8615 ) ;
#8057 = CARTESIAN_POINT ( 'NONE',  ( 1.649999999999999023, 0.6702163011671202764, -0.8249999999999999556 ) ) ;
#8058 = ORIENTED_EDGE ( 'NONE', *, *, #7202, .T. ) ;
#8059 = ADVANCED_FACE ( 'NONE', ( #5607 ), #5556, .F. ) ;
#8060 = PLANE ( 'NONE',  #7648 ) ;
#8061 = PLANE ( 'NONE',  #664 ) ;
#8062 = CARTESIAN_POINT ( 'NONE',  ( -0.1749999999999993783, 0.1500000000000008271, 1.999999999999999556 ) ) ;
#8063 = CARTESIAN_POINT ( 'NONE',  ( -1.649999999999999023, 0.05000000000000002359, 0.9749999999999999778 ) ) ;
#8064 = DIRECTION ( 'NONE',  ( -1.000000000000000000, 0.000000000000000000, 0.000000000000000000 ) ) ;
#8065 = CARTESIAN_POINT ( 'NONE',  ( -0.4749999999999997558, 0.04999999999999999584, -1.650000000000000577 ) ) ;
#8066 = ORIENTED_EDGE ( 'NONE', *, *, #8069, .T. ) ;
#8067 = ORIENTED_EDGE ( 'NONE', *, *, #8031, .T. ) ;
#8068 = EDGE_CURVE ( 'NONE', #610, #2218, #3088, .T. ) ;
#8069 = EDGE_CURVE ( 'NONE', #2799, #8391, #3492, .T. ) ;
#8070 = DIRECTION ( 'NONE',  ( 0.000000000000000000, 0.000000000000000000, -1.000000000000000000 ) ) ;
#8071 = EDGE_CURVE ( 'NONE', #5015, #2699, #6408, .T. ) ;
#8072 = ORIENTED_EDGE ( 'NONE', *, *, #615, .F. ) ;
#8073 = DIRECTION ( 'NONE',  ( 0.000000000000000000, 0.000000000000000000, 1.000000000000000000 ) ) ;
#8074 = CARTESIAN_POINT ( 'NONE',  ( 0.4750000000000005884, 0.08999999999999999667, 1.999999999999999556 ) ) ;
#8075 = FACE_OUTER_BOUND ( 'NONE', #8541, .T. ) ;
#8076 = CARTESIAN_POINT ( 'NONE',  ( 1.649999999999999023, 0.6702163011671202764, -1.125000000000000000 ) ) ;
#8077 = DIRECTION ( 'NONE',  ( 1.000000000000000000, 0.000000000000000000, 0.000000000000000000 ) ) ;
#8078 = VECTOR ( 'NONE', #5294, 1000.000000000000000 ) ;
#8079 = CARTESIAN_POINT ( 'NONE',  ( 1.125000000000000666, 0.08999999999999999667, 1.999999999999999556 ) ) ;
#8080 = AXIS2_PLACEMENT_3D ( 'NONE', #4312, #6637, #535 ) ;
#8081 = ORIENTED_EDGE ( 'NONE', *, *, #8691, .T. ) ;
#8082 = ORIENTED_EDGE ( 'NONE', *, *, #9132, .F. ) ;
#8083 = EDGE_CURVE ( 'NONE', #4341, #7322, #3446, .T. ) ;
#8084 = ORIENTED_EDGE ( 'NONE', *, *, #9475, .T. ) ;
#8085 = AXIS2_PLACEMENT_3D ( 'NONE', #7682, #6, #894 ) ;
#8086 = DIRECTION ( 'NONE',  ( 0.000000000000000000, 0.000000000000000000, -1.000000000000000000 ) ) ;
#8087 = EDGE_CURVE ( 'NONE', #6013, #7693, #9493, .T. ) ;
#8088 = VECTOR ( 'NONE', #3468, 1000.000000000000000 ) ;
#8089 = LINE ( 'NONE', #3551, #7252 ) ;
#8090 =( NAMED_UNIT ( * ) SI_UNIT ( $, .STERADIAN. ) SOLID_ANGLE_UNIT ( ) );
#8091 = LINE ( 'NONE', #1308, #9104 ) ;
#8092 = VECTOR ( 'NONE', #6223, 1000.000000000000000 ) ;
#8093 = EDGE_CURVE ( 'NONE', #3635, #3049, #2696, .T. ) ;
#8094 = ORIENTED_EDGE ( 'NONE', *, *, #8000, .T. ) ;
#8095 = AXIS2_PLACEMENT_3D ( 'NONE', #1481, #6595, #5196 ) ;
#8096 = ORIENTED_EDGE ( 'NONE', *, *, #3956, .T. ) ;
#8097 = VECTOR ( 'NONE', #1578, 1000.000000000000000 ) ;
#8098 = ORIENTED_EDGE ( 'NONE', *, *, #7397, .F. ) ;
#8099 = VECTOR ( 'NONE', #5118, 1000.000000000000000 ) ;
#8100 = DIRECTION ( 'NONE',  ( 3.491481338843133355E-15, 0.000000000000000000, 1.000000000000000000 ) ) ;
#8101 = SURFACE_SIDE_STYLE ('',( #4252 ) ) ;
#8102 = CARTESIAN_POINT ( 'NONE',  ( -1.599999999999999201, 1.399999999999999911, -1.766666666666667496 ) ) ;
#8103 =( NAMED_UNIT ( * ) SI_UNIT ( $, .STERADIAN. ) SOLID_ANGLE_UNIT ( ) );
#8104 = PLANE ( 'NONE',  #6401 ) ;
#8105 = VECTOR ( 'NONE', #6075, 1000.000000000000000 ) ;
#8106 = CARTESIAN_POINT ( 'NONE',  ( 1.999999999999999112, 0.08999999999999999667, -0.1750000000000076772 ) ) ;
#8107 = VECTOR ( 'NONE', #3870, 1000.000000000000000 ) ;
#8108 =( NAMED_UNIT ( * ) PLANE_ANGLE_UNIT ( ) SI_UNIT ( $, .RADIAN. ) );
#8109 = EDGE_LOOP ( 'NONE', ( #637, #8234, #8661, #2637 ) ) ;
#8110 = CIRCLE ( 'NONE', #2745, 0.1499999999999999667 ) ;
#8111 = CARTESIAN_POINT ( 'NONE',  ( 0.8250000000000001776, 0.1499999999999999667, 1.650000000000000577 ) ) ;
#8112 = CARTESIAN_POINT ( 'NONE',  ( 1.619058829184431891, 0.1499999999999999667, 0.1749999999999937161 ) ) ;
#8113 = CARTESIAN_POINT ( 'NONE',  ( -1.649999999999999023, 0.1499999999999999667, 0.3250000000000000111 ) ) ;
#8114 = CARTESIAN_POINT ( 'NONE',  ( 0.4750000000000001443, 0.1499999999999999667, -1.925000000000000933 ) ) ;
#8115 = CARTESIAN_POINT ( 'NONE',  ( 1.924999999999999156, 0.6702163011671204984, 1.125000000000000222 ) ) ;
#8116 = PLANE ( 'NONE',  #17 ) ;
#8117 = ORIENTED_EDGE ( 'NONE', *, *, #7017, .F. ) ;
#8118 = ORIENTED_EDGE ( 'NONE', *, *, #5218, .T. ) ;
#8119 = VECTOR ( 'NONE', #1973, 1000.000000000000000 ) ;
#8120 = CARTESIAN_POINT ( 'NONE',  ( -0.8249999999999997335, 0.1499999999999999944, -1.925000000000000933 ) ) ;
#8121 = EDGE_CURVE ( 'NONE', #516, #7920, #7884, .T. ) ;
#8122 = EDGE_CURVE ( 'NONE', #7052, #6920, #314, .T. ) ;
#8123 = VERTEX_POINT ( 'NONE', #6355 ) ;
#8124 = DIRECTION ( 'NONE',  ( -1.192004691317674036E-14, 0.000000000000000000, -1.000000000000000000 ) ) ;
#8125 = CARTESIAN_POINT ( 'NONE',  ( 0.1750000000000006828, 0.08999999999999999667, 1.999999999999999556 ) ) ;
#8126 = DIRECTION ( 'NONE',  ( 0.000000000000000000, -0.000000000000000000, -1.000000000000000000 ) ) ;
#8127 = AXIS2_PLACEMENT_3D ( 'NONE', #3825, #9632, #5105 ) ;
#8128 = CARTESIAN_POINT ( 'NONE',  ( 1.924999999999999156, 0.000000000000000000, -0.4749999999999999223 ) ) ;
#8129 = CARTESIAN_POINT ( 'NONE',  ( 1.649999999999999023, 0.1499999999999999667, 0.1750000000000000167 ) ) ;
#8130 = LINE ( 'NONE', #2050, #3665 ) ;
#8131 = VERTEX_POINT ( 'NONE', #6551 ) ;
#8132 = DIRECTION ( 'NONE',  ( -0.000000000000000000, -1.000000000000000000, -0.000000000000000000 ) ) ;
#8133 = ORIENTED_EDGE ( 'NONE', *, *, #6286, .F. ) ;
#8134 = AXIS2_PLACEMENT_3D ( 'NONE', #7668, #3127, #289 ) ;
#8135 = CARTESIAN_POINT ( 'NONE',  ( -1.999999999999994893, 0.1499999999999999667, 0.4750000000000215161 ) ) ;
#8136 = DIRECTION ( 'NONE',  ( -1.577021341797093468E-15, 0.000000000000000000, -1.000000000000000000 ) ) ;
#8137 = CARTESIAN_POINT ( 'NONE',  ( 1.125000000000000222, 0.000000000000000000, 1.650000000000000577 ) ) ;
#8138 = CARTESIAN_POINT ( 'NONE',  ( -1.924999999999999156, 0.09000000000000002442, 0.1750000000000000167 ) ) ;
#8139 = ADVANCED_FACE ( 'NONE', ( #546 ), #6650, .T. ) ;
#8140 = ORIENTED_EDGE ( 'NONE', *, *, #3415, .T. ) ;
#8141 = VECTOR ( 'NONE', #8546, 1000.000000000000000 ) ;
#8142 = EDGE_CURVE ( 'NONE', #5559, #651, #4422, .T. ) ;
#8143 = ORIENTED_EDGE ( 'NONE', *, *, #49, .F. ) ;
#8144 = ORIENTED_EDGE ( 'NONE', *, *, #200, .F. ) ;
#8145 =( GEOMETRIC_REPRESENTATION_CONTEXT ( 3 ) GLOBAL_UNCERTAINTY_ASSIGNED_CONTEXT ( ( #7851 ) ) GLOBAL_UNIT_ASSIGNED_CONTEXT ( ( #7768, #3330, #147 ) ) REPRESENTATION_CONTEXT ( 'NONE', 'WORKASPACE' ) );
#8146 = ORIENTED_EDGE ( 'NONE', *, *, #9199, .T. ) ;
#8147 = VERTEX_POINT ( 'NONE', #2896 ) ;
#8148 = DIRECTION ( 'NONE',  ( 0.000000000000000000, 0.000000000000000000, 1.000000000000000000 ) ) ;
#8149 = DIRECTION ( 'NONE',  ( -1.000000000000000000, 0.000000000000000000, 1.047444401652940007E-14 ) ) ;
#8150 = FACE_OUTER_BOUND ( 'NONE', #1648, .T. ) ;
#8151 = LINE ( 'NONE', #8908, #3245 ) ;
#8152 = LINE ( 'NONE', #1364, #5719 ) ;
#8153 = DIRECTION ( 'NONE',  ( 0.000000000000000000, 0.000000000000000000, -1.000000000000000000 ) ) ;
#8154 = VERTEX_POINT ( 'NONE', #5058 ) ;
#8155 = EDGE_CURVE ( 'NONE', #6566, #1074, #97, .T. ) ;
#8156 = ORIENTED_EDGE ( 'NONE', *, *, #8499, .T. ) ;
#8157 = EDGE_CURVE ( 'NONE', #360, #2210, #832, .T. ) ;
#8158 = VECTOR ( 'NONE', #8683, 1000.000000000000000 ) ;
#8159 = LINE ( 'NONE', #8715, #7066 ) ;
#8160 = SURFACE_SIDE_STYLE ('',( #729 ) ) ;
#8161 = LINE ( 'NONE', #5232, #9704 ) ;
#8162 = FACE_OUTER_BOUND ( 'NONE', #7062, .T. ) ;
#8163 = CARTESIAN_POINT ( 'NONE',  ( 1.924999999999999156, 0.6702163011671204984, 1.125000000000000222 ) ) ;
#8164 = DIRECTION ( 'NONE',  ( -0.000000000000000000, -1.000000000000000000, -0.000000000000000000 ) ) ;
#8165 = ORIENTED_EDGE ( 'NONE', *, *, #1299, .T. ) ;
#8166 = ORIENTED_EDGE ( 'NONE', *, *, #4801, .F. ) ;
#8167 = DIRECTION ( 'NONE',  ( 1.000000000000000000, 0.000000000000000000, -0.000000000000000000 ) ) ;
#8168 =( LENGTH_UNIT ( ) NAMED_UNIT ( * ) SI_UNIT ( .MILLI., .METRE. ) );
#8169 = ORIENTED_EDGE ( 'NONE', *, *, #1283, .F. ) ;
#8170 = CARTESIAN_POINT ( 'NONE',  ( -1.925000000000009592, 0.6702163011671209425, -0.8249999999999791944 ) ) ;
#8171 = CARTESIAN_POINT ( 'NONE',  ( -1.619058829184426340, 0.08999999999999999667, 0.4750000000000175748 ) ) ;
#8172 = DIRECTION ( 'NONE',  ( 0.000000000000000000, 0.000000000000000000, 1.000000000000000000 ) ) ;
#8173 = CARTESIAN_POINT ( 'NONE',  ( 1.999999999999999112, 0.1499999999999999667, -0.1750000000000076772 ) ) ;
#8174 = LINE ( 'NONE', #7572, #6570 ) ;
#8175 = FACE_OUTER_BOUND ( 'NONE', #714, .T. ) ;
#8176 = EDGE_CURVE ( 'NONE', #4591, #2157, #8365, .T. ) ;
#8177 = ORIENTED_EDGE ( 'NONE', *, *, #2599, .F. ) ;
#8178 = CARTESIAN_POINT ( 'NONE',  ( -0.9749999999999997558, 0.1499999999999999944, 1.650000000000000799 ) ) ;
#8179 = VERTEX_POINT ( 'NONE', #2049 ) ;
#8180 = VERTEX_POINT ( 'NONE', #8129 ) ;
#8181 = PLANE ( 'NONE',  #5147 ) ;
#8182 = PLANE ( 'NONE',  #2342 ) ;
#8183 = PLANE ( 'NONE',  #6563 ) ;
#8184 = EDGE_LOOP ( 'NONE', ( #5380, #7310, #427, #4828 ) ) ;
#8185 = PLANE ( 'NONE',  #5891 ) ;
#8186 = ORIENTED_EDGE ( 'NONE', *, *, #2906, .T. ) ;
#8187 = AXIS2_PLACEMENT_3D ( 'NONE', #8458, #1566, #7613 ) ;
#8188 = EDGE_CURVE ( 'NONE', #5691, #8392, #3640, .T. ) ;
#8189 = VECTOR ( 'NONE', #3258, 1000.000000000000000 ) ;
#8190 = ORIENTED_EDGE ( 'NONE', *, *, #153, .T. ) ;
#8191 = VERTEX_POINT ( 'NONE', #5851 ) ;
#8192 = VECTOR ( 'NONE', #5848, 1000.000000000000000 ) ;
#8193 = EDGE_CURVE ( 'NONE', #3482, #6001, #8878, .T. ) ;
#8194 = ORIENTED_EDGE ( 'NONE', *, *, #446, .F. ) ;
#8195 = EDGE_CURVE ( 'NONE', #8283, #4037, #1291, .T. ) ;
#8196 = CARTESIAN_POINT ( 'NONE',  ( 1.924999999999999156, 0.08999999999999999667, -0.1750000000000073996 ) ) ;
#8197 = AXIS2_PLACEMENT_3D ( 'NONE', #3260, #2465, #8695 ) ;
#8198 = DIRECTION ( 'NONE',  ( 0.000000000000000000, 0.000000000000000000, 1.000000000000000000 ) ) ;
#8199 = FACE_OUTER_BOUND ( 'NONE', #3119, .T. ) ;
#8200 = FILL_AREA_STYLE ('',( #5173 ) ) ;
#8201 = DIRECTION ( 'NONE',  ( -0.000000000000000000, 1.000000000000000000, -0.000000000000000000 ) ) ;
#8202 = DIRECTION ( 'NONE',  ( 1.000000000000000000, 0.000000000000000000, 0.000000000000000000 ) ) ;
#8203 = VERTEX_POINT ( 'NONE', #7388 ) ;
#8204 = EDGE_LOOP ( 'NONE', ( #4571, #3756, #9620, #3266 ) ) ;
#8205 = CARTESIAN_POINT ( 'NONE',  ( -1.099999999999999867, 0.05000000000000000278, 1.199999999999999734 ) ) ;
#8206 = CARTESIAN_POINT ( 'NONE',  ( -1.619058829184442994, 0.08999999999999999667, -1.124999999999982458 ) ) ;
#8207 = CARTESIAN_POINT ( 'NONE',  ( 0.4750000000000005884, 0.1500000000000008271, 1.999999999999999112 ) ) ;
#8208 = LINE ( 'NONE', #5476, #5831 ) ;
#8209 = DIRECTION ( 'NONE',  ( 0.000000000000000000, -1.000000000000000000, 0.000000000000000000 ) ) ;
#8210 = ADVANCED_FACE ( 'NONE', ( #4326 ), #1248, .T. ) ;
#8212 = LINE ( 'NONE', #6033, #6982 ) ;
#8211 = FACE_OUTER_BOUND ( 'NONE', #2539, .T. ) ;
#8213 = ORIENTED_EDGE ( 'NONE', *, *, #6014, .T. ) ;
#8214 = VERTEX_POINT ( 'NONE', #7287 ) ;
#8215 = CYLINDRICAL_SURFACE ( 'NONE', #1270, 0.1499999999999999667 ) ;
#8216 = EDGE_CURVE ( 'NONE', #2491, #798, #8174, .T. ) ;
#8217 = FACE_OUTER_BOUND ( 'NONE', #8442, .T. ) ;
#8218 = ORIENTED_EDGE ( 'NONE', *, *, #3816, .F. ) ;
#8219 = FACE_OUTER_BOUND ( 'NONE', #1852, .T. ) ;
#8220 = LINE ( 'NONE', #496, #4870 ) ;
#8221 = LINE ( 'NONE', #1431, #3053 ) ;
#8222 = CYLINDRICAL_SURFACE ( 'NONE', #8881, 0.1666666666666667407 ) ;
#8223 = CARTESIAN_POINT ( 'NONE',  ( 0.8249999999999992895, 0.1499999999999999667, -1.999999999999999556 ) ) ;
#8224 = ORIENTED_EDGE ( 'NONE', *, *, #3504, .F. ) ;
#8225 = LINE ( 'NONE', #3740, #1635 ) ;
#8226 = EDGE_LOOP ( 'NONE', ( #3434, #5092, #2458, #6361 ) ) ;
#8227 = ORIENTED_EDGE ( 'NONE', *, *, #2467, .F. ) ;
#8228 = LINE ( 'NONE', #4478, #5785 ) ;
#8229 = LINE ( 'NONE', #9796, #2038 ) ;
#8230 = FILL_AREA_STYLE_COLOUR ( '', #8850 ) ;
#8231 = DIRECTION ( 'NONE',  ( 0.000000000000000000, 1.000000000000000000, 0.000000000000000000 ) ) ;
#8232 = ORIENTED_EDGE ( 'NONE', *, *, #9663, .T. ) ;
#8233 = CARTESIAN_POINT ( 'NONE',  ( -0.1749999999999998224, 0.04999999999999999584, -1.925000000000000933 ) ) ;
#8234 = ORIENTED_EDGE ( 'NONE', *, *, #6098, .F. ) ;
#8235 =( LENGTH_UNIT ( ) NAMED_UNIT ( * ) SI_UNIT ( .MILLI., .METRE. ) );
#8236 = VECTOR ( 'NONE', #7139, 1000.000000000000000 ) ;
#8237 = ORIENTED_EDGE ( 'NONE', *, *, #5208, .F. ) ;
#8238 = STYLED_ITEM ( 'NONE', ( #7226 ), #6509 ) ;
#8239 = ADVANCED_FACE ( 'NONE', ( #9172 ), #8837, .T. ) ;
#8240 = EDGE_LOOP ( 'NONE', ( #9041, #5704, #8232, #5672, #6080, #5658 ) ) ;
#8241 = CIRCLE ( 'NONE', #5711, 0.1666666666666667407 ) ;
#8242 = EDGE_CURVE ( 'NONE', #1695, #3842, #9584, .T. ) ;
#8243 = DIRECTION ( 'NONE',  ( 0.000000000000000000, 1.000000000000000000, 0.000000000000000000 ) ) ;
#8244 = FILL_AREA_STYLE_COLOUR ( '', #7515 ) ;
#8245 = DIRECTION ( 'NONE',  ( 1.000000000000000000, -0.000000000000000000, 0.000000000000000000 ) ) ;
#8246 = PRESENTATION_LAYER_ASSIGNMENT (  '', '', ( #3686 ) ) ;
#8247 = DIRECTION ( 'NONE',  ( -0.000000000000000000, -1.000000000000000000, -0.000000000000000000 ) ) ;
#8248 = DIRECTION ( 'NONE',  ( -3.491481338843133355E-15, 0.000000000000000000, -1.000000000000000000 ) ) ;
#8249 = ORIENTED_EDGE ( 'NONE', *, *, #1092, .T. ) ;
#8250 = VECTOR ( 'NONE', #454, 1000.000000000000000 ) ;
#8251 = VECTOR ( 'NONE', #5089, 1000.000000000000000 ) ;
#8252 = EDGE_LOOP ( 'NONE', ( #8444, #6458, #4864, #2964 ) ) ;
#8253 = VERTEX_POINT ( 'NONE', #5803 ) ;
#8254 = AXIS2_PLACEMENT_3D ( 'NONE', #9751, #5265, #6612 ) ;
#8256 = DIRECTION ( 'NONE',  ( 0.000000000000000000, -1.000000000000000000, 0.000000000000000000 ) ) ;
#8255 = CIRCLE ( 'NONE', #9545, 0.1499999999999999667 ) ;
#8257 = CARTESIAN_POINT ( 'NONE',  ( -0.9749999999999997558, 0.000000000000000000, -1.650000000000000799 ) ) ;
#8258 = AXIS2_PLACEMENT_3D ( 'NONE', #2522, #9263, #8505 ) ;
#8259 = DIRECTION ( 'NONE',  ( 0.000000000000000000, -0.000000000000000000, -1.000000000000000000 ) ) ;
#8260 = CARTESIAN_POINT ( 'NONE',  ( -1.924999999999999156, 0.1499999999999999667, 0.8249999999999999556 ) ) ;
#8262 = DIRECTION ( 'NONE',  ( 0.000000000000000000, -0.000000000000000000, 1.000000000000000000 ) ) ;
#8261 =( NAMED_UNIT ( * ) SI_UNIT ( $, .STERADIAN. ) SOLID_ANGLE_UNIT ( ) );
#8263 = ORIENTED_EDGE ( 'NONE', *, *, #1682, .F. ) ;
#8264 = ORIENTED_EDGE ( 'NONE', *, *, #4094, .F. ) ;
#8265 = VECTOR ( 'NONE', #7430, 1000.000000000000000 ) ;
#8266 = ADVANCED_FACE ( 'NONE', ( #1387 ), #784, .F. ) ;
#8267 = CARTESIAN_POINT ( 'NONE',  ( 0.8250000000000001776, 0.000000000000000000, -1.925000000000000933 ) ) ;
#8268 = VECTOR ( 'NONE', #2407, 1000.000000000000000 ) ;
#8269 = EDGE_CURVE ( 'NONE', #6679, #5990, #7358, .T. ) ;
#8270 = DIRECTION ( 'NONE',  ( 0.000000000000000000, -1.000000000000000000, 0.000000000000000000 ) ) ;
#8271 = ORIENTED_EDGE ( 'NONE', *, *, #6941, .T. ) ;
#8272 = CARTESIAN_POINT ( 'NONE',  ( -1.999999999999988010, 0.08999999999999999667, 1.125000000000021538 ) ) ;
#8273 = CARTESIAN_POINT ( 'NONE',  ( 1.124999999999999334, 0.08999999999999999667, -1.925000000000001377 ) ) ;
#8274 = DIRECTION ( 'NONE',  ( 0.000000000000000000, 0.000000000000000000, -1.000000000000000000 ) ) ;
#8275 = FACE_BOUND ( 'NONE', #4540, .T. ) ;
#8276 = DIRECTION ( 'NONE',  ( -1.000000000000000000, 0.000000000000000000, 1.047444401652940007E-14 ) ) ;
#8277 = VERTEX_POINT ( 'NONE', #53 ) ;
#8278 = DIRECTION ( 'NONE',  ( -0.000000000000000000, -0.000000000000000000, 1.000000000000000000 ) ) ;
#8279 = EDGE_CURVE ( 'NONE', #3604, #7826, #1339, .T. ) ;
#8280 = EDGE_LOOP ( 'NONE', ( #338, #3012, #1466, #4475 ) ) ;
#8281 = VECTOR ( 'NONE', #5155, 1000.000000000000000 ) ;
#8282 = VECTOR ( 'NONE', #6081, 1000.000000000000000 ) ;
#8283 = VERTEX_POINT ( 'NONE', #9123 ) ;
#8284 = LINE ( 'NONE', #4525, #2159 ) ;
#8285 = DIRECTION ( 'NONE',  ( 0.000000000000000000, 0.000000000000000000, 1.000000000000000000 ) ) ;
#8286 = DIRECTION ( 'NONE',  ( 0.000000000000000000, -0.000000000000000000, 1.000000000000000000 ) ) ;
#8287 = FACE_OUTER_BOUND ( 'NONE', #6411, .T. ) ;
#8288 = VERTEX_POINT ( 'NONE', #925 ) ;
#8289 = DIRECTION ( 'NONE',  ( 1.000000000000000000, 0.000000000000000000, 0.000000000000000000 ) ) ;
#8290 = ORIENTED_EDGE ( 'NONE', *, *, #2325, .F. ) ;
#8292 = VECTOR ( 'NONE', #780, 1000.000000000000000 ) ;
#8291 = APPLICATION_PROTOCOL_DEFINITION ( 'draft international standard', 'automotive_design', 1998, #1133 ) ;
#8293 = VERTEX_POINT ( 'NONE', #4837 ) ;
#8294 = ORIENTED_EDGE ( 'NONE', *, *, #5706, .T. ) ;
#8295 = CARTESIAN_POINT ( 'NONE',  ( -0.9749999999999997558, 0.04999999999999999584, -1.650000000000000799 ) ) ;
#8296 = CARTESIAN_POINT ( 'NONE',  ( -0.9749999999999997558, 0.1499999999999999944, -1.650000000000000799 ) ) ;
#8297 = AXIS2_PLACEMENT_3D ( 'NONE', #7592, #802, #8487 ) ;
#8298 = FACE_OUTER_BOUND ( 'NONE', #4618, .T. ) ;
#8299 = CARTESIAN_POINT ( 'NONE',  ( 1.125000000000000222, 0.1499999999999999667, -1.925000000000000933 ) ) ;
#8300 = ADVANCED_FACE ( 'NONE', ( #9271 ), #2481, .T. ) ;
#8301 = PLANE ( 'NONE',  #8575 ) ;
#8302 = ORIENTED_EDGE ( 'NONE', *, *, #4588, .F. ) ;
#8303 = ORIENTED_EDGE ( 'NONE', *, *, #2599, .T. ) ;
#8304 = ADVANCED_FACE ( 'NONE', ( #8559 ), #7672, .F. ) ;
#8305 = ORIENTED_EDGE ( 'NONE', *, *, #9132, .T. ) ;
#8306 = CIRCLE ( 'NONE', #3880, 0.1499999999999999667 ) ;
#8307 = AXIS2_PLACEMENT_3D ( 'NONE', #2669, #5441, #1217 ) ;
#8308 = PLANE ( 'NONE',  #4468 ) ;
#8309 = FACE_OUTER_BOUND ( 'NONE', #4239, .T. ) ;
#8310 = DIRECTION ( 'NONE',  ( 0.000000000000000000, -0.000000000000000000, -1.000000000000000000 ) ) ;
#8311 = LINE ( 'NONE', #7567, #8292 ) ;
#8313 = LINE ( 'NONE', #782, #6676 ) ;
#8312 = LINE ( 'NONE', #50, #2016 ) ;
#8314 = EDGE_LOOP ( 'NONE', ( #1627, #9308, #2975, #8532 ) ) ;
#8315 = VERTEX_POINT ( 'NONE', #9220 ) ;
#8316 = EDGE_CURVE ( 'NONE', #7459, #4967, #8306, .T. ) ;
#8317 = EDGE_CURVE ( 'NONE', #4482, #6540, #191, .T. ) ;
#8318 = VECTOR ( 'NONE', #2497, 1000.000000000000000 ) ;
#8319 = DIRECTION ( 'NONE',  ( 1.000000000000000000, 0.000000000000000000, 0.000000000000000000 ) ) ;
#8320 = EDGE_CURVE ( 'NONE', #6638, #657, #4012, .T. ) ;
#8321 = EDGE_CURVE ( 'NONE', #2614, #2504, #8931, .T. ) ;
#8322 = FILL_AREA_STYLE ('',( #2329 ) ) ;
#8324 = VECTOR ( 'NONE', #7466, 1000.000000000000000 ) ;
#8323 = PLANE ( 'NONE',  #3371 ) ;
#8325 = LINE ( 'NONE', #7579, #756 ) ;
#8326 = DIRECTION ( 'NONE',  ( -1.577021341797095637E-15, 0.000000000000000000, -1.000000000000000000 ) ) ;
#8327 = EDGE_CURVE ( 'NONE', #2416, #9776, #242, .T. ) ;
#8328 = CARTESIAN_POINT ( 'NONE',  ( 0.000000000000000000, 0.000000000000000000, -1.999999999999999556 ) ) ;
#8329 = EDGE_CURVE ( 'NONE', #8180, #6285, #8604, .T. ) ;
#8330 = CARTESIAN_POINT ( 'NONE',  ( 1.124999999999999334, 0.08999999999999999667, -1.619058829184431225 ) ) ;
#8331 = VERTEX_POINT ( 'NONE', #8611 ) ;
#8332 = CARTESIAN_POINT ( 'NONE',  ( -1.649999999999999023, 0.000000000000000000, -0.3250000000000000111 ) ) ;
#8333 = ORIENTED_EDGE ( 'NONE', *, *, #8892, .F. ) ;
#8334 = ORIENTED_EDGE ( 'NONE', *, *, #3025, .F. ) ;
#8335 = EDGE_CURVE ( 'NONE', #1514, #1805, #3374, .T. ) ;
#8336 = LINE ( 'NONE', #8484, #3586 ) ;
#8337 = LINE ( 'NONE', #7541, #4245 ) ;
#8338 = CARTESIAN_POINT ( 'NONE',  ( -1.924999999999999156, 0.000000000000000000, 1.125000000000000222 ) ) ;
#8339 = EDGE_CURVE ( 'NONE', #805, #8039, #4787, .T. ) ;
#8340 = ORIENTED_EDGE ( 'NONE', *, *, #4524, .F. ) ;
#8341 = CARTESIAN_POINT ( 'NONE',  ( -1.619058829184433002, 0.08999999999999999667, -0.1749999999999824196 ) ) ;
#8342 = ORIENTED_EDGE ( 'NONE', *, *, #295, .T. ) ;
#8343 = ORIENTED_EDGE ( 'NONE', *, *, #3968, .T. ) ;
#8344 = PRESENTATION_LAYER_ASSIGNMENT (  '', '', ( #9792 ) ) ;
#8345 = ORIENTED_EDGE ( 'NONE', *, *, #2156, .F. ) ;
#8346 = DIRECTION ( 'NONE',  ( 0.000000000000000000, -0.000000000000000000, 1.000000000000000000 ) ) ;
#8347 = FILL_AREA_STYLE_COLOUR ( '', #914 ) ;
#8348 = CARTESIAN_POINT ( 'NONE',  ( 0.8250000000000001776, 0.000000000000000000, 1.650000000000000577 ) ) ;
#8349 = DIRECTION ( 'NONE',  ( 1.000000000000000000, -0.000000000000000000, 3.942553354492742052E-16 ) ) ;
#8350 = VECTOR ( 'NONE', #9813, 1000.000000000000000 ) ;
#8351 = CARTESIAN_POINT ( 'NONE',  ( 1.649999999999999023, 0.6702163011671202764, 0.3250000000000000111 ) ) ;
#8352 = ORIENTED_EDGE ( 'NONE', *, *, #7119, .T. ) ;
#8353 = VECTOR ( 'NONE', #1208, 1000.000000000000000 ) ;
#8354 = ORIENTED_EDGE ( 'NONE', *, *, #4260, .T. ) ;
#8355 = VECTOR ( 'NONE', #7273, 1000.000000000000000 ) ;
#8356 = ORIENTED_EDGE ( 'NONE', *, *, #3571, .T. ) ;
#8357 = AXIS2_PLACEMENT_3D ( 'NONE', #2498, #4760, #6550 ) ;
#8358 = DIRECTION ( 'NONE',  ( -1.000000000000000000, 0.000000000000000000, -0.000000000000000000 ) ) ;
#8359 = CARTESIAN_POINT ( 'NONE',  ( 1.924999999999999156, 0.1499999999999999667, -0.8249999999999998446 ) ) ;
#8360 = CARTESIAN_POINT ( 'NONE',  ( -1.124999999999999778, 0.000000000000000000, 1.650000000000000577 ) ) ;
#8361 = DIRECTION ( 'NONE',  ( 0.000000000000000000, 0.000000000000000000, -1.000000000000000000 ) ) ;
#8362 = EDGE_CURVE ( 'NONE', #9787, #1625, #969, .T. ) ;
#8363 = CARTESIAN_POINT ( 'NONE',  ( 1.924999999999999156, 0.6702163011671202764, 0.1750000000000000167 ) ) ;
#8364 = EDGE_LOOP ( 'NONE', ( #1223, #8527, #2451, #1423 ) ) ;
#8365 = LINE ( 'NONE', #5335, #6068 ) ;
#8366 = ORIENTED_EDGE ( 'NONE', *, *, #7651, .T. ) ;
#8367 = AXIS2_PLACEMENT_3D ( 'NONE', #8686, #4033, #4078 ) ;
#8368 = DIRECTION ( 'NONE',  ( -0.000000000000000000, 0.000000000000000000, -1.000000000000000000 ) ) ;
#8369 = MANIFOLD_SOLID_BREP ( 'PIN1', #1617 ) ;
#8370 = CARTESIAN_POINT ( 'NONE',  ( 0.000000000000000000, 0.000000000000000000, 0.000000000000000000 ) ) ;
#8371 = LINE ( 'NONE', #695, #1865 ) ;
#8372 = EDGE_CURVE ( 'NONE', #4653, #2267, #142, .T. ) ;
#8373 = CARTESIAN_POINT ( 'NONE',  ( 0.1749999999999993783, 0.08999999999999999667, -1.925000000000000044 ) ) ;
#8374 = ADVANCED_FACE ( 'NONE', ( #339 ), #6235, .F. ) ;
#8375 = CARTESIAN_POINT ( 'NONE',  ( -0.8250000000000006217, 0.08999999999999999667, -1.924999999999998490 ) ) ;
#8376 = DIRECTION ( 'NONE',  ( 3.942553354492742052E-16, 0.000000000000000000, -1.000000000000000000 ) ) ;
#8377 = EDGE_CURVE ( 'NONE', #4292, #1342, #2068, .T. ) ;
#8378 = ORIENTED_EDGE ( 'NONE', *, *, #8068, .F. ) ;
#8379 = DIRECTION ( 'NONE',  ( 1.000000000000000000, -0.000000000000000000, 0.000000000000000000 ) ) ;
#8380 = ORIENTED_EDGE ( 'NONE', *, *, #7537, .F. ) ;
#8381 = ORIENTED_EDGE ( 'NONE', *, *, #9817, .F. ) ;
#8382 = FACE_OUTER_BOUND ( 'NONE', #8453, .T. ) ;
#8383 = PLANE ( 'NONE',  #3784 ) ;
#8384 =( NAMED_UNIT ( * ) SI_UNIT ( $, .STERADIAN. ) SOLID_ANGLE_UNIT ( ) );
#8385 = CYLINDRICAL_SURFACE ( 'NONE', #863, 0.1499999999999999667 ) ;
#8386 = MANIFOLD_SOLID_BREP ( 'Boss-Extrude2[1]', #5892 ) ;
#8387 = VERTEX_POINT ( 'NONE', #4158 ) ;
#8388 = LINE ( 'NONE', #2396, #4945 ) ;
#8389 = EDGE_CURVE ( 'NONE', #3584, #8660, #7321, .T. ) ;
#8390 = ADVANCED_FACE ( 'NONE', ( #3517 ), #9563, .F. ) ;
#8391 = VERTEX_POINT ( 'NONE', #5681 ) ;
#8392 = VERTEX_POINT ( 'NONE', #9609 ) ;
#8393 = EDGE_LOOP ( 'NONE', ( #8477, #8944, #8777, #417, #8302, #471, #2417, #783 ) ) ;
#8394 = EDGE_CURVE ( 'NONE', #10, #4003, #1640, .T. ) ;
#8395 = LINE ( 'NONE', #1603, #6378 ) ;
#8396 = DIRECTION ( 'NONE',  ( 1.000000000000000000, 0.000000000000000000, 0.000000000000000000 ) ) ;
#8397 = DIRECTION ( 'NONE',  ( 0.000000000000000000, -0.000000000000000000, 1.000000000000000000 ) ) ;
#8398 = DIRECTION ( 'NONE',  ( 1.000000000000000000, 0.000000000000000000, 0.000000000000000000 ) ) ;
#8399 = EDGE_CURVE ( 'NONE', #4982, #4799, #4210, .T. ) ;
#8400 =( NAMED_UNIT ( * ) SI_UNIT ( $, .STERADIAN. ) SOLID_ANGLE_UNIT ( ) );
#8401 = ORIENTED_EDGE ( 'NONE', *, *, #4473, .F. ) ;
#8402 = VECTOR ( 'NONE', #9621, 1000.000000000000000 ) ;
#8403 = EDGE_LOOP ( 'NONE', ( #4258, #3990, #8491, #3764 ) ) ;
#8404 = VECTOR ( 'NONE', #304, 1000.000000000000000 ) ;
#8405 = EDGE_LOOP ( 'NONE', ( #9013, #1447, #6471, #5324 ) ) ;
#8406 = CIRCLE ( 'NONE', #1124, 0.1499999999999999667 ) ;
#8407 = CARTESIAN_POINT ( 'NONE',  ( 1.619058829184433002, 0.1499999999999999667, 0.4749999999999936495 ) ) ;
#8408 = DIRECTION ( 'NONE',  ( 1.000000000000000000, -0.000000000000000000, 0.000000000000000000 ) ) ;
#8409 = CARTESIAN_POINT ( 'NONE',  ( -0.4749999999999993117, 0.1499999999999999667, 1.619058829184431225 ) ) ;
#8410 = CARTESIAN_POINT ( 'NONE',  ( 1.619058829184434112, 0.08999999999999999667, 0.8249999999999937383 ) ) ;
#8411 = CIRCLE ( 'NONE', #3680, 0.1499999999999999667 ) ;
#8412 = LINE ( 'NONE', #7759, #187 ) ;
#8413 = ORIENTED_EDGE ( 'NONE', *, *, #3329, .T. ) ;
#8414 =( NAMED_UNIT ( * ) PLANE_ANGLE_UNIT ( ) SI_UNIT ( $, .RADIAN. ) );
#8415 = VERTEX_POINT ( 'NONE', #2819 ) ;
#8416 = DIRECTION ( 'NONE',  ( -1.000000000000000000, 0.000000000000000000, 1.445602896647339706E-15 ) ) ;
#8417 = VECTOR ( 'NONE', #4406, 1000.000000000000000 ) ;
#8418 = AXIS2_PLACEMENT_3D ( 'NONE', #5327, #1013, #8358 ) ;
#8419 = MANIFOLD_SOLID_BREP ( 'CirPattern3[4]', #42 ) ;
#8420 = CARTESIAN_POINT ( 'NONE',  ( -0.4749999999999993117, 0.08999999999999999667, 1.924999999999999600 ) ) ;
#8422 = DIRECTION ( 'NONE',  ( 0.000000000000000000, 0.000000000000000000, 1.000000000000000000 ) ) ;
#8421 = CARTESIAN_POINT ( 'NONE',  ( -0.9749999999999997558, 0.1499999999999999944, -1.000000000000000888 ) ) ;
#8423 = DIRECTION ( 'NONE',  ( -1.000000000000000000, -0.000000000000000000, 1.047444401652940007E-14 ) ) ;
#8424 = VECTOR ( 'NONE', #3751, 1000.000000000000000 ) ;
#8425 = CARTESIAN_POINT ( 'NONE',  ( 0.1750000000000006828, 0.08999999999999999667, 1.619058829184431225 ) ) ;
#8426 = CLOSED_SHELL ( 'NONE', ( #5192, #2934, #5365, #5515, #9236, #1348 ) ) ;
#8427 = DIRECTION ( 'NONE',  ( 0.000000000000000000, -1.000000000000000000, 0.000000000000000000 ) ) ;
#8428 = EDGE_CURVE ( 'NONE', #8315, #5195, #525, .T. ) ;
#8429 = AXIS2_PLACEMENT_3D ( 'NONE', #576, #3818, #6830 ) ;
#8430 = CARTESIAN_POINT ( 'NONE',  ( 1.924999999999999156, 0.6702163011671202764, 0.4750000000000000333 ) ) ;
#8431 = EDGE_LOOP ( 'NONE', ( #3965, #7044, #4291, #906 ) ) ;
#8432 = EDGE_CURVE ( 'NONE', #3707, #7052, #7368, .T. ) ;
#8433 = CARTESIAN_POINT ( 'NONE',  ( -1.999999999999999112, 8.656854249492379694, 1.999999999999999556 ) ) ;
#8434 = ORIENTED_EDGE ( 'NONE', *, *, #792, .T. ) ;
#8435 = AXIS2_PLACEMENT_3D ( 'NONE', #2919, #567, #8854 ) ;
#8436 = DIRECTION ( 'NONE',  ( 0.000000000000000000, 0.000000000000000000, -1.000000000000000000 ) ) ;
#8437 = CARTESIAN_POINT ( 'NONE',  ( 2.000000000000000888, 1.499999999999999556, -2.000000000000000888 ) ) ;
#8438 = DIRECTION ( 'NONE',  ( 0.000000000000000000, -1.000000000000000000, 0.000000000000000000 ) ) ;
#8439 = ORIENTED_EDGE ( 'NONE', *, *, #2970, .T. ) ;
#8440 = CARTESIAN_POINT ( 'NONE',  ( 1.125000000000000666, 0.000000000000000000, 1.925000000000000933 ) ) ;
#8441 = ADVANCED_FACE ( 'NONE', ( #33 ), #8301, .T. ) ;
#8442 = EDGE_LOOP ( 'NONE', ( #3653, #4927, #8692, #7475, #2808, #8500 ) ) ;
#8443 = VECTOR ( 'NONE', #65, 1000.000000000000000 ) ;
#8444 = ORIENTED_EDGE ( 'NONE', *, *, #990, .T. ) ;
#8445 = ORIENTED_EDGE ( 'NONE', *, *, #9246, .T. ) ;
#8446 = DIRECTION ( 'NONE',  ( -1.577021341797093468E-15, 0.000000000000000000, -1.000000000000000000 ) ) ;
#8447 = EDGE_CURVE ( 'NONE', #8203, #3482, #5974, .T. ) ;
#8448 = CARTESIAN_POINT ( 'NONE',  ( -1.199999999999999956, 0.1499999999999999667, -1.100000000000000089 ) ) ;
#8449 = FACE_BOUND ( 'NONE', #5662, .T. ) ;
#8450 = CARTESIAN_POINT ( 'NONE',  ( -1.924999999999999156, 0.6702163011671202764, -0.1749999999999999056 ) ) ;
#8451 = EDGE_CURVE ( 'NONE', #6285, #9635, #3863, .T. ) ;
#8452 = EDGE_LOOP ( 'NONE', ( #9147, #6718, #2685, #3244 ) ) ;
#8453 = EDGE_LOOP ( 'NONE', ( #6206, #9194, #1436, #7822 ) ) ;
#8454 = VERTEX_POINT ( 'NONE', #5131 ) ;
#8455 = UNCERTAINTY_MEASURE_WITH_UNIT (LENGTH_MEASURE( 1.000000000000000082E-05 ), #9802, 'distance_accuracy_value', 'NONE');
#8456 = CIRCLE ( 'NONE', #8783, 0.1499999999999999667 ) ;
#8457 = DIRECTION ( 'NONE',  ( 0.000000000000000000, 1.000000000000000000, 0.000000000000000000 ) ) ;
#8458 = CARTESIAN_POINT ( 'NONE',  ( 1.199999999999999956, 3.544112549695427994, -1.199999999999999734 ) ) ;
#8459 = FILL_AREA_STYLE ('',( #7076 ) ) ;
#8460 = ADVANCED_FACE ( 'NONE', ( #5175 ), #8912, .F. ) ;
#8461 = CARTESIAN_POINT ( 'NONE',  ( 0.1750000000000002387, 0.000000000000000000, -1.650000000000000577 ) ) ;
#8462 = PRESENTATION_LAYER_ASSIGNMENT (  '', '', ( #1496 ) ) ;
#8463 = CARTESIAN_POINT ( 'NONE',  ( 1.125000000000000666, 0.6702163011671209425, 1.925000000000000933 ) ) ;
#8464 = ORIENTED_EDGE ( 'NONE', *, *, #3867, .T. ) ;
#8465 = ORIENTED_EDGE ( 'NONE', *, *, #5110, .F. ) ;
#8466 = EDGE_CURVE ( 'NONE', #9237, #4482, #2121, .T. ) ;
#8467 = CIRCLE ( 'NONE', #4202, 0.1499999999999999667 ) ;
#8468 = DIRECTION ( 'NONE',  ( 1.000000000000000000, 0.000000000000000000, -0.000000000000000000 ) ) ;
#8469 = VECTOR ( 'NONE', #3368, 1000.000000000000000 ) ;
#8470 =( NAMED_UNIT ( * ) SI_UNIT ( $, .STERADIAN. ) SOLID_ANGLE_UNIT ( ) );
#8471 = FACE_OUTER_BOUND ( 'NONE', #4281, .T. ) ;
#8473 = FACE_OUTER_BOUND ( 'NONE', #1756, .T. ) ;
#8472 = DIRECTION ( 'NONE',  ( -3.942553354492742052E-16, 0.000000000000000000, -1.000000000000000000 ) ) ;
#8474 = LINE ( 'NONE', #5996, #7406 ) ;
#8475 = CARTESIAN_POINT ( 'NONE',  ( -0.4749999999999993117, 0.08999999999999999667, 1.924999999999999600 ) ) ;
#8476 = CYLINDRICAL_SURFACE ( 'NONE', #3355, 0.1499999999999999667 ) ;
#8477 = ORIENTED_EDGE ( 'NONE', *, *, #2051, .F. ) ;
#8478 = VECTOR ( 'NONE', #510, 1000.000000000000000 ) ;
#8479 = CARTESIAN_POINT ( 'NONE',  ( -1.924999999999999156, 0.000000000000000000, -0.1749999999999999056 ) ) ;
#8480 = ORIENTED_EDGE ( 'NONE', *, *, #4913, .F. ) ;
#8481 = DIRECTION ( 'NONE',  ( 0.000000000000000000, 0.000000000000000000, -1.000000000000000000 ) ) ;
#8482 = AXIS2_PLACEMENT_3D ( 'NONE', #2001, #1395, #652 ) ;
#8483 = ORIENTED_EDGE ( 'NONE', *, *, #1177, .F. ) ;
#8484 = CARTESIAN_POINT ( 'NONE',  ( 2.000000000000001332, 0.08999999999999999667, 0.4749999999999923173 ) ) ;
#8485 = CARTESIAN_POINT ( 'NONE',  ( -1.924999999999999156, 0.000000000000000000, -0.1749999999999999056 ) ) ;
#8486 = LINE ( 'NONE', #2651, #9622 ) ;
#8487 = DIRECTION ( 'NONE',  ( 0.000000000000000000, 0.000000000000000000, -1.000000000000000000 ) ) ;
#8488 = ADVANCED_FACE ( 'NONE', ( #9763 ), #7510, .F. ) ;
#8489 = ORIENTED_EDGE ( 'NONE', *, *, #746, .F. ) ;
#8490 = LINE ( 'NONE', #6207, #6998 ) ;
#8491 = ORIENTED_EDGE ( 'NONE', *, *, #2767, .F. ) ;
#8492 = ORIENTED_EDGE ( 'NONE', *, *, #4923, .F. ) ;
#8493 = EDGE_LOOP ( 'NONE', ( #7214, #7988, #1121, #7215 ) ) ;
#8494 = LINE ( 'NONE', #9768, #4531 ) ;
#8495 = CYLINDRICAL_SURFACE ( 'NONE', #1939, 0.1499999999999999667 ) ;
#8496 = DIRECTION ( 'NONE',  ( 0.000000000000000000, -1.000000000000000000, 0.000000000000000000 ) ) ;
#8497 = PRESENTATION_STYLE_ASSIGNMENT (( #8545 ) ) ;
#8498 = DIRECTION ( 'NONE',  ( -1.000000000000000000, 0.000000000000000000, -3.942553354492742052E-16 ) ) ;
#8499 = EDGE_CURVE ( 'NONE', #3731, #6840, #1365, .T. ) ;
#8500 = ORIENTED_EDGE ( 'NONE', *, *, #8799, .T. ) ;
#8501 = ORIENTED_EDGE ( 'NONE', *, *, #2369, .F. ) ;
#8502 = ADVANCED_FACE ( 'NONE', ( #2170 ), #4539, .T. ) ;
#8503 = MANIFOLD_SOLID_BREP ( 'Boss-Extrude4[4]', #8903 ) ;
#8504 = ORIENTED_EDGE ( 'NONE', *, *, #4505, .F. ) ;
#8505 = DIRECTION ( 'NONE',  ( 0.000000000000000000, 0.000000000000000000, 1.000000000000000000 ) ) ;
#8506 = COLOUR_RGB ( '',0.7921568627450980005, 0.8196078431372548767, 0.9333333333333333481 ) ;
#8507 = PLANE ( 'NONE',  #1236 ) ;
#8508 = VECTOR ( 'NONE', #9642, 1000.000000000000000 ) ;
#8509 = CARTESIAN_POINT ( 'NONE',  ( -1.599999999999999201, 1.500000000000000000, -1.600000000000000755 ) ) ;
#8510 = PLANE ( 'NONE',  #6038 ) ;
#8511 = ORIENTED_EDGE ( 'NONE', *, *, #4381, .F. ) ;
#8512 = DIRECTION ( 'NONE',  ( 0.000000000000000000, -1.000000000000000000, 0.000000000000000000 ) ) ;
#8513 = ORIENTED_EDGE ( 'NONE', *, *, #4708, .F. ) ;
#8514 = AXIS2_PLACEMENT_3D ( 'NONE', #9328, #6242, #9279 ) ;
#8515 = PLANE ( 'NONE',  #7450 ) ;
#8516 = ADVANCED_FACE ( 'NONE', ( #2311 ), #4589, .T. ) ;
#8517 = VECTOR ( 'NONE', #5677, 1000.000000000000000 ) ;
#8518 = CIRCLE ( 'NONE', #8357, 0.1000000000000000472 ) ;
#8519 = VECTOR ( 'NONE', #1529, 1000.000000000000000 ) ;
#8520 = EDGE_CURVE ( 'NONE', #1981, #9363, #7556, .T. ) ;
#8521 = DIRECTION ( 'NONE',  ( 3.491481338843133355E-15, 0.000000000000000000, 1.000000000000000000 ) ) ;
#8522 = FACE_OUTER_BOUND ( 'NONE', #6224, .T. ) ;
#8523 = LINE ( 'NONE', #1081, #5187 ) ;
#8524 = CARTESIAN_POINT ( 'NONE',  ( 1.925000000000001377, 0.08999999999999999667, 0.4749999999999925948 ) ) ;
#8525 = DIRECTION ( 'NONE',  ( -0.000000000000000000, -1.000000000000000000, -0.000000000000000000 ) ) ;
#8526 = ORIENTED_EDGE ( 'NONE', *, *, #1092, .F. ) ;
#8527 = ORIENTED_EDGE ( 'NONE', *, *, #5893, .T. ) ;
#8528 = EDGE_CURVE ( 'NONE', #3014, #230, #773, .T. ) ;
#8529 = CARTESIAN_POINT ( 'NONE',  ( 2.000000000000000888, 0.05000000000000000278, -2.000000000000000888 ) ) ;
#8530 = ORIENTED_EDGE ( 'NONE', *, *, #3986, .T. ) ;
#8531 = CARTESIAN_POINT ( 'NONE',  ( -1.999999999999999112, 0.05000000000000000278, 1.999999999999999556 ) ) ;
#8532 = ORIENTED_EDGE ( 'NONE', *, *, #7525, .T. ) ;
#8533 = DIRECTION ( 'NONE',  ( 0.000000000000000000, -1.000000000000000000, 0.000000000000000000 ) ) ;
#8534 = DIRECTION ( 'NONE',  ( -1.577021341797093074E-15, 0.000000000000000000, -1.000000000000000000 ) ) ;
#8535 = FILL_AREA_STYLE ('',( #1094 ) ) ;
#8536 = CARTESIAN_POINT ( 'NONE',  ( -1.924999999999999156, 0.000000000000000000, -0.1749999999999999056 ) ) ;
#8537 = MANIFOLD_SOLID_BREP ( 'LPattern4[6]', #6210 ) ;
#8538 = ORIENTED_EDGE ( 'NONE', *, *, #5853, .F. ) ;
#8539 = PLANE ( 'NONE',  #1297 ) ;
#8540 = ORIENTED_EDGE ( 'NONE', *, *, #7790, .T. ) ;
#8541 = EDGE_LOOP ( 'NONE', ( #1234, #6264, #3649, #2937 ) ) ;
#8542 = ORIENTED_EDGE ( 'NONE', *, *, #8943, .T. ) ;
#8543 = LINE ( 'NONE', #5616, #1194 ) ;
#8544 = CARTESIAN_POINT ( 'NONE',  ( -0.4749999999999993117, 0.08999999999999999667, 1.619058829184431225 ) ) ;
#8545 = SURFACE_STYLE_USAGE ( .BOTH. , #3455 ) ;
#8546 = DIRECTION ( 'NONE',  ( -1.000000000000000000, 0.000000000000000000, 0.000000000000000000 ) ) ;
#8547 = CARTESIAN_POINT ( 'NONE',  ( -1.999999999999994893, 0.08999999999999999667, 0.4750000000000215161 ) ) ;
#8548 = ORIENTED_EDGE ( 'NONE', *, *, #8339, .F. ) ;
#8549 = EDGE_CURVE ( 'NONE', #3218, #540, #1659, .T. ) ;
#8550 = ORIENTED_EDGE ( 'NONE', *, *, #5301, .F. ) ;
#8551 = MANIFOLD_SOLID_BREP ( 'LPattern4[1]', #5736 ) ;
#8552 = ORIENTED_EDGE ( 'NONE', *, *, #9079, .F. ) ;
#8553 = EDGE_CURVE ( 'NONE', #844, #3406, #175, .T. ) ;
#8554 = FACE_OUTER_BOUND ( 'NONE', #5415, .T. ) ;
#8555 = DIRECTION ( 'NONE',  ( -0.000000000000000000, 0.000000000000000000, 1.000000000000000000 ) ) ;
#8556 = CARTESIAN_POINT ( 'NONE',  ( 0.8250000000000001776, 0.1499999999999999944, 1.650000000000000577 ) ) ;
#8557 = DIRECTION ( 'NONE',  ( 0.000000000000000000, 0.000000000000000000, -1.000000000000000000 ) ) ;
#8558 = ORIENTED_EDGE ( 'NONE', *, *, #1302, .T. ) ;
#8559 = FACE_OUTER_BOUND ( 'NONE', #6245, .T. ) ;
#8560 = ORIENTED_EDGE ( 'NONE', *, *, #6607, .F. ) ;
#8561 = VECTOR ( 'NONE', #8525, 1000.000000000000000 ) ;
#8562 = CARTESIAN_POINT ( 'NONE',  ( 0.000000000000000000, 0.05000000000000000278, 0.1750000000000000167 ) ) ;
#8563 = VECTOR ( 'NONE', #4069, 1000.000000000000000 ) ;
#8564 = AXIS2_PLACEMENT_3D ( 'NONE', #3280, #390, #4742 ) ;
#8566 = SURFACE_STYLE_USAGE ( .BOTH. , #2580 ) ;
#8565 = VECTOR ( 'NONE', #7533, 1000.000000000000000 ) ;
#8567 = CARTESIAN_POINT ( 'NONE',  ( 1.619058829184430559, 0.1499999999999999667, -0.1750000000000063449 ) ) ;
#8568 = DIRECTION ( 'NONE',  ( 3.491481338843133355E-15, 0.000000000000000000, 1.000000000000000000 ) ) ;
#8569 = LINE ( 'NONE', #2488, #4248 ) ;
#8570 = CARTESIAN_POINT ( 'NONE',  ( -1.599999999999999201, 1.399999999999999911, -1.600000000000000755 ) ) ;
#8571 = EDGE_CURVE ( 'NONE', #473, #1785, #2412, .T. ) ;
#8572 = LINE ( 'NONE', #6989, #8404 ) ;
#8573 = EDGE_LOOP ( 'NONE', ( #7535, #3800, #3943, #8072 ) ) ;
#8574 = ORIENTED_EDGE ( 'NONE', *, *, #3249, .T. ) ;
#8575 = AXIS2_PLACEMENT_3D ( 'NONE', #5323, #723, #1464 ) ;
#8576 = EDGE_CURVE ( 'NONE', #4901, #844, #5370, .T. ) ;
#8577 = CARTESIAN_POINT ( 'NONE',  ( -1.649999999999999023, 0.1499999999999999667, 0.9749999999999999778 ) ) ;
#8578 = VECTOR ( 'NONE', #3372, 1000.000000000000000 ) ;
#8579 = ORIENTED_EDGE ( 'NONE', *, *, #9309, .T. ) ;
#8580 = AXIS2_PLACEMENT_3D ( 'NONE', #8115, #7917, #9476 ) ;
#8581 = DIRECTION ( 'NONE',  ( -1.000000000000000000, 0.000000000000000000, 3.942553354492742052E-16 ) ) ;
#8582 = CLOSED_SHELL ( 'NONE', ( #6814, #266, #78, #555, #1525, #2821, #4805, #3262, #7943, #4391, #3676, #2212, #9165, #9186, #9498, #5051, #1842, #5763, #4140, #7135, #6157, #1275, #6922, #8441, #6189, #1670, #416, #6250, #329, #6878, #391, #1456, #6456, #2226, #4516, #866, #5586, #9649, #3022, #7333, #3677, #6574, #1240, #8861, #9470, #7418, #270, #3078, #1822, #113, #2021, #7647, #7532, #7393, #6335, #99, #5890, #8304, #5107, #4875, #2277, #4196, #5715, #5154, #6191, #4862, #3077, #7051, #9136, #9495, #2619, #8059, #686, #4638, #40, #6410, #7815, #2080, #5287, #2137, #3746, #3664, #7897, #6691, #3090, #3805, #6770, #7577, #2260, #6324, #1001, #6149, #8678, #2483, #4162, #4112, #3015, #6673, #7343, #1555, #560, #4506, #6129, #4991, #4886, #7292, #549, #1790, #3486, #7887, #1554, #3271, #4068, #1166, #4822, #3726, #1879, #109 ) ) ;
#8583 = ORIENTED_EDGE ( 'NONE', *, *, #2894, .F. ) ;
#8584 = CARTESIAN_POINT ( 'NONE',  ( 1.924999999999998712, 0.1499999999999999667, -0.1750000000000078437 ) ) ;
#8585 = VECTOR ( 'NONE', #4793, 1000.000000000000000 ) ;
#8586 = CARTESIAN_POINT ( 'NONE',  ( 1.924999999999999156, 0.08999999999999999667, -0.1750000000000073996 ) ) ;
#8587 = AXIS2_PLACEMENT_3D ( 'NONE', #3574, #2026, #8819 ) ;
#8588 = EDGE_CURVE ( 'NONE', #2645, #7829, #7021, .T. ) ;
#8589 = CARTESIAN_POINT ( 'NONE',  ( -1.199999999999999956, 3.544112549695427994, -1.200000000000000178 ) ) ;
#8590 = VERTEX_POINT ( 'NONE', #4728 ) ;
#8591 = EDGE_CURVE ( 'NONE', #4582, #9100, #2468, .T. ) ;
#8592 = ORIENTED_EDGE ( 'NONE', *, *, #6118, .F. ) ;
#8593 = ORIENTED_EDGE ( 'NONE', *, *, #3837, .T. ) ;
#8594 = ORIENTED_EDGE ( 'NONE', *, *, #7159, .T. ) ;
#8595 = AXIS2_PLACEMENT_3D ( 'NONE', #7386, #1146, #7200 ) ;
#8596 = CARTESIAN_POINT ( 'NONE',  ( -1.099999999999999867, 0.1499999999999999667, -1.100000000000000089 ) ) ;
#8597 = LINE ( 'NONE', #7798, #9481 ) ;
#8598 = CARTESIAN_POINT ( 'NONE',  ( -0.9749999999999997558, 0.1499999999999999944, 1.650000000000000799 ) ) ;
#8599 = DIRECTION ( 'NONE',  ( 1.000000000000000000, 0.000000000000000000, -3.491481338843133355E-15 ) ) ;
#8600 = CARTESIAN_POINT ( 'NONE',  ( -0.1749999999999998224, 0.1499999999999999944, 1.650000000000000577 ) ) ;
#8601 = ORIENTED_EDGE ( 'NONE', *, *, #6063, .F. ) ;
#8602 = ORIENTED_EDGE ( 'NONE', *, *, #5056, .T. ) ;
#8603 = ORIENTED_EDGE ( 'NONE', *, *, #4853, .T. ) ;
#8605 = FACE_OUTER_BOUND ( 'NONE', #5733, .T. ) ;
#8604 = CIRCLE ( 'NONE', #7050, 0.1499999999999999667 ) ;
#8606 = CARTESIAN_POINT ( 'NONE',  ( -0.4749999999999997558, 0.1499999999999999667, -1.925000000000000933 ) ) ;
#8607 = LINE ( 'NONE', #7856, #8627 ) ;
#8608 = DIRECTION ( 'NONE',  ( -0.000000000000000000, -1.000000000000000000, 0.000000000000000000 ) ) ;
#8609 = DIRECTION ( 'NONE',  ( 1.000000000000000000, -0.000000000000000000, -1.445602896647339706E-15 ) ) ;
#8610 = ORIENTED_EDGE ( 'NONE', *, *, #1175, .F. ) ;
#8611 = CARTESIAN_POINT ( 'NONE',  ( -0.1749999999999993228, 0.08999999999999999667, 1.925000000000000044 ) ) ;
#8612 = ORIENTED_EDGE ( 'NONE', *, *, #4789, .T. ) ;
#8613 = EDGE_CURVE ( 'NONE', #2494, #6369, #7749, .T. ) ;
#8614 = DIRECTION ( 'NONE',  ( 1.000000000000000000, 0.000000000000000000, -1.445602896647339706E-15 ) ) ;
#8615 = VECTOR ( 'NONE', #523, 1000.000000000000000 ) ;
#8616 = MANIFOLD_SOLID_BREP ( 'Boss-Extrude4[2]', #4474 ) ;
#8617 = DIRECTION ( 'NONE',  ( 0.000000000000000000, -1.000000000000000000, 0.000000000000000000 ) ) ;
#8618 = FACE_OUTER_BOUND ( 'NONE', #6601, .T. ) ;
#8619 = FACE_OUTER_BOUND ( 'NONE', #5162, .T. ) ;
#8620 = EDGE_CURVE ( 'NONE', #4362, #1850, #1606, .T. ) ;
#8621 = PLANE ( 'NONE',  #8738 ) ;
#8622 = LINE ( 'NONE', #4797, #6666 ) ;
#8623 = EDGE_LOOP ( 'NONE', ( #857, #3772, #368, #6967 ) ) ;
#8624 = ORIENTED_EDGE ( 'NONE', *, *, #759, .T. ) ;
#8625 = ADVANCED_FACE ( 'NONE', ( #7995 ), #3503, .T. ) ;
#8626 = CARTESIAN_POINT ( 'NONE',  ( 2.000000000000000888, 1.499999999999999556, 1.999999999999999112 ) ) ;
#8627 = VECTOR ( 'NONE', #1069, 1000.000000000000000 ) ;
#8628 = ORIENTED_EDGE ( 'NONE', *, *, #6462, .F. ) ;
#8629 = DIRECTION ( 'NONE',  ( -1.000000000000000000, 0.000000000000000000, -3.942553354492742052E-16 ) ) ;
#8630 = EDGE_CURVE ( 'NONE', #2711, #6959, #326, .T. ) ;
#8631 = VECTOR ( 'NONE', #4128, 1000.000000000000000 ) ;
#8632 = ADVANCED_FACE ( 'NONE', ( #6514 ), #4195, .F. ) ;
#8633 = ORIENTED_EDGE ( 'NONE', *, *, #5413, .T. ) ;
#8634 = EDGE_CURVE ( 'NONE', #9353, #5622, #7259, .T. ) ;
#8635 = CARTESIAN_POINT ( 'NONE',  ( 0.4750000000000001443, 0.1499999999999999667, 1.650000000000000577 ) ) ;
#8636 = CARTESIAN_POINT ( 'NONE',  ( 1.124999999999999334, 0.1499999999999999667, -1.999999999999999556 ) ) ;
#8637 = LINE ( 'NONE', #6405, #8040 ) ;
#8638 = CARTESIAN_POINT ( 'NONE',  ( -0.4749999999999993117, 0.1499999999999999667, 1.925000000000001377 ) ) ;
#8639 = CARTESIAN_POINT ( 'NONE',  ( -1.124999999999999334, 0.08999999999999999667, 1.999999999999999556 ) ) ;
#8640 = ORIENTED_EDGE ( 'NONE', *, *, #3934, .F. ) ;
#8641 = ORIENTED_EDGE ( 'NONE', *, *, #22, .T. ) ;
#8642 = VECTOR ( 'NONE', #7540, 1000.000000000000000 ) ;
#8643 = VERTEX_POINT ( 'NONE', #4141 ) ;
#8644 = VERTEX_POINT ( 'NONE', #3458 ) ;
#8645 = CARTESIAN_POINT ( 'NONE',  ( -0.1749999999999993783, 0.08999999999999999667, 1.925000000000000044 ) ) ;
#8646 = EDGE_CURVE ( 'NONE', #1570, #8671, #4289, .T. ) ;
#8647 = CYLINDRICAL_SURFACE ( 'NONE', #593, 0.1499999999999999667 ) ;
#8648 = LINE ( 'NONE', #1105, #4666 ) ;
#8649 = ORIENTED_EDGE ( 'NONE', *, *, #1585, .T. ) ;
#8650 = ADVANCED_FACE ( 'NONE', ( #8699 ), #9598, .F. ) ;
#8651 = VERTEX_POINT ( 'NONE', #5770 ) ;
#8652 = MANIFOLD_SOLID_BREP ( 'Fillet2', #8582 ) ;
#8653 = ORIENTED_EDGE ( 'NONE', *, *, #1890, .T. ) ;
#8654 = UNCERTAINTY_MEASURE_WITH_UNIT (LENGTH_MEASURE( 1.000000000000000082E-05 ), #1954, 'distance_accuracy_value', 'NONE');
#8655 = PLANE ( 'NONE',  #6529 ) ;
#8656 = LINE ( 'NONE', #1114, #3737 ) ;
#8657 = FACE_OUTER_BOUND ( 'NONE', #7610, .T. ) ;
#8658 = DIRECTION ( 'NONE',  ( 0.000000000000000000, 1.000000000000000000, 0.000000000000000000 ) ) ;
#8659 = LINE ( 'NONE', #1171, #1917 ) ;
#8660 = VERTEX_POINT ( 'NONE', #9455 ) ;
#8661 = ORIENTED_EDGE ( 'NONE', *, *, #1369, .F. ) ;
#8662 = CARTESIAN_POINT ( 'NONE',  ( -0.4749999999999988676, 0.08999999999999999667, 1.925000000000000488 ) ) ;
#8663 = MECHANICAL_DESIGN_GEOMETRIC_PRESENTATION_REPRESENTATION (  '', ( #1059 ), #744 ) ;
#8664 = EDGE_CURVE ( 'NONE', #2078, #7694, #1849, .T. ) ;
#8665 = PRESENTATION_STYLE_ASSIGNMENT (( #8566 ) ) ;
#8666 = CARTESIAN_POINT ( 'NONE',  ( -2.000000000000008438, 0.08999999999999999667, -0.8249999999999784173 ) ) ;
#8667 = DIRECTION ( 'NONE',  ( 0.000000000000000000, 1.000000000000000000, 0.000000000000000000 ) ) ;
#8668 = CARTESIAN_POINT ( 'NONE',  ( 1.619058829184429449, 0.08999999999999999667, -0.4750000000000062506 ) ) ;
#8669 = PLANE ( 'NONE',  #5086 ) ;
#8670 = DIRECTION ( 'NONE',  ( -1.000000000000000000, 0.000000000000000000, -3.942553354492742052E-16 ) ) ;
#8671 = VERTEX_POINT ( 'NONE', #8233 ) ;
#8672 = VERTEX_POINT ( 'NONE', #9647 ) ;
#8673 = AXIS2_PLACEMENT_3D ( 'NONE', #730, #184, #2366 ) ;
#8674 =( GEOMETRIC_REPRESENTATION_CONTEXT ( 3 ) GLOBAL_UNCERTAINTY_ASSIGNED_CONTEXT ( ( #918 ) ) GLOBAL_UNIT_ASSIGNED_CONTEXT ( ( #1604, #1558, #4488 ) ) REPRESENTATION_CONTEXT ( 'NONE', 'WORKASPACE' ) );
#8675 = DIRECTION ( 'NONE',  ( 0.000000000000000000, -1.000000000000000000, 0.000000000000000000 ) ) ;
#8676 = ORIENTED_EDGE ( 'NONE', *, *, #7182, .T. ) ;
#8677 = AXIS2_PLACEMENT_3D ( 'NONE', #199, #5591, #7133 ) ;
#8678 = ADVANCED_FACE ( 'NONE', ( #9700 ), #5163, .F. ) ;
#8679 = COLOUR_RGB ( '',0.7921568627450980005, 0.8196078431372548767, 0.9333333333333333481 ) ;
#8680 = ADVANCED_FACE ( 'NONE', ( #7353 ), #8185, .F. ) ;
#8681 = ORIENTED_EDGE ( 'NONE', *, *, #8335, .T. ) ;
#8682 = DIRECTION ( 'NONE',  ( -1.000000000000000000, -0.000000000000000000, 1.047444401652940007E-14 ) ) ;
#8683 = DIRECTION ( 'NONE',  ( -0.000000000000000000, -0.000000000000000000, -1.000000000000000000 ) ) ;
#8684 = DIRECTION ( 'NONE',  ( -1.000000000000000000, 0.000000000000000000, 1.445602896647339706E-15 ) ) ;
#8685 = LINE ( 'NONE', #8485, #1077 ) ;
#8686 = CARTESIAN_POINT ( 'NONE',  ( -0.1749999999999998224, 0.1499999999999999944, -1.925000000000000933 ) ) ;
#8687 = DIRECTION ( 'NONE',  ( 0.000000000000000000, 1.000000000000000000, 0.000000000000000000 ) ) ;
#8688 = ORIENTED_EDGE ( 'NONE', *, *, #323, .F. ) ;
#8689 = ORIENTED_EDGE ( 'NONE', *, *, #671, .F. ) ;
#8690 = ORIENTED_EDGE ( 'NONE', *, *, #5526, .T. ) ;
#8691 = EDGE_CURVE ( 'NONE', #4494, #9295, #1448, .T. ) ;
#8692 = ORIENTED_EDGE ( 'NONE', *, *, #2952, .T. ) ;
#8693 = LINE ( 'NONE', #9451, #259 ) ;
#8694 = CARTESIAN_POINT ( 'NONE',  ( -0.1749999999999998224, 0.1499999999999999944, -1.925000000000000933 ) ) ;
#8695 = DIRECTION ( 'NONE',  ( 0.000000000000000000, 0.000000000000000000, -1.000000000000000000 ) ) ;
#8696 = CARTESIAN_POINT ( 'NONE',  ( 1.125000000000000666, 0.1499999999999999944, 1.925000000000000933 ) ) ;
#8697 = EDGE_CURVE ( 'NONE', #3614, #6652, #7501, .T. ) ;
#8698 = EDGE_CURVE ( 'NONE', #8991, #8039, #3011, .T. ) ;
#8699 = FACE_OUTER_BOUND ( 'NONE', #3824, .T. ) ;
#8700 = VERTEX_POINT ( 'NONE', #758 ) ;
#8701 = ORIENTED_EDGE ( 'NONE', *, *, #7105, .F. ) ;
#8702 = EDGE_CURVE ( 'NONE', #6161, #5830, #1400, .T. ) ;
#8703 = MANIFOLD_SOLID_BREP ( 'LPattern4[2]', #823 ) ;
#8704 = ORIENTED_EDGE ( 'NONE', *, *, #276, .T. ) ;
#8705 = LINE ( 'NONE', #4344, #4164 ) ;
#8706 = ADVANCED_FACE ( 'NONE', ( #6812 ), #6719, .F. ) ;
#8707 = CARTESIAN_POINT ( 'NONE',  ( 0.8250000000000006217, 0.1499999999999999944, 1.925000000000001377 ) ) ;
#8708 = CARTESIAN_POINT ( 'NONE',  ( -0.4749999999999993117, 0.08999999999999999667, 1.619058829184431225 ) ) ;
#8709 = DIRECTION ( 'NONE',  ( 0.000000000000000000, 0.000000000000000000, 1.000000000000000000 ) ) ;
#8710 = CARTESIAN_POINT ( 'NONE',  ( 1.924999999999999156, 0.6702163011671202764, -0.4749999999999999223 ) ) ;
#8711 = VERTEX_POINT ( 'NONE', #2965 ) ;
#8712 = ORIENTED_EDGE ( 'NONE', *, *, #2722, .T. ) ;
#8713 = LINE ( 'NONE', #7718, #4602 ) ;
#8714 = EDGE_CURVE ( 'NONE', #4176, #2762, #5315, .T. ) ;
#8715 = CARTESIAN_POINT ( 'NONE',  ( 1.619058829184435222, 0.1499999999999999667, 1.124999999999993561 ) ) ;
#8716 = MANIFOLD_SOLID_BREP ( 'CirPattern3[2]', #667 ) ;
#8717 = DIRECTION ( 'NONE',  ( -0.000000000000000000, -1.000000000000000000, 0.000000000000000000 ) ) ;
#8718 = FACE_OUTER_BOUND ( 'NONE', #1693, .T. ) ;
#8719 = CARTESIAN_POINT ( 'NONE',  ( -0.8250000000000010658, 0.08999999999999999667, -1.924999999999998490 ) ) ;
#8720 = DIRECTION ( 'NONE',  ( 1.000000000000000000, 0.000000000000000000, -3.942553354492742052E-16 ) ) ;
#8721 = CARTESIAN_POINT ( 'NONE',  ( -0.9749999999999997558, 0.1499999999999999667, 1.650000000000000799 ) ) ;
#8722 = EDGE_LOOP ( 'NONE', ( #940, #3342, #4753, #948 ) ) ;
#8723 = ORIENTED_EDGE ( 'NONE', *, *, #642, .T. ) ;
#8724 = DIRECTION ( 'NONE',  ( -0.000000000000000000, -1.000000000000000000, -0.000000000000000000 ) ) ;
#8725 = VECTOR ( 'NONE', #9334, 1000.000000000000000 ) ;
#8726 = VECTOR ( 'NONE', #5004, 1000.000000000000000 ) ;
#8727 = VERTEX_POINT ( 'NONE', #856 ) ;
#8728 = AXIS2_PLACEMENT_3D ( 'NONE', #5238, #5333, #5940 ) ;
#8729 = ORIENTED_EDGE ( 'NONE', *, *, #7782, .F. ) ;
#8730 = DIRECTION ( 'NONE',  ( -1.047444401652940007E-14, -0.000000000000000000, -1.000000000000000000 ) ) ;
#8731 = LINE ( 'NONE', #1195, #7996 ) ;
#8732 = DIRECTION ( 'NONE',  ( 0.000000000000000000, -1.000000000000000000, 0.000000000000000000 ) ) ;
#8733 = CARTESIAN_POINT ( 'NONE',  ( -1.999999999999999112, 0.1500000000000008271, 1.125000000000021316 ) ) ;
#8734 = CARTESIAN_POINT ( 'NONE',  ( -1.924999999999999156, 0.000000000000000000, 1.125000000000000222 ) ) ;
#8735 = AXIS2_PLACEMENT_3D ( 'NONE', #3917, #8858, #387 ) ;
#8736 = MANIFOLD_SOLID_BREP ( 'LPattern4[5]', #7010 ) ;
#8737 = ORIENTED_EDGE ( 'NONE', *, *, #6818, .T. ) ;
#8738 = AXIS2_PLACEMENT_3D ( 'NONE', #8570, #5489, #9229 ) ;
#8739 = ADVANCED_FACE ( 'NONE', ( #8996 ), #8539, .T. ) ;
#8740 = EDGE_LOOP ( 'NONE', ( #1564, #6590, #9058, #7850 ) ) ;
#8741 = STYLED_ITEM ( 'NONE', ( #8047 ), #8652 ) ;
#8742 = ORIENTED_EDGE ( 'NONE', *, *, #5820, .F. ) ;
#8743 = ORIENTED_EDGE ( 'NONE', *, *, #3497, .T. ) ;
#8744 = VECTOR ( 'NONE', #3036, 1000.000000000000000 ) ;
#8745 = EDGE_LOOP ( 'NONE', ( #3175, #8009, #4836, #7104, #5920, #8303, #2549, #3157 ) ) ;
#8746 = AXIS2_PLACEMENT_3D ( 'NONE', #2979, #5183, #2873 ) ;
#8747 = CARTESIAN_POINT ( 'NONE',  ( -0.1749999999999993783, 0.08999999999999999667, 1.924999999999999600 ) ) ;
#8748 = DIRECTION ( 'NONE',  ( 0.000000000000000000, -1.000000000000000000, 0.000000000000000000 ) ) ;
#8749 = LINE ( 'NONE', #6560, #9162 ) ;
#8750 = EDGE_CURVE ( 'NONE', #3794, #610, #8490, .T. ) ;
#8751 = PLANE ( 'NONE',  #4353 ) ;
#8752 = CLOSED_SHELL ( 'NONE', ( #4090, #8390, #810, #4510, #5670, #1916 ) ) ;
#8753 = EDGE_CURVE ( 'NONE', #3404, #6913, #3109, .T. ) ;
#8754 = FILL_AREA_STYLE ('',( #8803 ) ) ;
#8755 = CIRCLE ( 'NONE', #9232, 0.1499999999999999667 ) ;
#8756 = EDGE_LOOP ( 'NONE', ( #6234, #6824, #4199, #2889 ) ) ;
#8757 = EDGE_LOOP ( 'NONE', ( #2162, #1357, #5643, #8036 ) ) ;
#8758 = EDGE_CURVE ( 'NONE', #6768, #4384, #9195, .T. ) ;
#8759 = VERTEX_POINT ( 'NONE', #7741 ) ;
#8760 = EDGE_CURVE ( 'NONE', #6840, #6072, #2350, .T. ) ;
#8761 = CARTESIAN_POINT ( 'NONE',  ( -1.199999999999999956, 0.05000000000000000278, -1.100000000000000089 ) ) ;
#8762 = CARTESIAN_POINT ( 'NONE',  ( 0.1749999999999993783, 0.1499999999999999667, -1.619058829184431225 ) ) ;
#8763 = DIRECTION ( 'NONE',  ( 1.000000000000000000, 0.000000000000000000, -1.047444401652940007E-14 ) ) ;
#8764 = DIRECTION ( 'NONE',  ( -1.000000000000000000, 0.000000000000000000, 0.000000000000000000 ) ) ;
#8765 = LINE ( 'NONE', #1909, #2562 ) ;
#8766 = CARTESIAN_POINT ( 'NONE',  ( -1.599999999999999201, 1.399999999999999911, -1.600000000000000755 ) ) ;
#8767 = ORIENTED_EDGE ( 'NONE', *, *, #4933, .T. ) ;
#8768 = VECTOR ( 'NONE', #8581, 1000.000000000000000 ) ;
#8769 = EDGE_CURVE ( 'NONE', #2362, #2544, #8388, .T. ) ;
#8770 = DIRECTION ( 'NONE',  ( 1.000000000000000000, 0.000000000000000000, 0.000000000000000000 ) ) ;
#8771 = DIRECTION ( 'NONE',  ( 0.000000000000000000, 0.000000000000000000, -1.000000000000000000 ) ) ;
#8772 = CARTESIAN_POINT ( 'NONE',  ( 1.999999999999999556, 0.000000000000000000, -6.982962677686265133E-15 ) ) ;
#8773 = DIRECTION ( 'NONE',  ( -1.000000000000000000, 0.000000000000000000, 1.445602896647339706E-15 ) ) ;
#8774 = DIRECTION ( 'NONE',  ( 0.000000000000000000, -1.000000000000000000, 0.000000000000000000 ) ) ;
#8775 = EDGE_CURVE ( 'NONE', #2784, #5168, #5408, .T. ) ;
#8776 = CYLINDRICAL_SURFACE ( 'NONE', #4763, 0.1499999999999999667 ) ;
#8777 = ORIENTED_EDGE ( 'NONE', *, *, #6999, .F. ) ;
#8778 = ORIENTED_EDGE ( 'NONE', *, *, #9368, .T. ) ;
#8779 = VECTOR ( 'NONE', #8201, 1000.000000000000000 ) ;
#8780 = CARTESIAN_POINT ( 'NONE',  ( -0.1749999999999998224, 0.6702163011671209425, -1.650000000000000577 ) ) ;
#8781 = ORIENTED_EDGE ( 'NONE', *, *, #3497, .F. ) ;
#8782 = ORIENTED_EDGE ( 'NONE', *, *, #1664, .F. ) ;
#8783 = AXIS2_PLACEMENT_3D ( 'NONE', #9205, #6271, #953 ) ;
#8784 = CARTESIAN_POINT ( 'NONE',  ( -1.925000000000005373, 0.08999999999999999667, -0.4749999999999787170 ) ) ;
#8785 = CARTESIAN_POINT ( 'NONE',  ( -2.000000000000004441, 0.1499999999999999667, -0.4749999999999783840 ) ) ;
#8786 = CARTESIAN_POINT ( 'NONE',  ( -1.649999999999999023, 0.6702163011671202764, -0.3250000000000000111 ) ) ;
#8787 = DIRECTION ( 'NONE',  ( 0.000000000000000000, -1.000000000000000000, -0.000000000000000000 ) ) ;
#8788 = CARTESIAN_POINT ( 'NONE',  ( 1.925000000000000044, 0.08999999999999999667, 0.1749999999999926614 ) ) ;
#8789 = CARTESIAN_POINT ( 'NONE',  ( -1.199999999999999956, 3.544112549695427994, 1.099999999999999867 ) ) ;
#8790 = STYLED_ITEM ( 'NONE', ( #8665 ), #2020 ) ;
#8791 = ORIENTED_EDGE ( 'NONE', *, *, #9669, .F. ) ;
#8792 = CARTESIAN_POINT ( 'NONE',  ( -1.649999999999999023, 0.05000000000000002359, 0.1750000000000000167 ) ) ;
#8793 = ORIENTED_EDGE ( 'NONE', *, *, #8122, .T. ) ;
#8794 = VECTOR ( 'NONE', #3277, 1000.000000000000000 ) ;
#8795 = CARTESIAN_POINT ( 'NONE',  ( -0.4749999999999993117, 0.08999999999999999667, 1.619058829184431225 ) ) ;
#8796 = ORIENTED_EDGE ( 'NONE', *, *, #3699, .F. ) ;
#8797 = STYLED_ITEM ( 'NONE', ( #3511 ), #2136 ) ;
#8798 = LINE ( 'NONE', #1347, #8478 ) ;
#8799 = EDGE_CURVE ( 'NONE', #2917, #7637, #7008, .T. ) ;
#8800 = CARTESIAN_POINT ( 'NONE',  ( 1.925000000000002709, 0.08999999999999999667, 0.8249999999999926281 ) ) ;
#8801 = DIRECTION ( 'NONE',  ( 1.000000000000000000, -0.000000000000000000, -3.491481338843132961E-15 ) ) ;
#8802 = LINE ( 'NONE', #2005, #5293 ) ;
#8803 = FILL_AREA_STYLE_COLOUR ( '', #4627 ) ;
#8804 = VECTOR ( 'NONE', #1090, 1000.000000000000000 ) ;
#8805 = ORIENTED_EDGE ( 'NONE', *, *, #6752, .T. ) ;
#8806 = ORIENTED_EDGE ( 'NONE', *, *, #2774, .F. ) ;
#8807 = ORIENTED_EDGE ( 'NONE', *, *, #7839, .F. ) ;
#8808 = VECTOR ( 'NONE', #223, 1000.000000000000000 ) ;
#8809 = LINE ( 'NONE', #8052, #9546 ) ;
#8810 = EDGE_CURVE ( 'NONE', #8315, #1553, #3989, .T. ) ;
#8811 = DIRECTION ( 'NONE',  ( -0.000000000000000000, -1.000000000000000000, -0.000000000000000000 ) ) ;
#8812 = DIRECTION ( 'NONE',  ( 1.000000000000000000, 0.000000000000000000, -0.000000000000000000 ) ) ;
#8813 = FACE_OUTER_BOUND ( 'NONE', #4387, .T. ) ;
#8814 = DIRECTION ( 'NONE',  ( 0.000000000000000000, -0.000000000000000000, 1.000000000000000000 ) ) ;
#8815 = SURFACE_STYLE_USAGE ( .BOTH. , #3423 ) ;
#8816 = ORIENTED_EDGE ( 'NONE', *, *, #939, .T. ) ;
#8817 = EDGE_CURVE ( 'NONE', #7209, #7459, #9080, .T. ) ;
#8818 = LINE ( 'NONE', #4262, #5113 ) ;
#8819 = DIRECTION ( 'NONE',  ( 0.000000000000000000, -0.000000000000000000, 1.000000000000000000 ) ) ;
#8820 = DIRECTION ( 'NONE',  ( 0.000000000000000000, -1.000000000000000000, 0.000000000000000000 ) ) ;
#8821 = FACE_OUTER_BOUND ( 'NONE', #6110, .T. ) ;
#8822 = CARTESIAN_POINT ( 'NONE',  ( -1.924999999999999156, 0.1499999999999999667, -0.1749999999999999056 ) ) ;
#8823 = LINE ( 'NONE', #581, #1276 ) ;
#8824 = ORIENTED_EDGE ( 'NONE', *, *, #399, .T. ) ;
#8825 = EDGE_LOOP ( 'NONE', ( #785, #4383, #269, #1562 ) ) ;
#8826 = EDGE_CURVE ( 'NONE', #7990, #561, #6746, .T. ) ;
#8827 = CARTESIAN_POINT ( 'NONE',  ( 1.924999999999999156, 0.6702163011671202764, 0.4750000000000000333 ) ) ;
#8828 = VECTOR ( 'NONE', #5439, 1000.000000000000000 ) ;
#8829 = EDGE_CURVE ( 'NONE', #8131, #3120, #9127, .T. ) ;
#8830 = VERTEX_POINT ( 'NONE', #2888 ) ;
#8831 = DIRECTION ( 'NONE',  ( 1.000000000000000000, 0.000000000000000000, -3.942553354492742545E-16 ) ) ;
#8832 = LINE ( 'NONE', #2045, #7216 ) ;
#8833 = LINE ( 'NONE', #3588, #1148 ) ;
#8834 = AXIS2_PLACEMENT_3D ( 'NONE', #2064, #3609, #3713 ) ;
#8835 = CARTESIAN_POINT ( 'NONE',  ( 1.924999999999999156, 0.05000000000000000278, 0.000000000000000000 ) ) ;
#8836 = VECTOR ( 'NONE', #707, 1000.000000000000000 ) ;
#8837 = PLANE ( 'NONE',  #7338 ) ;
#8838 = DIRECTION ( 'NONE',  ( 1.000000000000000000, 0.000000000000000000, 0.000000000000000000 ) ) ;
#8839 = AXIS2_PLACEMENT_3D ( 'NONE', #8063, #6586, #533 ) ;
#8840 = ORIENTED_EDGE ( 'NONE', *, *, #325, .T. ) ;
#8841 = FACE_OUTER_BOUND ( 'NONE', #3826, .T. ) ;
#8842 = VECTOR ( 'NONE', #9401, 1000.000000000000000 ) ;
#8843 = VERTEX_POINT ( 'NONE', #3778 ) ;
#8844 = VECTOR ( 'NONE', #7286, 1000.000000000000000 ) ;
#8845 = DIRECTION ( 'NONE',  ( 0.000000000000000000, 1.000000000000000000, 0.000000000000000000 ) ) ;
#8846 = STYLED_ITEM ( 'NONE', ( #8972 ), #1845 ) ;
#8847 = CARTESIAN_POINT ( 'NONE',  ( 0.4749999999999993117, 0.1499999999999999667, -1.619058829184431225 ) ) ;
#8848 = DIRECTION ( 'NONE',  ( -0.000000000000000000, -1.000000000000000000, -0.000000000000000000 ) ) ;
#8849 = CARTESIAN_POINT ( 'NONE',  ( -0.4749999999999997558, 0.1499999999999999944, -1.925000000000000933 ) ) ;
#8850 = COLOUR_RGB ( '',0.7921568627450980005, 0.8196078431372548767, 0.9333333333333333481 ) ;
#8851 = ORIENTED_EDGE ( 'NONE', *, *, #1289, .F. ) ;
#8852 = ORIENTED_EDGE ( 'NONE', *, *, #6037, .T. ) ;
#8853 = VERTEX_POINT ( 'NONE', #8979 ) ;
#8854 = DIRECTION ( 'NONE',  ( -1.000000000000000000, 0.000000000000000000, 3.942553354492742052E-16 ) ) ;
#8855 = LINE ( 'NONE', #6575, #4866 ) ;
#8856 = CARTESIAN_POINT ( 'NONE',  ( -0.9749999999999997558, 0.1499999999999999944, -1.650000000000000799 ) ) ;
#8857 = DIRECTION ( 'NONE',  ( 0.000000000000000000, 1.000000000000000000, 0.000000000000000000 ) ) ;
#8858 = DIRECTION ( 'NONE',  ( 1.000000000000000000, 0.000000000000000000, -0.000000000000000000 ) ) ;
#8859 = CARTESIAN_POINT ( 'NONE',  ( 1.619058829184431891, 0.08999999999999999667, 0.1749999999999937161 ) ) ;
#8860 = ORIENTED_EDGE ( 'NONE', *, *, #1283, .T. ) ;
#8861 = ADVANCED_FACE ( 'NONE', ( #8217 ), #738, .T. ) ;
#8862 = DIRECTION ( 'NONE',  ( 1.000000000000000000, 0.000000000000000000, -1.577021341797093074E-15 ) ) ;
#8863 = DIRECTION ( 'NONE',  ( 0.000000000000000000, -1.000000000000000000, 0.000000000000000000 ) ) ;
#8864 = DIRECTION ( 'NONE',  ( 0.000000000000000000, 1.000000000000000000, 0.000000000000000000 ) ) ;
#8865 = DIRECTION ( 'NONE',  ( 0.000000000000000000, -0.000000000000000000, -1.000000000000000000 ) ) ;
#8866 = DIRECTION ( 'NONE',  ( -0.000000000000000000, 1.000000000000000000, -0.000000000000000000 ) ) ;
#8867 = DIRECTION ( 'NONE',  ( -1.047444401652940007E-14, 0.000000000000000000, -1.000000000000000000 ) ) ;
#8868 = EDGE_LOOP ( 'NONE', ( #6358, #3186, #8096, #8263 ) ) ;
#8869 = ORIENTED_EDGE ( 'NONE', *, *, #8549, .F. ) ;
#8870 = CYLINDRICAL_SURFACE ( 'NONE', #13, 0.1499999999999999667 ) ;
#8871 = EDGE_CURVE ( 'NONE', #3049, #7714, #2281, .T. ) ;
#8872 = ORIENTED_EDGE ( 'NONE', *, *, #2048, .T. ) ;
#8873 = CARTESIAN_POINT ( 'NONE',  ( -0.9749999999999997558, 0.1499999999999999944, 1.650000000000000799 ) ) ;
#8874 = LINE ( 'NONE', #6546, #9159 ) ;
#8875 = CARTESIAN_POINT ( 'NONE',  ( 0.3250000000000001776, 0.04999999999999999584, 1.650000000000000799 ) ) ;
#8876 = EDGE_CURVE ( 'NONE', #4486, #4598, #5897, .T. ) ;
#8877 = CARTESIAN_POINT ( 'NONE',  ( 0.1750000000000002387, 0.05000000000000000278, -1.925000000000000933 ) ) ;
#8878 = LINE ( 'NONE', #5905, #1816 ) ;
#8879 = VECTOR ( 'NONE', #5634, 1000.000000000000000 ) ;
#8880 = PLANE ( 'NONE',  #2239 ) ;
#8881 = AXIS2_PLACEMENT_3D ( 'NONE', #9084, #4517, #3783 ) ;
#8882 = EDGE_LOOP ( 'NONE', ( #7539, #3204, #8624, #88 ) ) ;
#8883 = FACE_BOUND ( 'NONE', #1454, .T. ) ;
#8884 = VERTEX_POINT ( 'NONE', #7382 ) ;
#8885 = AXIS2_PLACEMENT_3D ( 'NONE', #8430, #8376, #6146 ) ;
#8886 = EDGE_CURVE ( 'NONE', #3742, #982, #2233, .T. ) ;
#8887 = LINE ( 'NONE', #6606, #253 ) ;
#8888 = AXIS2_PLACEMENT_3D ( 'NONE', #7268, #9562, #5679 ) ;
#8889 = PLANE ( 'NONE',  #5981 ) ;
#8890 = DIRECTION ( 'NONE',  ( -1.047444401652940007E-14, -0.000000000000000000, -1.000000000000000000 ) ) ;
#8891 = LINE ( 'NONE', #8994, #5769 ) ;
#8892 = EDGE_CURVE ( 'NONE', #4209, #8288, #9780, .T. ) ;
#8893 = ORIENTED_EDGE ( 'NONE', *, *, #4819, .F. ) ;
#8894 =( LENGTH_UNIT ( ) NAMED_UNIT ( * ) SI_UNIT ( .MILLI., .METRE. ) );
#8895 = PRESENTATION_LAYER_ASSIGNMENT (  '', '', ( #7153 ) ) ;
#8896 = ORIENTED_EDGE ( 'NONE', *, *, #254, .F. ) ;
#8897 = ORIENTED_EDGE ( 'NONE', *, *, #3182, .F. ) ;
#8898 = AXIS2_PLACEMENT_3D ( 'NONE', #8113, #3668, #5984 ) ;
#8899 = ORIENTED_EDGE ( 'NONE', *, *, #6343, .F. ) ;
#8900 = VECTOR ( 'NONE', #9520, 1000.000000000000000 ) ;
#8901 = ORIENTED_EDGE ( 'NONE', *, *, #9133, .T. ) ;
#8902 = VECTOR ( 'NONE', #1694, 1000.000000000000000 ) ;
#8903 = CLOSED_SHELL ( 'NONE', ( #4225, #3139, #4165, #9049, #9354, #7179 ) ) ;
#8904 = CARTESIAN_POINT ( 'NONE',  ( -1.924999999999997602, 0.08999999999999999667, 0.1750000000000208333 ) ) ;
#8905 = CARTESIAN_POINT ( 'NONE',  ( -1.124999999999999334, 0.000000000000000000, 1.925000000000001377 ) ) ;
#8906 = DIRECTION ( 'NONE',  ( 0.000000000000000000, 0.000000000000000000, 1.000000000000000000 ) ) ;
#8907 = FACE_OUTER_BOUND ( 'NONE', #5918, .T. ) ;
#8908 = CARTESIAN_POINT ( 'NONE',  ( -1.649999999999999023, 0.6702163011671202764, 0.1750000000000000167 ) ) ;
#8909 = AXIS2_PLACEMENT_3D ( 'NONE', #9666, #7326, #2027 ) ;
#8910 = DIRECTION ( 'NONE',  ( -0.000000000000000000, -1.000000000000000000, -0.000000000000000000 ) ) ;
#8911 = STYLED_ITEM ( 'NONE', ( #8970 ), #5762 ) ;
#8912 = PLANE ( 'NONE',  #9533 ) ;
#8913 = ORIENTED_EDGE ( 'NONE', *, *, #4583, .T. ) ;
#8914 = AXIS2_PLACEMENT_3D ( 'NONE', #8875, #5801, #8027 ) ;
#8915 = CARTESIAN_POINT ( 'NONE',  ( -0.1749999999999998224, 0.000000000000000000, -1.925000000000000933 ) ) ;
#8916 = DIRECTION ( 'NONE',  ( 0.000000000000000000, -1.000000000000000000, 0.000000000000000000 ) ) ;
#8917 = CARTESIAN_POINT ( 'NONE',  ( -1.649999999999999023, 0.1499999999999999667, -1.125000000000000000 ) ) ;
#8918 = LINE ( 'NONE', #2779, #9319 ) ;
#8919 = LINE ( 'NONE', #5985, #5883 ) ;
#8920 = EDGE_CURVE ( 'NONE', #9344, #1401, #2942, .T. ) ;
#8921 = PLANE ( 'NONE',  #9694 ) ;
#8922 = ORIENTED_EDGE ( 'NONE', *, *, #1065, .F. ) ;
#8923 = ORIENTED_EDGE ( 'NONE', *, *, #8920, .T. ) ;
#8924 = AXIS2_PLACEMENT_3D ( 'NONE', #2776, #6583, #575 ) ;
#8925 = CARTESIAN_POINT ( 'NONE',  ( -1.924999999999999156, 0.6702163011671202764, -0.8249999999999998446 ) ) ;
#8926 = DIRECTION ( 'NONE',  ( -1.000000000000000000, 0.000000000000000000, 0.000000000000000000 ) ) ;
#8927 = ORIENTED_EDGE ( 'NONE', *, *, #3002, .T. ) ;
#8928 = CARTESIAN_POINT ( 'NONE',  ( 0.8249999999999992895, 0.6702163011671209425, -1.925000000000000933 ) ) ;
#8929 = DIRECTION ( 'NONE',  ( 0.000000000000000000, -1.000000000000000000, 0.000000000000000000 ) ) ;
#8930 = CARTESIAN_POINT ( 'NONE',  ( -1.999999999999997780, 0.08999999999999999667, 0.1750000000000216382 ) ) ;
#8931 = CIRCLE ( 'NONE', #4656, 0.1499999999999999667 ) ;
#8932 = EDGE_CURVE ( 'NONE', #970, #6057, #5246, .T. ) ;
#8933 = CARTESIAN_POINT ( 'NONE',  ( 0.1750000000000006828, 0.08999999999999999667, 1.924999999999999378 ) ) ;
#8934 = DIRECTION ( 'NONE',  ( -4.937084235490472864E-15, 0.000000000000000000, -1.000000000000000000 ) ) ;
#8935 = MANIFOLD_SOLID_BREP ( 'CirPattern3[11]', #3058 ) ;
#8936 = LINE ( 'NONE', #699, #6352 ) ;
#8937 = EDGE_CURVE ( 'NONE', #2157, #7023, #1380, .T. ) ;
#8938 = ORIENTED_EDGE ( 'NONE', *, *, #3048, .T. ) ;
#8939 = FACE_BOUND ( 'NONE', #5460, .T. ) ;
#8940 = EDGE_CURVE ( 'NONE', #5631, #8180, #4461, .T. ) ;
#8941 = ORIENTED_EDGE ( 'NONE', *, *, #2195, .T. ) ;
#8942 = AXIS2_PLACEMENT_3D ( 'NONE', #6220, #7020, #8398 ) ;
#8943 = EDGE_CURVE ( 'NONE', #3771, #3731, #2185, .T. ) ;
#8944 = ORIENTED_EDGE ( 'NONE', *, *, #1649, .T. ) ;
#8945 = DIRECTION ( 'NONE',  ( -1.000000000000000000, 0.000000000000000000, 1.047444401652940007E-14 ) ) ;
#8946 = CARTESIAN_POINT ( 'NONE',  ( 1.300000000000002709, 0.05000000000000000278, 1.924999999999999822 ) ) ;
#8947 =( NAMED_UNIT ( * ) PLANE_ANGLE_UNIT ( ) SI_UNIT ( $, .RADIAN. ) );
#8948 = LINE ( 'NONE', #3009, #7207 ) ;
#8949 = ORIENTED_EDGE ( 'NONE', *, *, #2756, .F. ) ;
#8950 = AXIS2_PLACEMENT_3D ( 'NONE', #8450, #911, #3953 ) ;
#8951 = DIRECTION ( 'NONE',  ( -1.577021341797093468E-15, 0.000000000000000000, -1.000000000000000000 ) ) ;
#8952 = VERTEX_POINT ( 'NONE', #8792 ) ;
#8953 = PRODUCT_RELATED_PRODUCT_CATEGORY ( 'part', '', ( #4642 ) ) ;
#8954 = EDGE_LOOP ( 'NONE', ( #6723, #1925, #934, #6947 ) ) ;
#8955 =( GEOMETRIC_REPRESENTATION_CONTEXT ( 3 ) GLOBAL_UNCERTAINTY_ASSIGNED_CONTEXT ( ( #2520 ) ) GLOBAL_UNIT_ASSIGNED_CONTEXT ( ( #7711, #3960, #1760 ) ) REPRESENTATION_CONTEXT ( 'NONE', 'WORKASPACE' ) );
#8956 = ORIENTED_EDGE ( 'NONE', *, *, #5584, .T. ) ;
#8957 = EDGE_CURVE ( 'NONE', #9483, #8590, #5014, .T. ) ;
#8958 = EDGE_LOOP ( 'NONE', ( #6482, #8603, #6455, #8290 ) ) ;
#8959 = DIRECTION ( 'NONE',  ( 0.000000000000000000, 1.000000000000000000, 0.000000000000000000 ) ) ;
#8960 = LINE ( 'NONE', #2920, #2470 ) ;
#8961 = CARTESIAN_POINT ( 'NONE',  ( 0.4750000000000005884, 0.6702163011671209425, 1.925000000000000933 ) ) ;
#8962 = CARTESIAN_POINT ( 'NONE',  ( -0.8249999999999997335, 0.6702163011671209425, -1.650000000000000577 ) ) ;
#8963 = DIRECTION ( 'NONE',  ( -1.000000000000000000, 0.000000000000000000, -3.942553354492742052E-16 ) ) ;
#8964 = EDGE_CURVE ( 'NONE', #5039, #3644, #6754, .T. ) ;
#8965 = DIRECTION ( 'NONE',  ( -0.000000000000000000, -1.000000000000000000, -0.000000000000000000 ) ) ;
#8966 = EDGE_LOOP ( 'NONE', ( #4977, #4688, #8601, #1942, #5513 ) ) ;
#8967 = VERTEX_POINT ( 'NONE', #7488 ) ;
#8968 = VECTOR ( 'NONE', #6153, 1000.000000000000000 ) ;
#8969 = LINE ( 'NONE', #1700, #6107 ) ;
#8970 = PRESENTATION_STYLE_ASSIGNMENT (( #625 ) ) ;
#8971 = DIRECTION ( 'NONE',  ( 0.000000000000000000, 0.000000000000000000, -1.000000000000000000 ) ) ;
#8972 = PRESENTATION_STYLE_ASSIGNMENT (( #3126 ) ) ;
#8973 = CARTESIAN_POINT ( 'NONE',  ( -0.1749999999999993783, 0.6702163011671209425, 1.925000000000000933 ) ) ;
#8975 = DIRECTION ( 'NONE',  ( -4.937084235490472864E-15, 0.000000000000000000, -1.000000000000000000 ) ) ;
#8974 = DIRECTION ( 'NONE',  ( 1.000000000000000000, -0.000000000000000000, -3.491481338843132961E-15 ) ) ;
#8976 = ORIENTED_EDGE ( 'NONE', *, *, #7074, .F. ) ;
#8977 = ORIENTED_EDGE ( 'NONE', *, *, #5537, .F. ) ;
#8978 = DIRECTION ( 'NONE',  ( 0.000000000000000000, -1.000000000000000000, 0.000000000000000000 ) ) ;
#8979 = CARTESIAN_POINT ( 'NONE',  ( 0.1749999999999993783, 0.08999999999999999667, -1.999999999999999556 ) ) ;
#8980 = ORIENTED_EDGE ( 'NONE', *, *, #8142, .F. ) ;
#8981 = LINE ( 'NONE', #541, #3216 ) ;
#8982 = CARTESIAN_POINT ( 'NONE',  ( 1.924999999999999156, 0.000000000000000000, 0.8249999999999999556 ) ) ;
#8983 = DIRECTION ( 'NONE',  ( 0.000000000000000000, 1.000000000000000000, 0.000000000000000000 ) ) ;
#8984 = FACE_OUTER_BOUND ( 'NONE', #3841, .T. ) ;
#8985 = LINE ( 'NONE', #4279, #1281 ) ;
#8986 = VERTEX_POINT ( 'NONE', #5906 ) ;
#8987 = ADVANCED_FACE ( 'NONE', ( #8175 ), #8880, .F. ) ;
#8988 = LINE ( 'NONE', #748, #9566 ) ;
#8989 = ORIENTED_EDGE ( 'NONE', *, *, #7947, .F. ) ;
#8990 = AXIS2_PLACEMENT_3D ( 'NONE', #2449, #6354, #1740 ) ;
#8991 = VERTEX_POINT ( 'NONE', #595 ) ;
#8992 = CARTESIAN_POINT ( 'NONE',  ( 2.000000000000002665, 0.08999999999999999667, 0.8249999999999924061 ) ) ;
#8993 = DIRECTION ( 'NONE',  ( 0.000000000000000000, -0.000000000000000000, -1.000000000000000000 ) ) ;
#8994 = CARTESIAN_POINT ( 'NONE',  ( -0.4750000000000005884, 0.08999999999999999667, -1.619058829184431225 ) ) ;
#8995 = ORIENTED_EDGE ( 'NONE', *, *, #6513, .T. ) ;
#8996 = FACE_OUTER_BOUND ( 'NONE', #1843, .T. ) ;
#8997 = ORIENTED_EDGE ( 'NONE', *, *, #2602, .F. ) ;
#8998 = DIRECTION ( 'NONE',  ( -0.000000000000000000, -1.000000000000000000, -0.000000000000000000 ) ) ;
#8999 = AXIS2_PLACEMENT_3D ( 'NONE', #374, #3408, #2659 ) ;
#9000 = EDGE_LOOP ( 'NONE', ( #6675, #8778, #157, #4437 ) ) ;
#9001 = ORIENTED_EDGE ( 'NONE', *, *, #6286, .T. ) ;
#9002 = VECTOR ( 'NONE', #3637, 1000.000000000000000 ) ;
#9003 = EDGE_CURVE ( 'NONE', #870, #3111, #8936, .T. ) ;
#9004 = PLANE ( 'NONE',  #4477 ) ;
#9005 = STYLED_ITEM ( 'NONE', ( #4575 ), #5236 ) ;
#9006 = CARTESIAN_POINT ( 'NONE',  ( 0.8250000000000001776, 0.6702163011671209425, 1.650000000000000577 ) ) ;
#9007 = CARTESIAN_POINT ( 'NONE',  ( 1.649999999999999023, 0.000000000000000000, -0.3250000000000000111 ) ) ;
#9008 = CARTESIAN_POINT ( 'NONE',  ( -1.924999999999999156, 0.6702163011671204984, 1.125000000000000222 ) ) ;
#9009 = CARTESIAN_POINT ( 'NONE',  ( 1.999999999999999112, 0.08999999999999999667, -0.1750000000000076772 ) ) ;
#9010 = ORIENTED_EDGE ( 'NONE', *, *, #2948, .F. ) ;
#9011 = EDGE_CURVE ( 'NONE', #5595, #1035, #4327, .T. ) ;
#9012 = VERTEX_POINT ( 'NONE', #8079 ) ;
#9013 = ORIENTED_EDGE ( 'NONE', *, *, #8937, .F. ) ;
#9014 = EDGE_CURVE ( 'NONE', #2157, #8884, #2146, .T. ) ;
#9015 = DIRECTION ( 'NONE',  ( 0.000000000000000000, 1.000000000000000000, 0.000000000000000000 ) ) ;
#9016 = CYLINDRICAL_SURFACE ( 'NONE', #2103, 0.1499999999999999667 ) ;
#9017 = DIRECTION ( 'NONE',  ( 0.000000000000000000, 0.000000000000000000, 1.000000000000000000 ) ) ;
#9018 = FACE_BOUND ( 'NONE', #4697, .T. ) ;
#9019 = CARTESIAN_POINT ( 'NONE',  ( 1.999999999999997780, 0.08999999999999999667, -0.4750000000000075828 ) ) ;
#9021 = DIRECTION ( 'NONE',  ( -1.000000000000000000, -0.000000000000000000, -0.000000000000000000 ) ) ;
#9020 = CARTESIAN_POINT ( 'NONE',  ( 1.924999999999999156, 0.000000000000000000, 0.8249999999999999556 ) ) ;
#9022 = ORIENTED_EDGE ( 'NONE', *, *, #1474, .T. ) ;
#9023 = EDGE_LOOP ( 'NONE', ( #2574, #7330, #6158, #5659 ) ) ;
#9024 = EDGE_CURVE ( 'NONE', #3013, #141, #7436, .T. ) ;
#9025 = LINE ( 'NONE', #3177, #6182 ) ;
#9026 = CARTESIAN_POINT ( 'NONE',  ( 0.4750000000000005884, 0.1499999999999999667, 1.619058829184431225 ) ) ;
#9027 = ORIENTED_EDGE ( 'NONE', *, *, #6899, .T. ) ;
#9028 = DIRECTION ( 'NONE',  ( 0.000000000000000000, -1.000000000000000000, 0.000000000000000000 ) ) ;
#9029 = DIRECTION ( 'NONE',  ( 3.491481338843133355E-15, -0.000000000000000000, 1.000000000000000000 ) ) ;
#9030 = LINE ( 'NONE', #8373, #2431 ) ;
#9031 = FACE_OUTER_BOUND ( 'NONE', #3716, .T. ) ;
#9032 = FACE_OUTER_BOUND ( 'NONE', #9638, .T. ) ;
#9033 = ORIENTED_EDGE ( 'NONE', *, *, #1682, .T. ) ;
#9034 = CARTESIAN_POINT ( 'NONE',  ( 2.000000000000000888, 1.499999999999999556, 1.999999999999999112 ) ) ;
#9035 = ORIENTED_EDGE ( 'NONE', *, *, #7119, .F. ) ;
#9036 = ORIENTED_EDGE ( 'NONE', *, *, #6694, .F. ) ;
#9037 = DIRECTION ( 'NONE',  ( 1.047444401652940007E-14, 0.000000000000000000, 1.000000000000000000 ) ) ;
#9038 = CARTESIAN_POINT ( 'NONE',  ( -1.619058829184429449, 0.08999999999999999667, 0.1750000000000176414 ) ) ;
#9039 = SURFACE_SIDE_STYLE ('',( #3105 ) ) ;
#9040 = LINE ( 'NONE', #9597, #712 ) ;
#9041 = ORIENTED_EDGE ( 'NONE', *, *, #5549, .T. ) ;
#9042 =( NAMED_UNIT ( * ) SI_UNIT ( $, .STERADIAN. ) SOLID_ANGLE_UNIT ( ) );
#9043 = ORIENTED_EDGE ( 'NONE', *, *, #1851, .T. ) ;
#9044 = DIRECTION ( 'NONE',  ( 1.000000000000000000, 0.000000000000000000, 0.000000000000000000 ) ) ;
#9045 = AXIS2_PLACEMENT_3D ( 'NONE', #6398, #9432, #2641 ) ;
#9046 = ORIENTED_EDGE ( 'NONE', *, *, #3379, .F. ) ;
#9047 = ORIENTED_EDGE ( 'NONE', *, *, #3376, .F. ) ;
#9048 = VECTOR ( 'NONE', #4964, 1000.000000000000000 ) ;
#9049 = ADVANCED_FACE ( 'NONE', ( #548 ), #6651, .T. ) ;
#9050 = DIRECTION ( 'NONE',  ( 0.000000000000000000, 0.000000000000000000, 1.000000000000000000 ) ) ;
#9051 = EDGE_CURVE ( 'NONE', #7126, #5462, #1294, .T. ) ;
#9052 = FACE_OUTER_BOUND ( 'NONE', #7451, .T. ) ;
#9053 = CARTESIAN_POINT ( 'NONE',  ( 1.925000000000003597, 0.08999999999999999667, 1.124999999999992450 ) ) ;
#9054 =( GEOMETRIC_REPRESENTATION_CONTEXT ( 3 ) GLOBAL_UNCERTAINTY_ASSIGNED_CONTEXT ( ( #331 ) ) GLOBAL_UNIT_ASSIGNED_CONTEXT ( ( #1966, #479, #8008 ) ) REPRESENTATION_CONTEXT ( 'NONE', 'WORKASPACE' ) );
#9055 = LINE ( 'NONE', #3761, #7664 ) ;
#9056 = EDGE_CURVE ( 'NONE', #5427, #3604, #8033, .T. ) ;
#9057 = DIRECTION ( 'NONE',  ( 0.000000000000000000, 0.000000000000000000, 1.000000000000000000 ) ) ;
#9058 = ORIENTED_EDGE ( 'NONE', *, *, #1897, .T. ) ;
#9059 = VECTOR ( 'NONE', #3962, 1000.000000000000000 ) ;
#9060 = VECTOR ( 'NONE', #7772, 1000.000000000000000 ) ;
#9061 = EDGE_LOOP ( 'NONE', ( #9362, #4686, #7142, #7524 ) ) ;
#9062 = EDGE_CURVE ( 'NONE', #2491, #5350, #8985, .T. ) ;
#9063 = ORIENTED_EDGE ( 'NONE', *, *, #7752, .T. ) ;
#9064 = AXIS2_PLACEMENT_3D ( 'NONE', #6368, #7948, #7114 ) ;
#9065 = EDGE_CURVE ( 'NONE', #3013, #9337, #7288, .T. ) ;
#9066 = EDGE_CURVE ( 'NONE', #3932, #3974, #3692, .T. ) ;
#9067 = AXIS2_PLACEMENT_3D ( 'NONE', #8170, #9782, #8124 ) ;
#9068 = DIRECTION ( 'NONE',  ( 1.000000000000000000, 0.000000000000000000, -3.942553354492742052E-16 ) ) ;
#9069 = LINE ( 'NONE', #1621, #8105 ) ;
#9070 = LINE ( 'NONE', #8409, #2040 ) ;
#9071 = FACE_OUTER_BOUND ( 'NONE', #7033, .T. ) ;
#9073 = LINE ( 'NONE', #7424, #1126 ) ;
#9072 =( LENGTH_UNIT ( ) NAMED_UNIT ( * ) SI_UNIT ( .MILLI., .METRE. ) );
#9074 = ORIENTED_EDGE ( 'NONE', *, *, #2882, .F. ) ;
#9075 = ORIENTED_EDGE ( 'NONE', *, *, #2398, .T. ) ;
#9076 = LINE ( 'NONE', #55, #2872 ) ;
#9077 = AXIS2_PLACEMENT_3D ( 'NONE', #1483, #6799, #7531 ) ;
#9078 = EDGE_CURVE ( 'NONE', #4799, #2851, #503, .T. ) ;
#9079 = EDGE_CURVE ( 'NONE', #1646, #3976, #9737, .T. ) ;
#9080 = LINE ( 'NONE', #5993, #1449 ) ;
#9081 = CARTESIAN_POINT ( 'NONE',  ( -0.8249999999999992895, 0.08999999999999999667, 1.999999999999999556 ) ) ;
#9082 = DIRECTION ( 'NONE',  ( -3.491481338843133355E-15, 0.000000000000000000, -1.000000000000000000 ) ) ;
#9083 = DIRECTION ( 'NONE',  ( 0.000000000000000000, 0.000000000000000000, -1.000000000000000000 ) ) ;
#9084 = CARTESIAN_POINT ( 'NONE',  ( -1.599999999999999201, 1.399999999999999911, -1.600000000000000755 ) ) ;
#9085 = FACE_OUTER_BOUND ( 'NONE', #3724, .T. ) ;
#9086 = ORIENTED_EDGE ( 'NONE', *, *, #3912, .T. ) ;
#9087 = LINE ( 'NONE', #1535, #2577 ) ;
#9088 = ORIENTED_EDGE ( 'NONE', *, *, #7017, .T. ) ;
#9089 = VECTOR ( 'NONE', #4166, 1000.000000000000000 ) ;
#9090 = VECTOR ( 'NONE', #4079, 1000.000000000000000 ) ;
#9091 = EDGE_LOOP ( 'NONE', ( #8807, #8511, #7061, #3865 ) ) ;
#9092 = DIRECTION ( 'NONE',  ( -3.942553354492742052E-16, 0.000000000000000000, -1.000000000000000000 ) ) ;
#9093 = DIRECTION ( 'NONE',  ( 0.000000000000000000, 0.000000000000000000, -1.000000000000000000 ) ) ;
#9094 = DIRECTION ( 'NONE',  ( 0.000000000000000000, -1.000000000000000000, 0.000000000000000000 ) ) ;
#9095 = ORIENTED_EDGE ( 'NONE', *, *, #7706, .F. ) ;
#9096 = SURFACE_STYLE_FILL_AREA ( #6058 ) ;
#9097 = ORIENTED_EDGE ( 'NONE', *, *, #3814, .T. ) ;
#9098 = AXIS2_PLACEMENT_3D ( 'NONE', #1907, #8857, #7267 ) ;
#9099 = ORIENTED_EDGE ( 'NONE', *, *, #3912, .F. ) ;
#9100 = VERTEX_POINT ( 'NONE', #8223 ) ;
#9101 = EDGE_CURVE ( 'NONE', #9363, #6212, #1434, .T. ) ;
#9102 = PLANE ( 'NONE',  #1629 ) ;
#9103 = CARTESIAN_POINT ( 'NONE',  ( -1.924999999999999156, 0.6702163011671202764, -0.1749999999999999056 ) ) ;
#9104 = VECTOR ( 'NONE', #755, 1000.000000000000000 ) ;
#9105 = DIRECTION ( 'NONE',  ( -1.000000000000000000, 0.000000000000000000, 1.577021341797095835E-15 ) ) ;
#9106 = FACE_OUTER_BOUND ( 'NONE', #5953, .T. ) ;
#9107 = VERTEX_POINT ( 'NONE', #2999 ) ;
#9108 = VECTOR ( 'NONE', #6377, 1000.000000000000000 ) ;
#9109 = ORIENTED_EDGE ( 'NONE', *, *, #1061, .F. ) ;
#9110 = ORIENTED_EDGE ( 'NONE', *, *, #7361, .T. ) ;
#9111 = AXIS2_PLACEMENT_3D ( 'NONE', #3590, #6599, #2091 ) ;
#9112 = EDGE_CURVE ( 'NONE', #3254, #5412, #8130, .T. ) ;
#9113 = EDGE_CURVE ( 'NONE', #7829, #5240, #6600, .T. ) ;
#9114 = AXIS2_PLACEMENT_3D ( 'NONE', #9655, #8198, #616 ) ;
#9115 = LINE ( 'NONE', #7708, #2905 ) ;
#9116 = CARTESIAN_POINT ( 'NONE',  ( 0.4749999999999993117, 0.08999999999999999667, -1.619058829184431225 ) ) ;
#9117 = LINE ( 'NONE', #4595, #7885 ) ;
#9118 = CARTESIAN_POINT ( 'NONE',  ( 1.924999999999999156, 0.000000000000000000, -0.1749999999999999056 ) ) ;
#9119 = EDGE_CURVE ( 'NONE', #3375, #9787, #3679, .T. ) ;
#9121 = LINE ( 'NONE', #1375, #1755 ) ;
#9120 = DIRECTION ( 'NONE',  ( 0.000000000000000000, 1.000000000000000000, 0.000000000000000000 ) ) ;
#9122 = EDGE_LOOP ( 'NONE', ( #3188, #3889, #4249, #649 ) ) ;
#9123 = CARTESIAN_POINT ( 'NONE',  ( 0.3250000000000001776, 0.1499999999999999667, 1.500000000000000888 ) ) ;
#9124 = ORIENTED_EDGE ( 'NONE', *, *, #8087, .F. ) ;
#9125 = VECTOR ( 'NONE', #5064, 1000.000000000000000 ) ;
#9126 = DIRECTION ( 'NONE',  ( 0.000000000000000000, 1.000000000000000000, 0.000000000000000000 ) ) ;
#9127 = LINE ( 'NONE', #6846, #6199 ) ;
#9129 = AXIS2_PLACEMENT_3D ( 'NONE', #3619, #5684, #9664 ) ;
#9128 = LINE ( 'NONE', #9081, #7002 ) ;
#9130 = CARTESIAN_POINT ( 'NONE',  ( 0.4750000000000001443, 0.6702163011671209425, -1.925000000000000933 ) ) ;
#9131 = CARTESIAN_POINT ( 'NONE',  ( -0.3249999999999997891, 0.1499999999999999944, 1.650000000000000799 ) ) ;
#9132 = EDGE_CURVE ( 'NONE', #5990, #2008, #9233, .T. ) ;
#9133 = EDGE_CURVE ( 'NONE', #5266, #3717, #1487, .T. ) ;
#9134 = LINE ( 'NONE', #6800, #4136 ) ;
#9135 = FACE_OUTER_BOUND ( 'NONE', #7870, .T. ) ;
#9136 = ADVANCED_FACE ( 'NONE', ( #2241 ), #5392, .T. ) ;
#9137 = ORIENTED_EDGE ( 'NONE', *, *, #3671, .T. ) ;
#9138 = CARTESIAN_POINT ( 'NONE',  ( 1.924999999999999156, 0.6702163011671202764, 0.4750000000000000333 ) ) ;
#9139 = VERTEX_POINT ( 'NONE', #6095 ) ;
#9140 = ORIENTED_EDGE ( 'NONE', *, *, #9420, .F. ) ;
#9141 = CARTESIAN_POINT ( 'NONE',  ( 0.3250000000000001776, 0.1499999999999999944, 1.650000000000000799 ) ) ;
#9142 = LINE ( 'NONE', #6907, #4555 ) ;
#9143 = DIRECTION ( 'NONE',  ( -0.000000000000000000, -0.000000000000000000, -1.000000000000000000 ) ) ;
#9144 = LINE ( 'NONE', #7739, #6548 ) ;
#9145 = VERTEX_POINT ( 'NONE', #6194 ) ;
#9146 = DIRECTION ( 'NONE',  ( -0.000000000000000000, 1.000000000000000000, -0.000000000000000000 ) ) ;
#9147 = ORIENTED_EDGE ( 'NONE', *, *, #3376, .T. ) ;
#9148 = ORIENTED_EDGE ( 'NONE', *, *, #1595, .T. ) ;
#9149 = VECTOR ( 'NONE', #2534, 1000.000000000000000 ) ;
#9150 = ORIENTED_EDGE ( 'NONE', *, *, #1484, .F. ) ;
#9151 = CARTESIAN_POINT ( 'NONE',  ( 1.649999999999999023, 0.1499999999999999667, 0.4749999999999999223 ) ) ;
#9152 = PLANE ( 'NONE',  #6778 ) ;
#9153 = FACE_BOUND ( 'NONE', #9754, .T. ) ;
#9154 = CARTESIAN_POINT ( 'NONE',  ( 2.000000000000002665, 0.08999999999999999667, 0.8249999999999924061 ) ) ;
#9155 = VECTOR ( 'NONE', #1218, 1000.000000000000000 ) ;
#9156 = ORIENTED_EDGE ( 'NONE', *, *, #6997, .F. ) ;
#9157 = AXIS2_PLACEMENT_3D ( 'NONE', #422, #3996, #7160 ) ;
#9158 = ORIENTED_EDGE ( 'NONE', *, *, #7596, .F. ) ;
#9159 = VECTOR ( 'NONE', #9733, 1000.000000000000000 ) ;
#9160 = EDGE_LOOP ( 'NONE', ( #8334, #2880, #4101, #6792 ) ) ;
#9161 = UNCERTAINTY_MEASURE_WITH_UNIT (LENGTH_MEASURE( 1.000000000000000082E-05 ), #9304, 'distance_accuracy_value', 'NONE');
#9162 = VECTOR ( 'NONE', #6609, 1000.000000000000000 ) ;
#9163 = AXIS2_PLACEMENT_3D ( 'NONE', #5903, #1386, #2895 ) ;
#9164 = CARTESIAN_POINT ( 'NONE',  ( 0.4750000000000001443, 0.000000000000000000, -1.650000000000000577 ) ) ;
#9165 = ADVANCED_FACE ( 'NONE', ( #6854 ), #1685, .T. ) ;
#9166 = DIRECTION ( 'NONE',  ( 0.000000000000000000, 1.000000000000000000, 0.000000000000000000 ) ) ;
#9167 = CARTESIAN_POINT ( 'NONE',  ( -1.124999999999999334, 0.08999999999999999667, 1.999999999999999556 ) ) ;
#9168 = DIRECTION ( 'NONE',  ( 0.000000000000000000, 0.000000000000000000, -1.000000000000000000 ) ) ;
#9169 = VECTOR ( 'NONE', #578, 1000.000000000000000 ) ;
#9170 = CARTESIAN_POINT ( 'NONE',  ( -0.1749999999999993783, 0.1499999999999999667, 1.619058829184431225 ) ) ;
#9171 = ORIENTED_EDGE ( 'NONE', *, *, #7766, .T. ) ;
#9172 = FACE_OUTER_BOUND ( 'NONE', #6616, .T. ) ;
#9173 = ORIENTED_EDGE ( 'NONE', *, *, #1493, .T. ) ;
#9174 = EDGE_CURVE ( 'NONE', #1049, #3031, #6048, .T. ) ;
#9175 = FACE_OUTER_BOUND ( 'NONE', #7599, .T. ) ;
#9176 = DIRECTION ( 'NONE',  ( 0.000000000000000000, 0.000000000000000000, 1.000000000000000000 ) ) ;
#9177 = PLANE ( 'NONE',  #5563 ) ;
#9178 = LINE ( 'NONE', #1482, #2829 ) ;
#9179 = ADVANCED_FACE ( 'NONE', ( #3042 ), #5999, .T. ) ;
#9180 = LINE ( 'NONE', #8524, #9060 ) ;
#9181 = EDGE_CURVE ( 'NONE', #7293, #2491, #7611, .T. ) ;
#9182 = CARTESIAN_POINT ( 'NONE',  ( -1.924999999999999156, 0.6702163011671202764, -1.125000000000000000 ) ) ;
#9183 = CARTESIAN_POINT ( 'NONE',  ( 1.124999999999999334, 0.08999999999999999667, -1.999999999999999556 ) ) ;
#9184 = VERTEX_POINT ( 'NONE', #3888 ) ;
#9185 = DIRECTION ( 'NONE',  ( 0.000000000000000000, 1.000000000000000000, 0.000000000000000000 ) ) ;
#9186 = ADVANCED_FACE ( 'NONE', ( #9032 ), #4663, .F. ) ;
#9187 = ORIENTED_EDGE ( 'NONE', *, *, #2961, .F. ) ;
#9188 = EDGE_CURVE ( 'NONE', #1100, #1438, #3097, .T. ) ;
#9189 = ORIENTED_EDGE ( 'NONE', *, *, #8035, .T. ) ;
#9190 = DIRECTION ( 'NONE',  ( 0.000000000000000000, 1.000000000000000000, 0.000000000000000000 ) ) ;
#9191 = DIRECTION ( 'NONE',  ( -1.000000000000000000, 0.000000000000000000, 1.047444401652940007E-14 ) ) ;
#9192 = CARTESIAN_POINT ( 'NONE',  ( 1.925000000000003597, 0.08999999999999999667, 1.124999999999992450 ) ) ;
#9193 = DIRECTION ( 'NONE',  ( 0.000000000000000000, 0.000000000000000000, 1.000000000000000000 ) ) ;
#9194 = ORIENTED_EDGE ( 'NONE', *, *, #3055, .F. ) ;
#9195 = LINE ( 'NONE', #6106, #9384 ) ;
#9196 = ORIENTED_EDGE ( 'NONE', *, *, #1796, .T. ) ;
#9197 = ORIENTED_EDGE ( 'NONE', *, *, #9062, .F. ) ;
#9198 = VERTEX_POINT ( 'NONE', #8479 ) ;
#9199 = EDGE_CURVE ( 'NONE', #2953, #9468, #4709, .T. ) ;
#9200 = LINE ( 'NONE', #7745, #8324 ) ;
#9201 = ADVANCED_FACE ( 'NONE', ( #9135 ), #3975, .F. ) ;
#9202 = LINE ( 'NONE', #8448, #2915 ) ;
#9203 = FACE_OUTER_BOUND ( 'NONE', #5776, .T. ) ;
#9204 = DIRECTION ( 'NONE',  ( -0.000000000000000000, -1.000000000000000000, -0.000000000000000000 ) ) ;
#9205 = CARTESIAN_POINT ( 'NONE',  ( 0.3250000000000001776, 0.04999999999999999584, 1.650000000000000799 ) ) ;
#9206 = SURFACE_STYLE_FILL_AREA ( #867 ) ;
#9207 = VERTEX_POINT ( 'NONE', #7534 ) ;
#9208 = VECTOR ( 'NONE', #7873, 1000.000000000000000 ) ;
#9209 = ORIENTED_EDGE ( 'NONE', *, *, #56, .T. ) ;
#9210 = VECTOR ( 'NONE', #1328, 1000.000000000000000 ) ;
#9211 = ORIENTED_EDGE ( 'NONE', *, *, #4809, .T. ) ;
#9212 = VECTOR ( 'NONE', #935, 1000.000000000000000 ) ;
#9213 = DIRECTION ( 'NONE',  ( 1.000000000000000000, 0.000000000000000000, -0.000000000000000000 ) ) ;
#9214 = DIRECTION ( 'NONE',  ( -1.000000000000000000, 0.000000000000000000, 0.000000000000000000 ) ) ;
#9215 = CARTESIAN_POINT ( 'NONE',  ( 1.924999999999994271, 0.1499999999999999667, -1.125000000000007327 ) ) ;
#9216 = AXIS2_PLACEMENT_3D ( 'NONE', #4208, #7222, #8007 ) ;
#9217 = CARTESIAN_POINT ( 'NONE',  ( -0.4749999999999993117, 0.1499999999999999667, 1.925000000000000266 ) ) ;
#9218 = CIRCLE ( 'NONE', #7935, 0.1000000000000000472 ) ;
#9219 = ORIENTED_EDGE ( 'NONE', *, *, #8447, .F. ) ;
#9220 = CARTESIAN_POINT ( 'NONE',  ( -1.124999999999999334, 0.08999999999999999667, 1.924999999999999600 ) ) ;
#9221 = ORIENTED_EDGE ( 'NONE', *, *, #9803, .T. ) ;
#9222 = LINE ( 'NONE', #9828, #643 ) ;
#9223 = AXIS2_PLACEMENT_3D ( 'NONE', #4017, #198, #247 ) ;
#9224 = AXIS2_PLACEMENT_3D ( 'NONE', #6277, #9310, #5725 ) ;
#9225 = ADVANCED_FACE ( 'NONE', ( #9085 ), #745, .T. ) ;
#9227 = CARTESIAN_POINT ( 'NONE',  ( 1.199999999999999956, 0.1499999999999999667, 1.200000000000000178 ) ) ;
#9226 = DIRECTION ( 'NONE',  ( 1.000000000000000000, 0.000000000000000000, -0.000000000000000000 ) ) ;
#9228 = DIRECTION ( 'NONE',  ( 0.000000000000000000, -1.000000000000000000, 0.000000000000000000 ) ) ;
#9229 = DIRECTION ( 'NONE',  ( 0.000000000000000000, -0.000000000000000000, 1.000000000000000000 ) ) ;
#9230 = CARTESIAN_POINT ( 'NONE',  ( 2.000000000000003553, 0.08999999999999999667, 1.124999999999992228 ) ) ;
#9231 = VERTEX_POINT ( 'NONE', #2288 ) ;
#9232 = AXIS2_PLACEMENT_3D ( 'NONE', #2743, #2844, #9534 ) ;
#9233 = LINE ( 'NONE', #3836, #3040 ) ;
#9234 = ORIENTED_EDGE ( 'NONE', *, *, #1892, .T. ) ;
#9235 = DIRECTION ( 'NONE',  ( 0.000000000000000000, 0.000000000000000000, -1.000000000000000000 ) ) ;
#9236 = ADVANCED_FACE ( 'NONE', ( #3785 ), #5303, .T. ) ;
#9237 = VERTEX_POINT ( 'NONE', #4565 ) ;
#9238 = VECTOR ( 'NONE', #3094, 1000.000000000000000 ) ;
#9239 = FACE_OUTER_BOUND ( 'NONE', #4374, .T. ) ;
#9240 = CARTESIAN_POINT ( 'NONE',  ( -1.924999999999999156, 0.000000000000000000, 0.4750000000000000333 ) ) ;
#9241 =( LENGTH_UNIT ( ) NAMED_UNIT ( * ) SI_UNIT ( .MILLI., .METRE. ) );
#9242 = CARTESIAN_POINT ( 'NONE',  ( -0.3249999999999997891, 0.000000000000000000, 1.650000000000000799 ) ) ;
#9243 = EDGE_CURVE ( 'NONE', #6101, #3794, #355, .T. ) ;
#9244 = ORIENTED_EDGE ( 'NONE', *, *, #4129, .F. ) ;
#9245 = CARTESIAN_POINT ( 'NONE',  ( 1.924999999999999156, 0.000000000000000000, -0.1749999999999999056 ) ) ;
#9246 = EDGE_CURVE ( 'NONE', #9237, #3264, #7973, .T. ) ;
#9247 = ORIENTED_EDGE ( 'NONE', *, *, #1038, .T. ) ;
#9248 = AXIS2_PLACEMENT_3D ( 'NONE', #8332, #9689, #2902 ) ;
#9249 = ORIENTED_EDGE ( 'NONE', *, *, #7289, .F. ) ;
#9250 = ORIENTED_EDGE ( 'NONE', *, *, #8826, .F. ) ;
#9251 = ADVANCED_FACE ( 'NONE', ( #7824 ), #1928, .T. ) ;
#9252 = CARTESIAN_POINT ( 'NONE',  ( 1.649999999999999023, 0.05000000000000002359, -0.1750000000000000167 ) ) ;
#9253 = CARTESIAN_POINT ( 'NONE',  ( -0.9749999999999997558, 0.1499999999999999944, 1.500000000000000888 ) ) ;
#9254 = CARTESIAN_POINT ( 'NONE',  ( -1.924999999999999156, 0.000000000000000000, -0.4749999999999999223 ) ) ;
#9255 = DIRECTION ( 'NONE',  ( 0.000000000000000000, -0.000000000000000000, -1.000000000000000000 ) ) ;
#9256 = CARTESIAN_POINT ( 'NONE',  ( 1.099999999999999867, 0.000000000000000000, 1.100000000000000311 ) ) ;
#9257 = DIRECTION ( 'NONE',  ( 0.000000000000000000, -1.000000000000000000, 0.000000000000000000 ) ) ;
#9258 = ORIENTED_EDGE ( 'NONE', *, *, #7246, .T. ) ;
#9259 = EDGE_LOOP ( 'NONE', ( #4067, #3001, #1314, #4269 ) ) ;
#9260 = EDGE_CURVE ( 'NONE', #1804, #1570, #4226, .T. ) ;
#9261 = ORIENTED_EDGE ( 'NONE', *, *, #893, .T. ) ;
#9262 = CIRCLE ( 'NONE', #3887, 0.1499999999999999667 ) ;
#9263 = DIRECTION ( 'NONE',  ( 0.000000000000000000, 1.000000000000000000, 0.000000000000000000 ) ) ;
#9264 = EDGE_CURVE ( 'NONE', #2748, #4590, #3240, .T. ) ;
#9265 = DIRECTION ( 'NONE',  ( 0.000000000000000000, 0.000000000000000000, 1.000000000000000000 ) ) ;
#9266 =( NAMED_UNIT ( * ) PLANE_ANGLE_UNIT ( ) SI_UNIT ( $, .RADIAN. ) );
#9267 = DIRECTION ( 'NONE',  ( -0.000000000000000000, -1.000000000000000000, -0.000000000000000000 ) ) ;
#9268 = AXIS2_PLACEMENT_3D ( 'NONE', #2672, #1219, #8763 ) ;
#9269 = LINE ( 'NONE', #5580, #346 ) ;
#9270 = ORIENTED_EDGE ( 'NONE', *, *, #2031, .T. ) ;
#9271 = FACE_OUTER_BOUND ( 'NONE', #462, .T. ) ;
#9272 = VERTEX_POINT ( 'NONE', #1034 ) ;
#9273 = VECTOR ( 'NONE', #6763, 1000.000000000000000 ) ;
#9274 = LINE ( 'NONE', #245, #3195 ) ;
#9275 = COLOUR_RGB ( '',0.7921568627450980005, 0.8196078431372548767, 0.9333333333333333481 ) ;
#9276 = FACE_OUTER_BOUND ( 'NONE', #8431, .T. ) ;
#9277 = CARTESIAN_POINT ( 'NONE',  ( 0.4750000000000001443, 0.1499999999999999944, 1.650000000000000577 ) ) ;
#9278 = FACE_OUTER_BOUND ( 'NONE', #3338, .T. ) ;
#9279 = DIRECTION ( 'NONE',  ( 0.000000000000000000, -0.000000000000000000, -1.000000000000000000 ) ) ;
#9280 = LINE ( 'NONE', #4746, #5722 ) ;
#9281 = PLANE ( 'NONE',  #2877 ) ;
#9282 = ORIENTED_EDGE ( 'NONE', *, *, #6063, .T. ) ;
#9283 = ORIENTED_EDGE ( 'NONE', *, *, #2325, .T. ) ;
#9284 = AXIS2_PLACEMENT_3D ( 'NONE', #3103, #6005, #8436 ) ;
#9285 = CARTESIAN_POINT ( 'NONE',  ( 1.924999999999999156, 0.000000000000000000, -1.125000000000000000 ) ) ;
#9286 = VERTEX_POINT ( 'NONE', #5645 ) ;
#9287 = CARTESIAN_POINT ( 'NONE',  ( 1.619058829184435222, 0.08999999999999999667, 1.124999999999993561 ) ) ;
#9288 = VECTOR ( 'NONE', #320, 1000.000000000000000 ) ;
#9289 = ORIENTED_EDGE ( 'NONE', *, *, #8022, .F. ) ;
#9290 = DIRECTION ( 'NONE',  ( 0.000000000000000000, 1.000000000000000000, 0.000000000000000000 ) ) ;
#9291 = ADVANCED_FACE ( 'NONE', ( #6344 ), #7921, .F. ) ;
#9292 = CARTESIAN_POINT ( 'NONE',  ( -0.8250000000000006217, 0.08999999999999999667, -1.999999999999999556 ) ) ;
#9293 = SURFACE_STYLE_USAGE ( .BOTH. , #9340 ) ;
#9294 = CARTESIAN_POINT ( 'NONE',  ( -0.9749999999999997558, 0.6702163011671209425, 1.650000000000000799 ) ) ;
#9295 = VERTEX_POINT ( 'NONE', #2541 ) ;
#9296 = EDGE_CURVE ( 'NONE', #2395, #7490, #5496, .T. ) ;
#9297 = VERTEX_POINT ( 'NONE', #5597 ) ;
#9298 = EDGE_LOOP ( 'NONE', ( #3056, #1356, #6826, #9022 ) ) ;
#9299 = VERTEX_POINT ( 'NONE', #8626 ) ;
#9300 = DIRECTION ( 'NONE',  ( -1.000000000000000000, 0.000000000000000000, 1.047444401652940007E-14 ) ) ;
#9301 = CARTESIAN_POINT ( 'NONE',  ( 0.3250000000000001776, 0.000000000000000000, 1.650000000000000799 ) ) ;
#9302 = DIRECTION ( 'NONE',  ( 0.000000000000000000, -1.000000000000000000, 0.000000000000000000 ) ) ;
#9303 = LINE ( 'NONE', #1658, #4662 ) ;
#9304 =( LENGTH_UNIT ( ) NAMED_UNIT ( * ) SI_UNIT ( .MILLI., .METRE. ) );
#9305 = ORIENTED_EDGE ( 'NONE', *, *, #4233, .F. ) ;
#9306 = VECTOR ( 'NONE', #9120, 1000.000000000000000 ) ;
#9307 = ORIENTED_EDGE ( 'NONE', *, *, #6565, .F. ) ;
#9308 = ORIENTED_EDGE ( 'NONE', *, *, #2009, .T. ) ;
#9309 = EDGE_CURVE ( 'NONE', #7812, #1888, #6247, .T. ) ;
#9310 = DIRECTION ( 'NONE',  ( 0.000000000000000000, 1.000000000000000000, 0.000000000000000000 ) ) ;
#9311 = VECTOR ( 'NONE', #3429, 1000.000000000000000 ) ;
#9312 = CARTESIAN_POINT ( 'NONE',  ( -1.100000000000000089, 0.05000000000000012768, -1.200000000000000178 ) ) ;
#9313 = VECTOR ( 'NONE', #2803, 1000.000000000000000 ) ;
#9314 = CARTESIAN_POINT ( 'NONE',  ( 0.8250000000000006217, 0.08999999999999999667, 1.619058829184431225 ) ) ;
#9315 = CYLINDRICAL_SURFACE ( 'NONE', #5557, 0.1000000000000000472 ) ;
#9316 = ORIENTED_EDGE ( 'NONE', *, *, #7962, .T. ) ;
#9317 = CARTESIAN_POINT ( 'NONE',  ( -0.1750000000000006828, 0.08999999999999999667, -1.999999999999999556 ) ) ;
#9318 = VERTEX_POINT ( 'NONE', #255 ) ;
#9319 = VECTOR ( 'NONE', #1326, 1000.000000000000000 ) ;
#9320 = DIRECTION ( 'NONE',  ( 0.000000000000000000, 1.000000000000000000, 0.000000000000000000 ) ) ;
#9321 = VECTOR ( 'NONE', #8245, 1000.000000000000000 ) ;
#9322 = EDGE_CURVE ( 'NONE', #6313, #2186, #4850, .T. ) ;
#9323 = VECTOR ( 'NONE', #1884, 1000.000000000000000 ) ;
#9324 = VECTOR ( 'NONE', #963, 1000.000000000000000 ) ;
#9325 = FILL_AREA_STYLE ('',( #3178 ) ) ;
#9326 = CARTESIAN_POINT ( 'NONE',  ( -1.999999999999994893, 0.08999999999999999667, 0.4750000000000215161 ) ) ;
#9327 = DIRECTION ( 'NONE',  ( 0.000000000000000000, 0.000000000000000000, 1.000000000000000000 ) ) ;
#9328 = CARTESIAN_POINT ( 'NONE',  ( 1.925000000000003597, 0.08999999999999999667, 1.124999999999992450 ) ) ;
#9329 = LINE ( 'NONE', #1681, #6995 ) ;
#9330 = VECTOR ( 'NONE', #1644, 1000.000000000000000 ) ;
#9331 = CARTESIAN_POINT ( 'NONE',  ( -0.9749999999999997558, 0.1499999999999999944, -1.650000000000000799 ) ) ;
#9332 = ORIENTED_EDGE ( 'NONE', *, *, #8886, .F. ) ;
#9333 = ORIENTED_EDGE ( 'NONE', *, *, #3857, .T. ) ;
#9334 = DIRECTION ( 'NONE',  ( 0.000000000000000000, -1.000000000000000000, 0.000000000000000000 ) ) ;
#9335 = VERTEX_POINT ( 'NONE', #2493 ) ;
#9336 = FACE_OUTER_BOUND ( 'NONE', #7936, .T. ) ;
#9337 = VERTEX_POINT ( 'NONE', #9285 ) ;
#9338 = CARTESIAN_POINT ( 'NONE',  ( 1.125000000000000222, 0.1499999999999999944, -1.650000000000000577 ) ) ;
#9339 = CARTESIAN_POINT ( 'NONE',  ( 1.924999999999999156, 0.1499999999999999667, 0.4750000000000000333 ) ) ;
#9340 = SURFACE_SIDE_STYLE ('',( #213 ) ) ;
#9341 = DIRECTION ( 'NONE',  ( 0.000000000000000000, 0.000000000000000000, -1.000000000000000000 ) ) ;
#9342 = ORIENTED_EDGE ( 'NONE', *, *, #5112, .T. ) ;
#9343 = EDGE_LOOP ( 'NONE', ( #5705, #1354, #4484, #9095 ) ) ;
#9344 = VERTEX_POINT ( 'NONE', #7093 ) ;
#9345 = ORIENTED_EDGE ( 'NONE', *, *, #9444, .F. ) ;
#9346 = LINE ( 'NONE', #4971, #9288 ) ;
#9347 = EDGE_CURVE ( 'NONE', #2267, #7277, #9482, .T. ) ;
#9348 = DIRECTION ( 'NONE',  ( 0.000000000000000000, -0.000000000000000000, -1.000000000000000000 ) ) ;
#9349 = SURFACE_STYLE_FILL_AREA ( #7019 ) ;
#9350 = CARTESIAN_POINT ( 'NONE',  ( -0.9749999999999997558, 0.1499999999999999944, -1.650000000000000799 ) ) ;
#9351 = ORIENTED_EDGE ( 'NONE', *, *, #8432, .F. ) ;
#9352 = ORIENTED_EDGE ( 'NONE', *, *, #1254, .T. ) ;
#9353 = VERTEX_POINT ( 'NONE', #9379 ) ;
#9354 = ADVANCED_FACE ( 'NONE', ( #1086 ), #4121, .T. ) ;
#9355 = FACE_OUTER_BOUND ( 'NONE', #114, .T. ) ;
#9356 = EDGE_CURVE ( 'NONE', #2472, #3146, #9525, .T. ) ;
#9357 = CARTESIAN_POINT ( 'NONE',  ( 1.649999999999999023, 0.000000000000000000, 0.9749999999999999778 ) ) ;
#9358 = SURFACE_STYLE_USAGE ( .BOTH. , #6279 ) ;
#9359 = CARTESIAN_POINT ( 'NONE',  ( -1.124999999999999778, 0.1499999999999999667, -1.925000000000000933 ) ) ;
#9360 = CIRCLE ( 'NONE', #2390, 0.1666666666666667407 ) ;
#9361 = DIRECTION ( 'NONE',  ( -0.000000000000000000, -1.000000000000000000, -0.000000000000000000 ) ) ;
#9362 = ORIENTED_EDGE ( 'NONE', *, *, #5784, .F. ) ;
#9363 = VERTEX_POINT ( 'NONE', #4175 ) ;
#9364 = ADVANCED_FACE ( 'NONE', ( #2687 ), #1782, .F. ) ;
#9365 = AXIS2_PLACEMENT_3D ( 'NONE', #8721, #7918, #4954 ) ;
#9366 = LINE ( 'NONE', #9469, #5554 ) ;
#9367 = EDGE_CURVE ( 'NONE', #2968, #9801, #1733, .T. ) ;
#9368 = EDGE_CURVE ( 'NONE', #3375, #9139, #4751, .T. ) ;
#9369 = VECTOR ( 'NONE', #9786, 1000.000000000000000 ) ;
#9370 = SURFACE_STYLE_USAGE ( .BOTH. , #4842 ) ;
#9371 = FILL_AREA_STYLE ('',( #781 ) ) ;
#9372 = DIRECTION ( 'NONE',  ( 1.000000000000000000, 0.000000000000000000, -0.000000000000000000 ) ) ;
#9373 = LINE ( 'NONE', #2583, #7560 ) ;
#9374 = FACE_OUTER_BOUND ( 'NONE', #9589, .T. ) ;
#9375 = DIRECTION ( 'NONE',  ( 0.000000000000000000, -1.000000000000000000, -0.000000000000000000 ) ) ;
#9376 = ORIENTED_EDGE ( 'NONE', *, *, #8571, .T. ) ;
#9377 = ORIENTED_EDGE ( 'NONE', *, *, #5157, .F. ) ;
#9378 = VECTOR ( 'NONE', #3812, 1000.000000000000000 ) ;
#9379 = CARTESIAN_POINT ( 'NONE',  ( -1.999999999999990896, 0.1499999999999999667, 0.8250000000000216049 ) ) ;
#9380 = ORIENTED_EDGE ( 'NONE', *, *, #4654, .T. ) ;
#9381 = AXIS2_PLACEMENT_3D ( 'NONE', #1728, #5443, #2380 ) ;
#9382 = DIRECTION ( 'NONE',  ( 3.942553354492742052E-16, 0.000000000000000000, -1.000000000000000000 ) ) ;
#9383 = EDGE_CURVE ( 'NONE', #3900, #7834, #6695, .T. ) ;
#9384 = VECTOR ( 'NONE', #9146, 1000.000000000000000 ) ;
#9385 = CLOSED_SHELL ( 'NONE', ( #413, #871, #5814, #6261, #8300, #7349 ) ) ;
#9386 = ORIENTED_EDGE ( 'NONE', *, *, #1575, .T. ) ;
#9387 = LINE ( 'NONE', #5649, #7156 ) ;
#9388 = LINE ( 'NONE', #5605, #5624 ) ;
#9389 = VECTOR ( 'NONE', #8408, 1000.000000000000000 ) ;
#9390 = CARTESIAN_POINT ( 'NONE',  ( 1.649999999999999023, 0.000000000000000000, 0.9749999999999999778 ) ) ;
#9391 = VECTOR ( 'NONE', #332, 1000.000000000000000 ) ;
#9392 = PRESENTATION_STYLE_ASSIGNMENT (( #3940 ) ) ;
#9393 = DIRECTION ( 'NONE',  ( -0.000000000000000000, -1.000000000000000000, -0.000000000000000000 ) ) ;
#9394 = ORIENTED_EDGE ( 'NONE', *, *, #9757, .F. ) ;
#9395 = ORIENTED_EDGE ( 'NONE', *, *, #1647, .F. ) ;
#9396 = EDGE_LOOP ( 'NONE', ( #9307, #4535, #4664, #6457 ) ) ;
#9397 = VERTEX_POINT ( 'NONE', #7332 ) ;
#9398 = VECTOR ( 'NONE', #1701, 1000.000000000000000 ) ;
#9399 = CARTESIAN_POINT ( 'NONE',  ( 2.000000000000000000, 0.1499999999999999667, 0.1749999999999923839 ) ) ;
#9400 = DIRECTION ( 'NONE',  ( 0.000000000000000000, 0.000000000000000000, 1.000000000000000000 ) ) ;
#9401 = DIRECTION ( 'NONE',  ( 1.000000000000000000, -0.000000000000000000, 3.942553354492742545E-16 ) ) ;
#9402 = CARTESIAN_POINT ( 'NONE',  ( 0.8249999999999992895, 0.08999999999999999667, -1.925000000000000933 ) ) ;
#9403 =( LENGTH_UNIT ( ) NAMED_UNIT ( * ) SI_UNIT ( .MILLI., .METRE. ) );
#9404 = EDGE_LOOP ( 'NONE', ( #775, #5581, #8058, #9804 ) ) ;
#9405 = VECTOR ( 'NONE', #1324, 1000.000000000000000 ) ;
#9406 = ORIENTED_EDGE ( 'NONE', *, *, #613, .F. ) ;
#9407 = ADVANCED_FACE ( 'NONE', ( #9729 ), #5747, .F. ) ;
#9408 = ORIENTED_EDGE ( 'NONE', *, *, #325, .F. ) ;
#9410 = CARTESIAN_POINT ( 'NONE',  ( -2.168404344971008868E-16, 0.05000000000000000278, 1.199999999999999956 ) ) ;
#9409 = VECTOR ( 'NONE', #7056, 1000.000000000000000 ) ;
#9411 = DIRECTION ( 'NONE',  ( 0.000000000000000000, -1.000000000000000000, 0.000000000000000000 ) ) ;
#9412 = DIRECTION ( 'NONE',  ( 0.000000000000000000, 0.000000000000000000, 1.000000000000000000 ) ) ;
#9413 =( LENGTH_UNIT ( ) NAMED_UNIT ( * ) SI_UNIT ( .MILLI., .METRE. ) );
#9414 = LINE ( 'NONE', #1220, #6073 ) ;
#9415 = DIRECTION ( 'NONE',  ( -0.000000000000000000, -1.000000000000000000, -0.000000000000000000 ) ) ;
#9416 = ORIENTED_EDGE ( 'NONE', *, *, #1104, .T. ) ;
#9417 = ORIENTED_EDGE ( 'NONE', *, *, #2906, .F. ) ;
#9418 = EDGE_CURVE ( 'NONE', #8277, #8884, #4414, .T. ) ;
#9419 = FACE_OUTER_BOUND ( 'NONE', #3627, .T. ) ;
#9420 = EDGE_CURVE ( 'NONE', #2969, #7637, #5943, .T. ) ;
#9421 = VECTOR ( 'NONE', #7221, 1000.000000000000000 ) ;
#9422 = EDGE_CURVE ( 'NONE', #4073, #3626, #5050, .T. ) ;
#9423 = CARTESIAN_POINT ( 'NONE',  ( -1.124999999999999334, 0.1499999999999999667, 1.925000000000001377 ) ) ;
#9424 = PLANE ( 'NONE',  #8587 ) ;
#9425 = DIRECTION ( 'NONE',  ( -0.000000000000000000, -0.000000000000000000, 1.000000000000000000 ) ) ;
#9426 = CARTESIAN_POINT ( 'NONE',  ( 0.9750000000000001998, 0.1499999999999999944, 1.650000000000000799 ) ) ;
#9427 = DIRECTION ( 'NONE',  ( 0.000000000000000000, -0.000000000000000000, 1.000000000000000000 ) ) ;
#9428 = DIRECTION ( 'NONE',  ( 1.000000000000000000, 0.000000000000000000, 0.000000000000000000 ) ) ;
#9429 = VECTOR ( 'NONE', #9503, 1000.000000000000000 ) ;
#9430 = ORIENTED_EDGE ( 'NONE', *, *, #3190, .F. ) ;
#9431 = ORIENTED_EDGE ( 'NONE', *, *, #8372, .F. ) ;
#9432 = DIRECTION ( 'NONE',  ( 0.000000000000000000, -1.000000000000000000, 0.000000000000000000 ) ) ;
#9433 = MECHANICAL_DESIGN_GEOMETRIC_PRESENTATION_REPRESENTATION (  '', ( #1496 ), #1811 ) ;
#9434 = ORIENTED_EDGE ( 'NONE', *, *, #5063, .T. ) ;
#9435 = EDGE_CURVE ( 'NONE', #6373, #7490, #8406, .T. ) ;
#9436 = EDGE_CURVE ( 'NONE', #4494, #8253, #539, .T. ) ;
#9437 = EDGE_LOOP ( 'NONE', ( #8345, #6460, #6249, #4436 ) ) ;
#9438 = LINE ( 'NONE', #5696, #2885 ) ;
#9439 = DIRECTION ( 'NONE',  ( 0.000000000000000000, -0.000000000000000000, 1.000000000000000000 ) ) ;
#9440 = LINE ( 'NONE', #2649, #8268 ) ;
#9441 = LINE ( 'NONE', #7832, #9323 ) ;
#9442 = SURFACE_SIDE_STYLE ('',( #3400 ) ) ;
#9443 = CARTESIAN_POINT ( 'NONE',  ( 1.999999999999996669, 0.08999999999999999667, -0.8250000000000076161 ) ) ;
#9444 = EDGE_CURVE ( 'NONE', #5622, #5521, #7278, .T. ) ;
#9445 = EDGE_LOOP ( 'NONE', ( #9124, #8489, #8897, #420 ) ) ;
#9446 = EDGE_LOOP ( 'NONE', ( #7208, #5718, #8824, #6170 ) ) ;
#9447 = AXIS2_PLACEMENT_3D ( 'NONE', #1936, #9290, #7927 ) ;
#9448 = ORIENTED_EDGE ( 'NONE', *, *, #5657, .F. ) ;
#9449 = EDGE_LOOP ( 'NONE', ( #1688, #3100, #133, #34 ) ) ;
#9450 = ADVANCED_FACE ( 'NONE', ( #3483 ), #2837, .T. ) ;
#9451 = CARTESIAN_POINT ( 'NONE',  ( 1.099999999999999867, 0.05000000000000012768, 1.200000000000000178 ) ) ;
#9452 = DIRECTION ( 'NONE',  ( 0.000000000000000000, -1.000000000000000000, 0.000000000000000000 ) ) ;
#9453 = PLANE ( 'NONE',  #5511 ) ;
#9454 = CARTESIAN_POINT ( 'NONE',  ( -0.4749999999999993117, 0.08999999999999999667, 1.999999999999999556 ) ) ;
#9455 = CARTESIAN_POINT ( 'NONE',  ( -1.925000000000013145, 0.08999999999999999667, -1.124999999999979128 ) ) ;
#9456 = ORIENTED_EDGE ( 'NONE', *, *, #2585, .T. ) ;
#9457 = ORIENTED_EDGE ( 'NONE', *, *, #6333, .F. ) ;
#9458 = ORIENTED_EDGE ( 'NONE', *, *, #8758, .T. ) ;
#9459 = UNCERTAINTY_MEASURE_WITH_UNIT (LENGTH_MEASURE( 1.000000000000000082E-05 ), #9413, 'distance_accuracy_value', 'NONE');
#9460 = CARTESIAN_POINT ( 'NONE',  ( 1.649999999999999023, 0.1499999999999999667, -0.4749999999999999223 ) ) ;
#9461 =( NAMED_UNIT ( * ) SI_UNIT ( $, .STERADIAN. ) SOLID_ANGLE_UNIT ( ) );
#9462 = CARTESIAN_POINT ( 'NONE',  ( 1.619058829184435222, 0.1499999999999999667, 1.124999999999993561 ) ) ;
#9463 = PLANE ( 'NONE',  #3572 ) ;
#9464 = PLANE ( 'NONE',  #4194 ) ;
#9465 = DIRECTION ( 'NONE',  ( -0.000000000000000000, -1.000000000000000000, -0.000000000000000000 ) ) ;
#9466 = EDGE_LOOP ( 'NONE', ( #5570, #7431, #89, #5613, #1381, #7495 ) ) ;
#9467 = DIRECTION ( 'NONE',  ( -1.000000000000000000, 0.000000000000000000, 1.577021341797095835E-15 ) ) ;
#9468 = VERTEX_POINT ( 'NONE', #584 ) ;
#9469 = CARTESIAN_POINT ( 'NONE',  ( 1.199999999999999956, 0.1499999999999999667, -1.199999999999999734 ) ) ;
#9470 = ADVANCED_FACE ( 'NONE', ( #634 ), #8215, .F. ) ;
#9471 = CARTESIAN_POINT ( 'NONE',  ( -1.619058829184422565, 0.08999999999999999667, 0.8250000000000176081 ) ) ;
#9472 = CARTESIAN_POINT ( 'NONE',  ( -0.1749999999999998224, 0.1499999999999999667, 1.650000000000000577 ) ) ;
#9473 = CARTESIAN_POINT ( 'NONE',  ( -1.124999999999999778, 0.1499999999999999944, -1.925000000000000933 ) ) ;
#9474 = PLANE ( 'NONE',  #1232 ) ;
#9475 = EDGE_CURVE ( 'NONE', #3974, #5203, #3582, .T. ) ;
#9476 = DIRECTION ( 'NONE',  ( -1.000000000000000000, 0.000000000000000000, -3.942553354492742545E-16 ) ) ;
#9477 = FACE_OUTER_BOUND ( 'NONE', #6294, .T. ) ;
#9478 = EDGE_LOOP ( 'NONE', ( #7716, #6236, #380, #7437 ) ) ;
#9479 = ORIENTED_EDGE ( 'NONE', *, *, #3799, .F. ) ;
#9480 = AXIS2_PLACEMENT_3D ( 'NONE', #6174, #6972, #5475 ) ;
#9481 = VECTOR ( 'NONE', #1894, 1000.000000000000000 ) ;
#9482 = LINE ( 'NONE', #307, #8236 ) ;
#9483 = VERTEX_POINT ( 'NONE', #1983 ) ;
#9484 = VECTOR ( 'NONE', #3576, 1000.000000000000000 ) ;
#9485 = EDGE_CURVE ( 'NONE', #7079, #2186, #5143, .T. ) ;
#9486 = AXIS2_PLACEMENT_3D ( 'NONE', #6511, #2753, #3552 ) ;
#9487 = ORIENTED_EDGE ( 'NONE', *, *, #26, .T. ) ;
#9488 = CARTESIAN_POINT ( 'NONE',  ( -0.8249999999999992895, 0.000000000000000000, 1.925000000000000933 ) ) ;
#9489 = DIRECTION ( 'NONE',  ( 0.000000000000000000, -0.000000000000000000, -1.000000000000000000 ) ) ;
#9490 = DIRECTION ( 'NONE',  ( 0.000000000000000000, 1.000000000000000000, -0.000000000000000000 ) ) ;
#9491 = DIRECTION ( 'NONE',  ( 3.491481338843133355E-15, 0.000000000000000000, 1.000000000000000000 ) ) ;
#9492 = FACE_OUTER_BOUND ( 'NONE', #4676, .T. ) ;
#9493 = LINE ( 'NONE', #1045, #9090 ) ;
#9494 = ORIENTED_EDGE ( 'NONE', *, *, #3140, .F. ) ;
#9495 = ADVANCED_FACE ( 'NONE', ( #5845 ), #8870, .F. ) ;
#9496 = VERTEX_POINT ( 'NONE', #9675 ) ;
#9497 = ORIENTED_EDGE ( 'NONE', *, *, #4931, .T. ) ;
#9498 = ADVANCED_FACE ( 'NONE', ( #2883 ), #8023, .T. ) ;
#9499 = EDGE_LOOP ( 'NONE', ( #6743, #7704, #9416, #7031 ) ) ;
#9500 = DIRECTION ( 'NONE',  ( 0.000000000000000000, 0.000000000000000000, 1.000000000000000000 ) ) ;
#9501 = CARTESIAN_POINT ( 'NONE',  ( 0.1750000000000006828, 0.1499999999999999944, 1.925000000000001377 ) ) ;
#9502 = PLANE ( 'NONE',  #4722 ) ;
#9503 = DIRECTION ( 'NONE',  ( 1.000000000000000000, 0.000000000000000000, -3.491481338843133355E-15 ) ) ;
#9504 = EDGE_CURVE ( 'NONE', #96, #6654, #1378, .T. ) ;
#9505 = ORIENTED_EDGE ( 'NONE', *, *, #3447, .T. ) ;
#9506 = VERTEX_POINT ( 'NONE', #3532 ) ;
#9507 = ORIENTED_EDGE ( 'NONE', *, *, #3535, .T. ) ;
#9508 = DIRECTION ( 'NONE',  ( 0.000000000000000000, -0.000000000000000000, -1.000000000000000000 ) ) ;
#9509 = DIRECTION ( 'NONE',  ( 0.000000000000000000, -0.000000000000000000, 1.000000000000000000 ) ) ;
#9510 = CARTESIAN_POINT ( 'NONE',  ( -1.125000000000000666, 0.08999999999999999667, -1.924999999999998046 ) ) ;
#9511 = CARTESIAN_POINT ( 'NONE',  ( -0.1749999999999993783, 0.08999999999999999667, 1.999999999999999556 ) ) ;
#9512 = DIRECTION ( 'NONE',  ( 0.000000000000000000, 0.000000000000000000, -1.000000000000000000 ) ) ;
#9513 = LINE ( 'NONE', #433, #3838 ) ;
#9514 = DIRECTION ( 'NONE',  ( 1.577021341797095835E-15, 0.000000000000000000, 1.000000000000000000 ) ) ;
#9515 = ORIENTED_EDGE ( 'NONE', *, *, #4953, .F. ) ;
#9516 = DIRECTION ( 'NONE',  ( 0.000000000000000000, 1.000000000000000000, 0.000000000000000000 ) ) ;
#9517 = FACE_OUTER_BOUND ( 'NONE', #4011, .T. ) ;
#9518 = LINE ( 'NONE', #7915, #5084 ) ;
#9519 = FACE_OUTER_BOUND ( 'NONE', #2832, .T. ) ;
#9520 = DIRECTION ( 'NONE',  ( 1.000000000000000000, -0.000000000000000000, 3.942553354492742052E-16 ) ) ;
#9521 = CARTESIAN_POINT ( 'NONE',  ( 1.099999999999999867, 3.544112549695427994, -1.199999999999999734 ) ) ;
#9522 = ORIENTED_EDGE ( 'NONE', *, *, #227, .F. ) ;
#9523 = ORIENTED_EDGE ( 'NONE', *, *, #9112, .F. ) ;
#9524 = DIRECTION ( 'NONE',  ( 1.000000000000000000, 0.000000000000000000, 0.000000000000000000 ) ) ;
#9525 = CIRCLE ( 'NONE', #3835, 0.1499999999999999667 ) ;
#9526 = PRESENTATION_LAYER_ASSIGNMENT (  '', '', ( #8238 ) ) ;
#9527 = ORIENTED_EDGE ( 'NONE', *, *, #8320, .T. ) ;
#9528 = ADVANCED_FACE ( 'NONE', ( #9577 ), #2786, .F. ) ;
#9529 = VECTOR ( 'NONE', #5103, 1000.000000000000000 ) ;
#9530 = EDGE_LOOP ( 'NONE', ( #8791, #5319, #5123, #1792 ) ) ;
#9531 = CARTESIAN_POINT ( 'NONE',  ( 1.649999999999999023, 0.6702163011671202764, -0.3250000000000000111 ) ) ;
#9532 = LINE ( 'NONE', #2742, #450 ) ;
#9533 = AXIS2_PLACEMENT_3D ( 'NONE', #3762, #9057, #8202 ) ;
#9534 = DIRECTION ( 'NONE',  ( 0.000000000000000000, 0.000000000000000000, 1.000000000000000000 ) ) ;
#9535 = CARTESIAN_POINT ( 'NONE',  ( 2.168404344971008868E-16, 0.05000000000000000278, -1.199999999999999956 ) ) ;
#9536 = CARTESIAN_POINT ( 'NONE',  ( 1.925000000000003597, 0.08999999999999999667, 1.124999999999992450 ) ) ;
#9537 = AXIS2_PLACEMENT_3D ( 'NONE', #1193, #1989, #9580 ) ;
#9538 = ORIENTED_EDGE ( 'NONE', *, *, #6447, .F. ) ;
#9539 = VECTOR ( 'NONE', #8361, 1000.000000000000000 ) ;
#9540 = ORIENTED_EDGE ( 'NONE', *, *, #1414, .F. ) ;
#9541 = PRESENTATION_LAYER_ASSIGNMENT (  '', '', ( #8741 ) ) ;
#9542 = EDGE_LOOP ( 'NONE', ( #8574, #3424, #3389, #1515 ) ) ;
#9543 = ORIENTED_EDGE ( 'NONE', *, *, #6141, .F. ) ;
#9544 = EDGE_CURVE ( 'NONE', #3173, #2019, #7478, .T. ) ;
#9545 = AXIS2_PLACEMENT_3D ( 'NONE', #1820, #6290, #4996 ) ;
#9546 = VECTOR ( 'NONE', #1165, 1000.000000000000000 ) ;
#9547 = CARTESIAN_POINT ( 'NONE',  ( -1.924999999999986500, 0.08999999999999999667, 1.125000000000020650 ) ) ;
#9548 = EDGE_CURVE ( 'NONE', #5749, #7276, #7606, .T. ) ;
#9549 = DIRECTION ( 'NONE',  ( 3.942553354492742052E-16, 0.000000000000000000, -1.000000000000000000 ) ) ;
#9550 = FACE_OUTER_BOUND ( 'NONE', #9699, .T. ) ;
#9551 = MECHANICAL_DESIGN_GEOMETRIC_PRESENTATION_REPRESENTATION (  '', ( #7009 ), #1457 ) ;
#9552 = DIRECTION ( 'NONE',  ( 0.000000000000000000, 0.000000000000000000, 1.000000000000000000 ) ) ;
#9553 = CARTESIAN_POINT ( 'NONE',  ( -0.4749999999999997558, 0.6702163011671209425, -1.925000000000000933 ) ) ;
#9554 = AXIS2_PLACEMENT_3D ( 'NONE', #5777, #2011, #4832 ) ;
#9555 = VERTEX_POINT ( 'NONE', #6795 ) ;
#9556 = ORIENTED_EDGE ( 'NONE', *, *, #3329, .F. ) ;
#9557 = UNCERTAINTY_MEASURE_WITH_UNIT (LENGTH_MEASURE( 1.000000000000000082E-05 ), #4604, 'distance_accuracy_value', 'NONE');
#9558 = ORIENTED_EDGE ( 'NONE', *, *, #4733, .F. ) ;
#9559 = LINE ( 'NONE', #2764, #9714 ) ;
#9560 = LINE ( 'NONE', #3658, #6131 ) ;
#9561 = DIRECTION ( 'NONE',  ( 0.000000000000000000, -1.000000000000000000, 0.000000000000000000 ) ) ;
#9562 = DIRECTION ( 'NONE',  ( 0.000000000000000000, 1.000000000000000000, -0.000000000000000000 ) ) ;
#9563 = PLANE ( 'NONE',  #9735 ) ;
#9564 = ORIENTED_EDGE ( 'NONE', *, *, #2099, .T. ) ;
#9565 = ADVANCED_FACE ( 'NONE', ( #5992 ), #3921, .T. ) ;
#9566 = VECTOR ( 'NONE', #3789, 1000.000000000000000 ) ;
#9567 = AXIS2_PLACEMENT_3D ( 'NONE', #4599, #3877, #5151 ) ;
#9568 = EDGE_CURVE ( 'NONE', #8049, #9468, #9076, .T. ) ;
#9569 = CARTESIAN_POINT ( 'NONE',  ( 1.924999999999995826, 0.08999999999999999667, -1.125000000000007327 ) ) ;
#9570 = FACE_OUTER_BOUND ( 'NONE', #1767, .T. ) ;
#9571 = PLANE ( 'NONE',  #5401 ) ;
#9572 = CARTESIAN_POINT ( 'NONE',  ( 2.000000000000003553, 0.08999999999999999667, 1.124999999999992228 ) ) ;
#9573 = DIRECTION ( 'NONE',  ( 1.000000000000000000, 0.000000000000000000, -0.000000000000000000 ) ) ;
#9574 = LINE ( 'NONE', #1277, #6827 ) ;
#9575 = ORIENTED_EDGE ( 'NONE', *, *, #7790, .F. ) ;
#9576 = VERTEX_POINT ( 'NONE', #8267 ) ;
#9577 = FACE_OUTER_BOUND ( 'NONE', #8756, .T. ) ;
#9578 = ORIENTED_EDGE ( 'NONE', *, *, #4819, .T. ) ;
#9579 = AXIS2_PLACEMENT_3D ( 'NONE', #1210, #1257, #9552 ) ;
#9580 = DIRECTION ( 'NONE',  ( -1.000000000000000000, 0.000000000000000000, 3.491481338843133355E-15 ) ) ;
#9581 = PLANE ( 'NONE',  #2194 ) ;
#9582 = CARTESIAN_POINT ( 'NONE',  ( 0.1750000000000006828, 0.04999999999999999584, 1.925000000000001377 ) ) ;
#9583 = DIRECTION ( 'NONE',  ( -0.000000000000000000, -1.000000000000000000, -0.000000000000000000 ) ) ;
#9584 = LINE ( 'NONE', #2794, #5753 ) ;
#9585 = AXIS2_PLACEMENT_3D ( 'NONE', #7903, #889, #9509 ) ;
#9586 = DIRECTION ( 'NONE',  ( 0.000000000000000000, 0.000000000000000000, 1.000000000000000000 ) ) ;
#9587 = EDGE_LOOP ( 'NONE', ( #7012, #3675, #8816, #3963 ) ) ;
#9588 = CARTESIAN_POINT ( 'NONE',  ( -1.124999999999999778, 0.1499999999999999944, -1.650000000000000577 ) ) ;
#9589 = EDGE_LOOP ( 'NONE', ( #3359, #2482, #4173, #8413 ) ) ;
#9590 = MECHANICAL_DESIGN_GEOMETRIC_PRESENTATION_REPRESENTATION (  '', ( #8797 ), #3583 ) ;
#9591 = EDGE_CURVE ( 'NONE', #8048, #9237, #1573, .T. ) ;
#9592 = EDGE_LOOP ( 'NONE', ( #9431, #6148, #2373, #2653 ) ) ;
#9593 = CARTESIAN_POINT ( 'NONE',  ( -1.924999999999999156, 0.000000000000000000, 0.4750000000000000333 ) ) ;
#9594 = DIRECTION ( 'NONE',  ( 0.000000000000000000, 1.000000000000000000, -0.000000000000000000 ) ) ;
#9595 = CARTESIAN_POINT ( 'NONE',  ( -0.8249999999999992895, 0.08999999999999999667, 1.924999999999999600 ) ) ;
#9596 = EDGE_CURVE ( 'NONE', #2917, #3707, #3728, .T. ) ;
#9597 = CARTESIAN_POINT ( 'NONE',  ( -1.924999999999999156, 0.05000000000000000278, 0.000000000000000000 ) ) ;
#9598 = PLANE ( 'NONE',  #1616 ) ;
#9599 = AXIS2_PLACEMENT_3D ( 'NONE', #706, #9640, #8041 ) ;
#9600 = ORIENTED_EDGE ( 'NONE', *, *, #5225, .F. ) ;
#9601 = EDGE_LOOP ( 'NONE', ( #3662, #379, #3250, #2737 ) ) ;
#9602 = ORIENTED_EDGE ( 'NONE', *, *, #1024, .T. ) ;
#9603 = CIRCLE ( 'NONE', #1998, 0.1499999999999999667 ) ;
#9604 = DIRECTION ( 'NONE',  ( 3.491481338843133355E-15, -0.000000000000000000, 1.000000000000000000 ) ) ;
#9605 = LINE ( 'NONE', #6624, #9155 ) ;
#9606 = DIRECTION ( 'NONE',  ( -1.000000000000000000, -0.000000000000000000, -0.000000000000000000 ) ) ;
#9607 = LINE ( 'NONE', #5827, #4808 ) ;
#9608 = CARTESIAN_POINT ( 'NONE',  ( -2.000000000000008438, 0.1499999999999999667, -0.8249999999999784173 ) ) ;
#9609 = CARTESIAN_POINT ( 'NONE',  ( -1.649999999999999023, 0.05000000000000002359, -1.125000000000000000 ) ) ;
#9610 = ORIENTED_EDGE ( 'NONE', *, *, #8362, .F. ) ;
#9611 = EDGE_CURVE ( 'NONE', #2656, #774, #7621, .T. ) ;
#9612 = EDGE_CURVE ( 'NONE', #1625, #1853, #4601, .T. ) ;
#9613 = LINE ( 'NONE', #4215, #4645 ) ;
#9614 = DIRECTION ( 'NONE',  ( -1.000000000000000000, -0.000000000000000000, -0.000000000000000000 ) ) ;
#9615 = CYLINDRICAL_SURFACE ( 'NONE', #7631, 0.1499999999999999667 ) ;
#9616 = CARTESIAN_POINT ( 'NONE',  ( -0.8249999999999992895, 0.6702163011671209425, 1.925000000000000933 ) ) ;
#9617 = CARTESIAN_POINT ( 'NONE',  ( -1.924999999999999156, 0.6702163011671202764, -0.4749999999999999223 ) ) ;
#9618 = FACE_OUTER_BOUND ( 'NONE', #9677, .T. ) ;
#9619 = EDGE_LOOP ( 'NONE', ( #9702, #7544, #2613, #1253 ) ) ;
#9620 = ORIENTED_EDGE ( 'NONE', *, *, #8017, .T. ) ;
#9621 = DIRECTION ( 'NONE',  ( -0.000000000000000000, -1.000000000000000000, -0.000000000000000000 ) ) ;
#9622 = VECTOR ( 'NONE', #1691, 1000.000000000000000 ) ;
#9623 = EDGE_CURVE ( 'NONE', #657, #1506, #835, .T. ) ;
#9624 = EDGE_CURVE ( 'NONE', #3264, #6540, #3879, .T. ) ;
#9625 = ORIENTED_EDGE ( 'NONE', *, *, #9066, .T. ) ;
#9626 = CARTESIAN_POINT ( 'NONE',  ( 0.8250000000000006217, 0.08999999999999999667, 1.924999999999999600 ) ) ;
#9627 = DIRECTION ( 'NONE',  ( 1.047444401652940007E-14, 0.000000000000000000, 1.000000000000000000 ) ) ;
#9628 = CARTESIAN_POINT ( 'NONE',  ( -0.1750000000000010991, 0.08999999999999999667, -1.924999999999999378 ) ) ;
#9629 = CIRCLE ( 'NONE', #5339, 0.1499999999999999667 ) ;
#9630 = LINE ( 'NONE', #545, #8844 ) ;
#9631 = CIRCLE ( 'NONE', #1541, 0.1000000000000000472 ) ;
#9632 = DIRECTION ( 'NONE',  ( -0.000000000000000000, -1.000000000000000000, 0.000000000000000000 ) ) ;
#9633 = CARTESIAN_POINT ( 'NONE',  ( -0.1750000000000024036, 0.05000000000000000278, 1.301042606982607687E-15 ) ) ;
#9634 = VECTOR ( 'NONE', #976, 1000.000000000000000 ) ;
#9635 = VERTEX_POINT ( 'NONE', #2279 ) ;
#9636 = CARTESIAN_POINT ( 'NONE',  ( -1.100000000000000089, 3.544112549695427994, -1.100000000000000089 ) ) ;
#9637 = MECHANICAL_DESIGN_GEOMETRIC_PRESENTATION_REPRESENTATION (  '', ( #3946 ), #768 ) ;
#9638 = EDGE_LOOP ( 'NONE', ( #52, #2371, #1345, #8840 ) ) ;
#9639 = VECTOR ( 'NONE', #5850, 1000.000000000000000 ) ;
#9640 = DIRECTION ( 'NONE',  ( 0.000000000000000000, 1.000000000000000000, 0.000000000000000000 ) ) ;
#9641 = VECTOR ( 'NONE', #6123, 1000.000000000000000 ) ;
#9642 = DIRECTION ( 'NONE',  ( 1.000000000000000000, -0.000000000000000000, -3.491481338843132961E-15 ) ) ;
#9643 = CARTESIAN_POINT ( 'NONE',  ( 1.924999999999999156, 0.6702163011671202764, -0.8249999999999998446 ) ) ;
#9644 = LINE ( 'NONE', #556, #4981 ) ;
#9645 = PRESENTATION_LAYER_ASSIGNMENT (  '', '', ( #7107 ) ) ;
#9646 = ORIENTED_EDGE ( 'NONE', *, *, #1224, .F. ) ;
#9647 = CARTESIAN_POINT ( 'NONE',  ( -1.124999999999999334, 0.08999999999999999667, 1.999999999999999556 ) ) ;
#9648 = ORIENTED_EDGE ( 'NONE', *, *, #1898, .F. ) ;
#9649 = ADVANCED_FACE ( 'NONE', ( #9175 ), #7575, .T. ) ;
#9650 = ORIENTED_EDGE ( 'NONE', *, *, #4755, .T. ) ;
#9651 = EDGE_LOOP ( 'NONE', ( #3852, #7934, #1737, #8501 ) ) ;
#9652 = EDGE_CURVE ( 'NONE', #4982, #2131, #5338, .T. ) ;
#9653 = ORIENTED_EDGE ( 'NONE', *, *, #828, .T. ) ;
#9654 = CARTESIAN_POINT ( 'NONE',  ( -1.924999999999999156, 0.6702163011671202764, 0.8249999999999999556 ) ) ;
#9655 = CARTESIAN_POINT ( 'NONE',  ( -0.1749999999999998224, 0.1499999999999999944, -1.925000000000000933 ) ) ;
#9656 = DIRECTION ( 'NONE',  ( -0.000000000000000000, -1.000000000000000000, -0.000000000000000000 ) ) ;
#9657 = FILL_AREA_STYLE_COLOUR ( '', #6567 ) ;
#9658 = LINE ( 'NONE', #5174, #8779 ) ;
#9659 = CARTESIAN_POINT ( 'NONE',  ( -0.3249999999999997891, 0.6702163011671209425, -1.650000000000000799 ) ) ;
#9660 = CARTESIAN_POINT ( 'NONE',  ( -2.000000000000004441, 0.08999999999999999667, -0.4749999999999783840 ) ) ;
#9661 = EDGE_LOOP ( 'NONE', ( #7849, #5072, #5690, #6711 ) ) ;
#9662 = ADVANCED_FACE ( 'NONE', ( #1526 ), #144, .T. ) ;
#9663 = EDGE_CURVE ( 'NONE', #8131, #9012, #9025, .T. ) ;
#9664 = DIRECTION ( 'NONE',  ( 0.000000000000000000, 0.000000000000000000, 1.000000000000000000 ) ) ;
#9665 = LINE ( 'NONE', #678, #974 ) ;
#9666 = CARTESIAN_POINT ( 'NONE',  ( -1.619058829184442994, 0.08999999999999999667, -1.124999999999982458 ) ) ;
#9667 = DIRECTION ( 'NONE',  ( -1.000000000000000000, 0.000000000000000000, -0.000000000000000000 ) ) ;
#9668 = DIRECTION ( 'NONE',  ( 0.000000000000000000, 0.000000000000000000, -1.000000000000000000 ) ) ;
#9669 = EDGE_CURVE ( 'NONE', #5353, #4982, #9222, .T. ) ;
#9670 = CARTESIAN_POINT ( 'NONE',  ( -1.925000000000011369, 0.08999999999999999667, -1.124999999999979128 ) ) ;
#9671 = VERTEX_POINT ( 'NONE', #3827 ) ;
#9672 = ORIENTED_EDGE ( 'NONE', *, *, #6822, .F. ) ;
#9673 = ADVANCED_FACE ( 'NONE', ( #1479 ), #5436, .F. ) ;
#9674 = ADVANCED_FACE ( 'NONE', ( #737 ), #3087, .F. ) ;
#9675 = CARTESIAN_POINT ( 'NONE',  ( 2.000000000000001332, 0.1499999999999999667, 0.4749999999999923173 ) ) ;
#9676 = CARTESIAN_POINT ( 'NONE',  ( -1.924999999999999156, 0.6702163011671202764, -1.125000000000000000 ) ) ;
#9677 = EDGE_LOOP ( 'NONE', ( #4157, #6383, #6661, #1549 ) ) ;
#9678 = FACE_OUTER_BOUND ( 'NONE', #3493, .T. ) ;
#9679 = FACE_OUTER_BOUND ( 'NONE', #2927, .T. ) ;
#9680 = DIRECTION ( 'NONE',  ( -0.000000000000000000, 1.000000000000000000, -0.000000000000000000 ) ) ;
#9681 = CARTESIAN_POINT ( 'NONE',  ( 0.4749999999999993117, 0.08999999999999999667, -1.924999999999999600 ) ) ;
#9682 = EDGE_CURVE ( 'NONE', #9576, #6373, #3231, .T. ) ;
#9683 = DIRECTION ( 'NONE',  ( 0.000000000000000000, 0.000000000000000000, -1.000000000000000000 ) ) ;
#9684 = VECTOR ( 'NONE', #6036, 1000.000000000000000 ) ;
#9685 = CARTESIAN_POINT ( 'NONE',  ( 0.8250000000000006217, 0.1499999999999999944, 1.925000000000001377 ) ) ;
#9686 = ADVANCED_FACE ( 'NONE', ( #4698 ), #1867, .T. ) ;
#9687 = VECTOR ( 'NONE', #8427, 1000.000000000000000 ) ;
#9688 = EDGE_LOOP ( 'NONE', ( #1985, #6865, #9497, #2985 ) ) ;
#9689 = DIRECTION ( 'NONE',  ( 0.000000000000000000, 1.000000000000000000, 0.000000000000000000 ) ) ;
#9690 = VERTEX_POINT ( 'NONE', #1722 ) ;
#9691 = VECTOR ( 'NONE', #9524, 1000.000000000000000 ) ;
#9692 = ADVANCED_FACE ( 'NONE', ( #3328 ), #7034, .T. ) ;
#9693 = LINE ( 'NONE', #1255, #6262 ) ;
#9694 = AXIS2_PLACEMENT_3D ( 'NONE', #8363, #8262, #830 ) ;
#9695 = DIRECTION ( 'NONE',  ( -1.000000000000000000, 0.000000000000000000, -3.942553354492742052E-16 ) ) ;
#9696 = VECTOR ( 'NONE', #3183, 1000.000000000000000 ) ;
#9697 = SURFACE_SIDE_STYLE ('',( #8044 ) ) ;
#9698 = LINE ( 'NONE', #2058, #2293 ) ;
#9699 = EDGE_LOOP ( 'NONE', ( #2492, #849, #6722, #4529 ) ) ;
#9700 = FACE_OUTER_BOUND ( 'NONE', #9298, .T. ) ;
#9701 = MECHANICAL_DESIGN_GEOMETRIC_PRESENTATION_REPRESENTATION (  '', ( #3520 ), #9054 ) ;
#9702 = ORIENTED_EDGE ( 'NONE', *, *, #6582, .T. ) ;
#9703 = ORIENTED_EDGE ( 'NONE', *, *, #5784, .T. ) ;
#9704 = VECTOR ( 'NONE', #1325, 1000.000000000000000 ) ;
#9705 = ORIENTED_EDGE ( 'NONE', *, *, #5657, .T. ) ;
#9706 = EDGE_LOOP ( 'NONE', ( #1523, #5798, #623, #747, #559, #704 ) ) ;
#9707 = VECTOR ( 'NONE', #3057, 1000.000000000000000 ) ;
#9708 = CLOSED_SHELL ( 'NONE', ( #9450, #8266, #3560, #8018, #6572, #8739 ) ) ;
#9709 = DIRECTION ( 'NONE',  ( 0.000000000000000000, -1.000000000000000000, 0.000000000000000000 ) ) ;
#9710 = LINE ( 'NONE', #2765, #6733 ) ;
#9711 = PLANE ( 'NONE',  #1704 ) ;
#9712 = CARTESIAN_POINT ( 'NONE',  ( -0.9749999999999997558, 0.1499999999999999944, 1.650000000000000799 ) ) ;
#9713 = CARTESIAN_POINT ( 'NONE',  ( -1.100000000000000089, 0.1499999999999999667, -1.100000000000000089 ) ) ;
#9714 = VECTOR ( 'NONE', #6424, 1000.000000000000000 ) ;
#9715 = DIRECTION ( 'NONE',  ( -1.000000000000000000, 0.000000000000000000, 0.000000000000000000 ) ) ;
#9716 = ORIENTED_EDGE ( 'NONE', *, *, #2099, .F. ) ;
#9717 = EDGE_LOOP ( 'NONE', ( #5876, #6901, #3899, #9507 ) ) ;
#9718 = DIRECTION ( 'NONE',  ( 0.000000000000000000, -1.000000000000000000, 0.000000000000000000 ) ) ;
#9719 = PLANE ( 'NONE',  #8909 ) ;
#9720 = CARTESIAN_POINT ( 'NONE',  ( -1.649999999999999023, 0.6702163011671202764, -0.8249999999999999556 ) ) ;
#9721 = CARTESIAN_POINT ( 'NONE',  ( -1.924999999999999156, 0.6702163011671202764, 0.1750000000000000167 ) ) ;
#9723 = CARTESIAN_POINT ( 'NONE',  ( 1.099999999999999867, 0.05000000000000012768, 1.100000000000000089 ) ) ;
#9722 = LINE ( 'NONE', #6790, #6288 ) ;
#9724 = ORIENTED_EDGE ( 'NONE', *, *, #7719, .F. ) ;
#9725 = ORIENTED_EDGE ( 'NONE', *, *, #828, .F. ) ;
#9726 = EDGE_CURVE ( 'NONE', #7505, #5350, #9366, .T. ) ;
#9727 = ADVANCED_FACE ( 'NONE', ( #1076 ), #7912, .T. ) ;
#9728 = VECTOR ( 'NONE', #4754, 1000.000000000000000 ) ;
#9729 = FACE_OUTER_BOUND ( 'NONE', #179, .T. ) ;
#9730 = PRESENTATION_STYLE_ASSIGNMENT (( #2990 ) ) ;
#9731 = ORIENTED_EDGE ( 'NONE', *, *, #9548, .F. ) ;
#9732 = PLANE ( 'NONE',  #4620 ) ;
#9733 = DIRECTION ( 'NONE',  ( 3.491481338843133355E-15, -0.000000000000000000, 1.000000000000000000 ) ) ;
#9734 = LINE ( 'NONE', #2237, #2250 ) ;
#9735 = AXIS2_PLACEMENT_3D ( 'NONE', #1911, #4943, #2018 ) ;
#9736 = CARTESIAN_POINT ( 'NONE',  ( 0.1750000000000002387, 0.1499999999999999944, -1.925000000000000933 ) ) ;
#9737 = LINE ( 'NONE', #2951, #9369 ) ;
#9738 = ORIENTED_EDGE ( 'NONE', *, *, #5218, .F. ) ;
#9739 = FACE_BOUND ( 'NONE', #6225, .T. ) ;
#9740 = EDGE_CURVE ( 'NONE', #8293, #3909, #9360, .T. ) ;
#9741 = ORIENTED_EDGE ( 'NONE', *, *, #815, .T. ) ;
#9742 = AXIS2_PLACEMENT_3D ( 'NONE', #7077, #7758, #5529 ) ;
#9743 = ORIENTED_EDGE ( 'NONE', *, *, #622, .F. ) ;
#9744 = DIRECTION ( 'NONE',  ( -1.047444401652940007E-14, 0.000000000000000000, -1.000000000000000000 ) ) ;
#9745 = EDGE_CURVE ( 'NONE', #2859, #3635, #7813, .T. ) ;
#9746 = PRESENTATION_LAYER_ASSIGNMENT (  '', '', ( #8790 ) ) ;
#9747 = CARTESIAN_POINT ( 'NONE',  ( -1.924999999999999156, 0.05000000000000002359, -0.4749999999999999223 ) ) ;
#9748 = CARTESIAN_POINT ( 'NONE',  ( -0.4750000000000023093, 0.05000000000000000278, 1.774149009521733381E-15 ) ) ;
#9749 = ORIENTED_EDGE ( 'NONE', *, *, #5843, .T. ) ;
#9750 = VECTOR ( 'NONE', #5457, 1000.000000000000000 ) ;
#9751 = CARTESIAN_POINT ( 'NONE',  ( 1.924999999999999156, 0.6702163011671202764, -0.4749999999999999223 ) ) ;
#9752 = ORIENTED_EDGE ( 'NONE', *, *, #9024, .F. ) ;
#9753 = ADVANCED_FACE ( 'NONE', ( #4160 ), #8515, .T. ) ;
#9754 = EDGE_LOOP ( 'NONE', ( #9046, #6322, #8997, #6541 ) ) ;
#9755 = VECTOR ( 'NONE', #6895, 1000.000000000000000 ) ;
#9756 = ORIENTED_EDGE ( 'NONE', *, *, #6320, .F. ) ;
#9757 = EDGE_CURVE ( 'NONE', #8331, #7425, #5535, .T. ) ;
#9758 = DIRECTION ( 'NONE',  ( 0.000000000000000000, 1.000000000000000000, 0.000000000000000000 ) ) ;
#9759 = DIRECTION ( 'NONE',  ( 1.000000000000000000, 0.000000000000000000, -3.491481338843133355E-15 ) ) ;
#9760 = CARTESIAN_POINT ( 'NONE',  ( 1.924999999999999156, 0.000000000000000000, -0.1749999999999999056 ) ) ;
#9761 = VECTOR ( 'NONE', #4757, 1000.000000000000000 ) ;
#9762 = CARTESIAN_POINT ( 'NONE',  ( 0.8249999999999992895, 0.6702163011671209425, -1.925000000000000933 ) ) ;
#9763 = FACE_OUTER_BOUND ( 'NONE', #9499, .T. ) ;
#9764 = ORIENTED_EDGE ( 'NONE', *, *, #5710, .T. ) ;
#9765 = VERTEX_POINT ( 'NONE', #7763 ) ;
#9766 = EDGE_LOOP ( 'NONE', ( #8133, #1205, #4227, #675 ) ) ;
#9767 = AXIS2_PLACEMENT_3D ( 'NONE', #7158, #1155, #4190 ) ;
#9768 = CARTESIAN_POINT ( 'NONE',  ( 0.8250000000000006217, 0.1499999999999999667, 1.925000000000001377 ) ) ;
#9769 = FACE_OUTER_BOUND ( 'NONE', #7094, .T. ) ;
#9770 = DIRECTION ( 'NONE',  ( 1.000000000000000000, 0.000000000000000000, 0.000000000000000000 ) ) ;
#9771 = CARTESIAN_POINT ( 'NONE',  ( -0.4750000000000005884, 0.08999999999999999667, -1.924999999999999600 ) ) ;
#9772 = CARTESIAN_POINT ( 'NONE',  ( -0.4750000000000005884, 0.1499999999999999667, -1.619058829184431225 ) ) ;
#9774 = LINE ( 'NONE', #3770, #2724 ) ;
#9773 = DIRECTION ( 'NONE',  ( -0.000000000000000000, -1.000000000000000000, -0.000000000000000000 ) ) ;
#9775 = ORIENTED_EDGE ( 'NONE', *, *, #5301, .T. ) ;
#9776 = VERTEX_POINT ( 'NONE', #2484 ) ;
#9777 = CARTESIAN_POINT ( 'NONE',  ( -0.1750000000000006828, 0.08999999999999999667, -1.619058829184431225 ) ) ;
#9778 = ADVANCED_FACE ( 'NONE', ( #9419 ), #2630, .T. ) ;
#9779 = EDGE_CURVE ( 'NONE', #3120, #3644, #2678, .T. ) ;
#9780 = LINE ( 'NONE', #4511, #201 ) ;
#9781 = ORIENTED_EDGE ( 'NONE', *, *, #6141, .T. ) ;
#9782 = DIRECTION ( 'NONE',  ( 1.000000000000000000, 0.000000000000000000, -1.192004691317674036E-14 ) ) ;
#9783 = FACE_OUTER_BOUND ( 'NONE', #6341, .T. ) ;
#9784 = CARTESIAN_POINT ( 'NONE',  ( -0.8250000000000006217, 0.08999999999999999667, -1.999999999999999556 ) ) ;
#9785 = CARTESIAN_POINT ( 'NONE',  ( -1.100000000000000089, 0.000000000000000000, 1.199999999999999734 ) ) ;
#9786 = DIRECTION ( 'NONE',  ( 0.000000000000000000, -1.000000000000000000, 0.000000000000000000 ) ) ;
#9787 = VERTEX_POINT ( 'NONE', #7862 ) ;
#9788 = EDGE_CURVE ( 'NONE', #7826, #8331, #7129, .T. ) ;
#9789 = LINE ( 'NONE', #701, #1478 ) ;
#9790 = EDGE_CURVE ( 'NONE', #8415, #8952, #341, .T. ) ;
#9791 = EDGE_LOOP ( 'NONE', ( #6556, #7128, #5547, #582 ) ) ;
#9792 = STYLED_ITEM ( 'NONE', ( #3134 ), #5432 ) ;
#9793 = ORIENTED_EDGE ( 'NONE', *, *, #2531, .F. ) ;
#9794 = CIRCLE ( 'NONE', #6297, 0.1000000000000000472 ) ;
#9795 = LINE ( 'NONE', #2201, #4367 ) ;
#9796 = CARTESIAN_POINT ( 'NONE',  ( 2.000000000000000000, 0.08999999999999999667, 0.1749999999999923839 ) ) ;
#9797 = SURFACE_STYLE_USAGE ( .BOTH. , #7689 ) ;
#9798 = DIRECTION ( 'NONE',  ( 1.577021341797093271E-15, -0.000000000000000000, 1.000000000000000000 ) ) ;
#9799 = VECTOR ( 'NONE', #301, 1000.000000000000000 ) ;
#9800 = EDGE_CURVE ( 'NONE', #4280, #1100, #8713, .T. ) ;
#9801 = VERTEX_POINT ( 'NONE', #6237 ) ;
#9802 =( LENGTH_UNIT ( ) NAMED_UNIT ( * ) SI_UNIT ( .MILLI., .METRE. ) );
#9803 = EDGE_CURVE ( 'NONE', #9337, #7823, #4790, .T. ) ;
#9804 = ORIENTED_EDGE ( 'NONE', *, *, #5914, .T. ) ;
#9805 = AXIS2_PLACEMENT_3D ( 'NONE', #5578, #6379, #8555 ) ;
#9806 = VECTOR ( 'NONE', #5754, 1000.000000000000000 ) ;
#9807 = ORIENTED_EDGE ( 'NONE', *, *, #815, .F. ) ;
#9808 = ORIENTED_EDGE ( 'NONE', *, *, #9436, .T. ) ;
#9809 = COLOUR_RGB ( '',0.7921568627450980005, 0.8196078431372548767, 0.9333333333333333481 ) ;
#9810 = PLANE ( 'NONE',  #7171 ) ;
#9811 = AXIS2_PLACEMENT_3D ( 'NONE', #8598, #9302, #9255 ) ;
#9812 = FACE_OUTER_BOUND ( 'NONE', #7548, .T. ) ;
#9813 = DIRECTION ( 'NONE',  ( 0.000000000000000000, 0.000000000000000000, -1.000000000000000000 ) ) ;
#9814 = DIRECTION ( 'NONE',  ( 0.000000000000000000, -1.000000000000000000, 0.000000000000000000 ) ) ;
#9815 = DIRECTION ( 'NONE',  ( 0.000000000000000000, 0.000000000000000000, -1.000000000000000000 ) ) ;
#9816 = ORIENTED_EDGE ( 'NONE', *, *, #404, .T. ) ;
#9817 = EDGE_CURVE ( 'NONE', #3031, #1684, #9274, .T. ) ;
#9818 = EDGE_LOOP ( 'NONE', ( #1614, #8729, #4339, #8793, #8938, #5942 ) ) ;
#9819 = ADVANCED_FACE ( 'NONE', ( #4212 ), #6662, .T. ) ;
#9820 = ORIENTED_EDGE ( 'NONE', *, *, #8775, .T. ) ;
#9821 =( LENGTH_UNIT ( ) NAMED_UNIT ( * ) SI_UNIT ( .MILLI., .METRE. ) );
#9822 = DIRECTION ( 'NONE',  ( 0.000000000000000000, 0.000000000000000000, 1.000000000000000000 ) ) ;
#9823 = CYLINDRICAL_SURFACE ( 'NONE', #5395, 0.1499999999999999667 ) ;
#9825 = CARTESIAN_POINT ( 'NONE',  ( -1.649999999999999023, 0.6702163011671202764, 1.125000000000000000 ) ) ;
#9824 = DIRECTION ( 'NONE',  ( 0.000000000000000000, -1.000000000000000000, 0.000000000000000000 ) ) ;
#9826 = ORIENTED_EDGE ( 'NONE', *, *, #3569, .F. ) ;
#9827 = ORIENTED_EDGE ( 'NONE', *, *, #3631, .T. ) ;
#9828 = CARTESIAN_POINT ( 'NONE',  ( 1.125000000000000666, 0.08999999999999999667, 1.924999999999998046 ) ) ;
ENDSEC;
END-ISO-10303-21;
